{"v":1,"fmt":"sldr-chart-v1","id":"little-boy-boy-on-boy-mix","d":"Hard","m":8,"du":94.05,"tr":322,"ch":63,"mx":2,"of":175,"sr":[0.682261,0.5,0.195652,0.072727,0.454545],"n":"481,0,1,-1,1;481,3,1,-1,1;521,1,1,-1,0;541,0,1,-1,3;541,3,1,-1,3;581,2,1,-1,2;601,3,1,-1,0;621,0,1,-1,2;641,1,1,-1,1;641,2,1,-1,1;681,1,1,-1,0;701,0,1,-1,2;741,0,1,-1,2;761,0,1,-1,0;801,2,1,-1,0;841,1,1,-1,0;881,0,1,-1,1;881,2,1,-1,1;921,1,1,-1,1;921,3,1,-1,1;961,1,1,-1,1;961,2,1,-1,1;1021,0,1,-1,3;1021,3,1,-1,3;1061,1,1,-1,2;1081,2,1,-1,0;1101,1,1,-1,2;1121,0,1,-1,1;1121,3,1,-1,1;1161,1,1,-1,0;1181,0,1,-1,3;1181,3,1,-1,3;1221,2,1,-1,2;1241,0,1,-1,0;1261,3,1,-1,2;1281,1,1,-1,1;1281,2,1,-1,1;1321,1,1,-1,0;1341,3,1,-1,2;1381,3,1,-1,2;1401,3,1,-1,0;1442,2,1,-1,0;1462,1,1,-1,2;1482,2,1,-1,0;1522,2,1,-1,1;1522,3,1,-1,1;1562,0,1,-1,1;1562,1,1,-1,1;1602,2,1,-1,0;1622,0,1,-1,2;1642,0,1,-1,1;1642,2,1,-1,1;1682,2,1,-1,0;1702,3,1,-1,2;1722,2,1,-1,1;1722,3,1,-1,1;1762,0,1,-1,0;1782,1,1,-1,2;1802,2,1,-1,1;1802,3,1,-1,1;1842,3,1,-1,0;1862,1,1,-1,2;1882,0,1,-1,1;1882,1,1,-1,1;1922,2,1,-1,0;1942,1,1,-1,2;1962,2,1,-1,1;1962,3,1,-1,1;2002,1,1,-1,0;2022,2,1,-1,2;2042,0,1,-1,1;2042,1,1,-1,1;2082,0,1,-1,0;2102,3,1,-1,2;2122,1,1,-1,1;2122,2,1,-1,1;2162,3,1,-1,0;2182,0,1,-1,2;2202,1,1,-1,1;2202,2,1,-1,1;2242,2,1,-1,0;2262,3,1,-1,2;2282,0,1,-1,1;2282,1,1,-1,1;2322,2,1,-1,0;2342,0,1,-1,2;2362,1,1,-1,1;2362,3,1,-1,1;2402,0,1,-1,0;2422,1,1,-1,3;2422,3,1,-1,3;2442,3,1,-1,0;2482,3,1,-1,0;2502,0,1,-1,3;2502,1,1,-1,3;2522,0,1,-1,0;2562,2,1,-1,0;2582,1,1,-1,2;2602,0,1,-1,1;2602,3,1,-1,1;2642,1,1,-1,0;2662,2,1,-1,2;2682,0,1,-1,1;2682,3,1,-1,1;2722,3,1,-1,0;2742,1,1,-1,2;2762,0,1,-1,0;2782,0,1,-1,2;2802,1,1,-1,0;2822,2,1,-1,2;2842,0,1,-1,1;2842,3,1,-1,1;2882,0,1,-1,0;2902,2,1,-1,2;2922,1,1,-1,0;2942,2,1,-1,2;2962,1,1,-1,0;2982,3,1,-1,2;3002,0,1,-1,0;3022,0,1,-1,2;3042,3,1,-1,0;3062,0,1,-1,2;3082,2,1,-1,0;3102,1,1,-1,2;3122,3,1,-1,0;3142,3,1,-1,2;3182,0,1,-1,2;3202,2,1,-1,0;3222,1,1,-1,2;3242,2,1,-1,0;3262,1,1,-1,2;3282,3,1,-1,0;3302,0,1,-1,2;3322,3,1,-1,0;3342,0,1,-1,2;3362,1,1,-1,0;3382,2,1,-1,2;3402,3,1,-1,0;3422,1,1,-1,2;3443,2,1,-1,0;3463,0,1,-1,2;3483,1,1,-1,0;3503,2,1,-1,2;3523,3,1,-1,0;3543,0,1,-1,2;3563,2,1,-1,0;3583,1,1,-1,2;3603,3,1,-1,0;3623,0,1,-1,2;3643,1,1,-1,0;3663,2,1,-1,2;3683,3,1,-1,0;3703,1,1,-1,2;3723,2,1,-1,0;3743,0,1,-1,2;3763,3,1,-1,0;3783,0,1,-1,2;3803,3,1,-1,0;3823,0,1,-1,2;3843,2,1,-1,0;3863,1,1,-1,2;3883,3,1,-1,0;3903,1,1,-1,2;3923,2,1,-1,0;3943,0,1,-1,2;3963,2,1,-1,0;3983,1,1,-1,2;4003,3,1,-1,0;4023,1,1,-1,2;4043,0,1,-1,0;4063,1,1,-1,2;4083,3,1,-1,0;4123,0,1,-1,1;4123,3,1,-1,1;4163,0,1,-1,1;4163,3,2,1,1;4203,0,1,-1,0;4243,1,1,-1,0;4283,1,1,-1,0;4323,0,2,2,1;4323,3,1,-1,1;4363,2,1,-1,0;4403,1,1,-1,0;4443,1,1,-1,0;4483,2,1,-1,1;4483,3,2,3,1;4523,1,1,-1,0;4563,1,1,-1,0;4583,1,1,-1,2;4603,1,1,-1,0;4643,2,1,-1,0;4663,3,1,-1,2;4683,0,1,-1,0;4703,1,1,-1,2;4723,1,1,-1,1;4723,3,2,4,1;4763,1,1,-1,0;4803,2,1,-1,0;4823,2,1,-1,2;4843,0,1,-1,0;4863,3,1,-1,2;4883,1,1,-1,0;4903,0,1,-1,3;4903,1,1,-1,3;4923,2,1,-1,0;4943,0,1,-1,2;4963,1,1,-1,0;4983,2,1,-1,2;5003,3,1,-1,0;5023,0,1,-1,2;5043,3,2,5,0;5063,1,1,-1,2;5083,1,1,-1,0;5123,2,1,-1,1;5123,3,1,-1,1;5143,3,1,-1,2;5163,0,1,-1,0;5183,1,1,-1,2;5203,1,1,-1,1;5203,3,1,-1,1;5223,1,1,-1,2;5243,0,1,-1,0;5283,0,1,-1,0;5323,0,1,-1,0;5363,0,1,-1,0;5403,0,1,-1,0;5443,2,1,-1,0;5463,3,1,-1,2;5484,1,1,-1,0;5504,0,1,-1,3;5504,3,1,-1,3;5544,0,1,-1,3;5544,2,1,-1,3;5564,1,1,-1,0;5604,1,1,-1,0;5624,3,1,-1,2;5644,0,1,-1,0;5664,1,1,-1,3;5664,2,1,-1,3;5704,0,1,-1,3;5704,3,1,-1,3;5724,3,1,-1,0;5764,2,1,-1,0;5784,1,1,-1,2;5804,2,1,-1,0;5824,0,1,-1,3;5824,1,1,-1,3;5864,1,1,-1,3;5864,3,1,-1,3;5884,3,1,-1,0;5924,2,1,-1,0;5944,0,1,-1,2;5964,3,1,-1,0;5984,0,1,-1,2;6004,1,1,-1,0;6024,2,1,-1,2;6044,1,1,-1,0;6084,0,1,-1,0;6104,1,1,-1,2;6124,2,1,-1,0;6144,2,1,-1,3;6144,3,1,-1,3;6184,0,1,-1,3;6184,3,1,-1,3;6204,1,1,-1,0;6244,3,1,-1,0;6264,2,1,-1,2;6284,1,1,-1,0;6304,0,1,-1,3;6304,1,1,-1,3;6344,0,1,-1,3;6344,3,1,-1,3;6364,2,1,-1,0;6404,1,1,-1,0;6424,0,1,-1,2;6444,3,1,-1,0;6464,1,1,-1,3;6464,2,1,-1,3;6504,0,1,-1,3;6504,1,1,-1,3;6524,1,1,-1,0;6564,0,1,-1,0;6584,1,1,-1,2;6604,0,1,-1,0;6624,1,1,-1,2;6644,2,1,-1,0;6664,3,1,-1,2;6684,0,1,-1,1;6684,1,1,-1,1;6724,0,1,-1,0;6744,0,2,6,3;6744,3,2,7,3;6804,1,1,-1,0;6824,2,1,-1,2;6844,0,1,-1,0;6864,3,1,-1,2;6884,1,1,-1,0;6904,0,2,8,3;6904,3,2,9,3;6964,1,1,-1,0;6984,3,1,-1,2;7004,2,1,-1,0;7024,3,1,-1,2;7044,1,1,-1,0;7064,1,2,10,3;7064,2,2,11,3;7124,3,1,-1,0;7144,0,1,-1,2;7164,1,1,-1,0;7184,2,1,-1,2;7204,3,1,-1,0;7224,1,2,12,3;7224,2,2,13,3;7284,1,1,-1,0;7304,0,1,-1,2;7324,1,1,-1,0;7344,2,1,-1,2;7364,3,1,-1,0;7384,0,2,14,3;7384,3,2,15,3;7444,3,1,-1,0;7464,1,1,-1,2;7484,2,1,-1,0;7505,0,1,-1,2;7525,3,1,-1,0;7545,1,2,16,3;7545,2,2,17,3;7605,3,1,-1,0;7625,1,1,-1,2;7645,2,1,-1,0;7665,0,1,-1,2;7685,1,1,-1,0;7705,1,2,18,3;7705,2,2,19,3;7765,3,1,-1,0;7785,2,1,-1,2;7805,3,1,-1,0;7825,1,1,-1,2;7845,2,1,-1,0;7865,0,2,20,3;7865,3,2,21,3;7925,1,1,-1,0;7945,2,1,-1,2;7965,1,1,-1,0;8005,0,2,22,1;8005,3,2,23,1;8105,3,1,-1,2;8125,3,1,-1,0;8145,3,1,-1,2;8185,1,1,-1,2;8225,2,1,-1,2;8265,1,1,-1,2;8305,0,2,24,3;8305,3,2,25,3;8425,0,1,-1,2;8445,0,1,-1,0;8465,0,1,-1,2;8505,1,1,-1,2;8545,2,1,-1,2;8585,1,1,-1,2;8605,1,1,-1,0;8645,0,2,26,1;8645,2,2,27,1;8745,1,1,-1,2;8765,3,1,-1,0;8785,0,1,-1,3;8785,1,1,-1,3;8825,2,1,-1,3;8825,3,1,-1,3;8865,1,1,-1,3;8865,2,1,-1,3;8905,0,1,-1,3;8905,3,1,-1,3;8945,1,1,-1,2;8965,1,2,28,0;9065,1,1,-1,2;9085,0,1,-1,0;9105,2,1,-1,2;9145,0,1,-1,2;9165,1,1,-1,0;9185,3,1,-1,2;9205,1,1,-1,0;9225,0,1,-1,2;9245,2,1,-1,0;9265,1,1,-1,2","h":"1,3,4163,4283;2,0,4323,4443;3,3,4483,4603;4,3,4723,4763;5,3,5043,5083;6,0,6744,6784;7,3,6744,6784;8,0,6904,6944;9,3,6904,6944;10,1,7064,7104;11,2,7064,7104;12,1,7224,7264;13,2,7224,7264;14,0,7384,7424;15,3,7384,7424;16,1,7545,7585;17,2,7545,7585;18,1,7705,7745;19,2,7705,7745;20,0,7865,7905;21,3,7865,7905;23,3,8005,8085;22,0,8005,8265;24,0,8305,8405;25,3,8305,8605;26,0,8645,8725;27,2,8645,8725;28,1,8965,9045"}