{"v":1,"fmt":"sldr-chart-v1","id":"little-boy-boy-on-boy-mix","d":"Medium","m":6,"du":95.66,"tr":216,"ch":18,"mx":2,"of":105,"sr":[0.407694,0.5,0.083333,0.08547,0.448718],"n":"481,0,1,-1,1;481,3,1,-1,1;541,2,1,-1,2;601,2,1,-1,0;641,0,1,-1,1;641,3,1,-1,1;701,2,1,-1,2;761,2,1,-1,0;801,3,1,-1,0;841,0,1,-1,0;881,1,1,-1,0;921,2,1,-1,0;961,0,1,-1,1;961,3,1,-1,1;1021,1,1,-1,2;1081,1,1,-1,0;1121,0,1,-1,1;1121,3,1,-1,1;1181,1,1,-1,2;1241,1,1,-1,0;1281,0,1,-1,1;1281,3,1,-1,1;1341,1,1,-1,2;1401,1,1,-1,0;1442,3,1,-1,0;1482,0,1,-1,0;1522,2,1,-1,0;1562,1,1,-1,0;1602,2,2,1,0;1702,0,1,-1,2;1742,0,1,-1,2;1782,3,1,-1,2;1822,0,1,-1,2;1862,1,1,-1,2;1902,2,2,2,2;2042,2,2,3,0;2062,1,1,-1,2;2102,3,1,-1,2;2142,0,1,-1,2;2182,1,1,-1,2;2202,1,1,-1,0;2242,0,2,4,0;2282,3,1,-1,0;2322,3,1,-1,0;2362,3,1,-1,0;2402,2,2,5,0;2442,1,1,-1,0;2482,1,1,-1,0;2522,1,1,-1,0;2562,1,2,6,0;2602,2,1,-1,0;2642,2,1,-1,0;2682,2,1,-1,0;2722,0,1,-1,0;2762,3,1,-1,0;2802,1,1,-1,0;2842,0,1,-1,0;2882,2,1,-1,0;2902,0,1,-1,2;2942,1,1,-1,2;2962,2,1,-1,0;2982,3,1,-1,2;3022,0,1,-1,2;3042,3,1,-1,0;3062,0,1,-1,2;3102,2,1,-1,2;3142,1,1,-1,2;3182,0,1,-1,2;3202,1,1,-1,0;3222,0,1,-1,2;3262,3,1,-1,2;3282,1,1,-1,0;3302,3,1,-1,2;3342,0,1,-1,2;3362,3,1,-1,0;3382,0,1,-1,2;3422,2,1,-1,2;3463,1,1,-1,2;3503,0,1,-1,2;3523,2,1,-1,0;3543,0,1,-1,2;3583,1,1,-1,2;3603,2,1,-1,0;3623,3,1,-1,2;3663,0,1,-1,2;3683,3,1,-1,0;3703,0,1,-1,2;3743,2,1,-1,2;3783,1,1,-1,2;3823,0,1,-1,2;3843,1,1,-1,0;3863,0,1,-1,2;3903,3,1,-1,2;3923,1,1,-1,0;3943,3,1,-1,2;3983,0,1,-1,2;4003,3,1,-1,0;4023,0,1,-1,2;4063,2,1,-1,2;4103,1,1,-1,2;4163,0,1,-1,0;4183,1,1,-1,2;4203,3,1,-1,0;4243,3,1,-1,0;4263,1,1,-1,2;4283,0,1,-1,0;4323,2,1,-1,0;4343,0,1,-1,2;4363,1,1,-1,0;4403,1,1,-1,0;4423,0,1,-1,2;4443,2,1,-1,0;4483,0,1,-1,0;4503,3,1,-1,2;4523,1,1,-1,0;4563,1,1,-1,0;4583,3,1,-1,2;4603,0,1,-1,0;4643,0,1,-1,0;4663,1,1,-1,2;4683,2,1,-1,0;4723,2,1,-1,0;4743,1,1,-1,2;4763,0,1,-1,0;4803,3,1,-1,0;4823,0,1,-1,2;4843,1,1,-1,0;4863,2,1,-1,2;4883,3,1,-1,0;4923,1,1,-1,0;4963,0,1,-1,0;4983,3,1,-1,2;5003,1,1,-1,0;5023,2,1,-1,2;5043,0,1,-1,0;5083,1,1,-1,0;5123,0,1,-1,1;5123,1,1,-1,1;5163,1,1,-1,1;5163,3,1,-1,1;5203,2,1,-1,1;5203,3,1,-1,1;5243,0,1,-1,1;5243,2,1,-1,1;5283,2,1,-1,0;5303,0,1,-1,2;5323,3,1,-1,0;5343,1,1,-1,2;5363,2,1,-1,0;5403,0,1,-1,1;5403,3,1,-1,1;5443,0,1,-1,0;5504,0,1,-1,2;5544,1,1,-1,2;5604,3,1,-1,0;5664,3,1,-1,2;5704,1,1,-1,2;5764,2,1,-1,0;5824,2,1,-1,2;5864,1,1,-1,2;5924,2,1,-1,1;5924,3,1,-1,1;5964,0,1,-1,1;5964,2,1,-1,1;6004,1,1,-1,1;6004,3,1,-1,1;6044,0,1,-1,1;6044,1,1,-1,1;6084,3,1,-1,0;6144,3,1,-1,2;6184,1,1,-1,2;6244,0,1,-1,0;6304,0,1,-1,2;6344,1,1,-1,2;6404,2,1,-1,0;6464,2,1,-1,2;6504,1,1,-1,2;6524,1,1,-1,0;6564,0,1,-1,1;6564,3,1,-1,1;6604,1,1,-1,1;6604,2,1,-1,1;6644,0,1,-1,0;6664,1,1,-1,2;6684,3,1,-1,0;6724,0,2,7,1;6724,3,1,-1,1;6824,1,1,-1,2;6844,1,1,-1,0;6864,1,1,-1,2;6904,3,1,-1,2;6944,1,1,-1,2;6984,3,1,-1,2;7024,0,1,-1,3;7024,3,2,8,3;7144,1,1,-1,2;7164,1,1,-1,0;7184,1,1,-1,2;7224,0,1,-1,2;7264,1,1,-1,2;7304,0,1,-1,2;7324,0,1,-1,0;7364,2,2,9,0;7464,1,1,-1,2;7484,1,1,-1,0;7505,1,1,-1,2;7545,3,1,-1,2;7585,0,1,-1,2;7625,3,1,-1,2;7665,0,1,-1,2;7685,3,2,10,0;7785,1,1,-1,2;7805,1,1,-1,0;7825,1,1,-1,2;7865,0,1,-1,2;7905,1,1,-1,2;7945,3,1,-1,2;7985,1,1,-1,2;8025,3,1,-1,2;8045,0,2,11,0;8185,1,1,-1,2;8205,2,2,12,0;8345,3,1,-1,2;8365,0,2,13,0;8505,2,1,-1,2;8525,1,2,14,0;8665,3,2,15,2;8685,2,2,16,0;8825,1,1,-1,2;8845,0,2,17,0;8985,3,2,18,2;9005,1,2,19,0;9145,1,1,-1,2;9165,2,2,20,0","h":"1,2,1602,1702;2,2,1902,2002;3,2,2042,2202;4,0,2242,2362;5,2,2402,2522;6,1,2562,2682;7,0,6724,6984;8,3,7024,7304;9,2,7364,7464;10,3,7685,7785;11,0,8045,8185;12,2,8205,8345;13,0,8365,8505;14,1,8525,8665;16,2,8685,8805;15,3,8665,8805;17,0,8845,8965;19,1,9005,9125;18,3,8985,9125;20,2,9165,9305"}