{"v":1,"fmt":"sldr-chart-v1","id":"japan-from-nonstop-megamix","d":"Challenge","m":9,"du":91.68,"tr":279,"ch":54,"mx":2,"of":40,"sr":[0.605366,0.5,0.193548,0.012012,0.12012],"n":"401,2,1,-1,0;435,0,1,-1,0;468,3,1,-1,0;501,2,1,-1,0;535,2,1,-1,0;568,3,1,-1,0;601,0,1,-1,0;635,2,1,-1,0;668,1,1,-1,1;668,3,1,-1,1;690,3,1,-1,2;701,1,1,-1,0;724,0,1,-1,2;735,1,1,-1,0;757,0,1,-1,2;768,1,1,-1,0;790,3,1,-1,2;801,1,1,-1,0;824,3,1,-1,2;835,1,1,-1,0;857,0,1,-1,2;868,1,1,-1,0;890,0,1,-1,2;901,1,1,-1,0;935,2,1,-1,0;968,0,1,-1,0;1001,3,1,-1,0;1035,2,1,-1,0;1068,2,1,-1,0;1101,3,1,-1,0;1135,0,1,-1,0;1168,2,1,-1,0;1201,1,1,-1,1;1201,3,1,-1,1;1224,3,1,-1,2;1235,1,1,-1,0;1257,0,1,-1,2;1268,1,1,-1,0;1290,0,1,-1,2;1301,1,1,-1,0;1324,3,1,-1,2;1335,1,1,-1,0;1357,3,1,-1,2;1368,1,1,-1,0;1390,0,1,-1,2;1401,1,1,-1,0;1424,0,1,-1,2;1435,1,1,-1,0;1468,2,1,-1,0;1485,0,1,-1,2;1501,1,1,-1,0;1535,3,1,-1,0;1568,1,1,-1,1;1568,3,1,-1,1;1601,2,1,-1,0;1618,3,1,-1,2;1635,1,1,-1,0;1668,0,1,-1,1;1668,1,1,-1,1;1701,0,1,-1,1;1701,1,1,-1,1;1735,2,1,-1,0;1751,0,1,-1,2;1768,1,1,-1,0;1801,3,1,-1,0;1835,1,1,-1,1;1835,3,1,-1,1;1868,2,1,-1,0;1885,3,1,-1,2;1901,1,1,-1,0;1935,0,1,-1,1;1935,1,1,-1,1;1968,0,1,-1,1;1968,1,1,-1,1;2001,2,1,-1,0;2018,0,1,-1,2;2035,1,1,-1,0;2068,3,1,-1,0;2101,1,1,-1,1;2101,3,1,-1,1;2135,2,1,-1,0;2168,0,1,-1,0;2201,3,1,-1,0;2235,2,1,-1,0;2268,2,1,-1,0;2285,3,1,-1,2;2301,1,1,-1,0;2335,0,1,-1,1;2335,1,1,-1,1;2368,0,1,-1,1;2368,1,1,-1,1;2401,2,1,-1,0;2435,3,1,-1,0;2468,0,1,-1,0;2501,2,1,-1,0;2535,1,1,-1,1;2535,3,1,-1,1;2557,0,1,-1,2;2568,1,1,-1,0;2590,3,1,-1,2;2601,1,1,-1,0;2624,0,1,-1,2;2635,1,1,-1,0;2668,2,1,-1,0;2701,3,1,-1,0;2735,0,1,-1,0;2768,2,1,-1,0;2801,0,1,-1,1;2801,3,1,-1,1;2824,0,1,-1,2;2835,3,1,-1,0;2857,3,1,-1,2;2868,0,1,-1,0;2890,0,1,-1,2;2901,3,1,-1,0;2935,2,1,-1,0;2968,3,1,-1,0;3001,0,1,-1,0;3035,2,1,-1,0;3068,2,1,-1,0;3085,1,1,-1,2;3101,3,1,-1,0;3135,0,1,-1,1;3135,1,1,-1,1;3201,2,1,-1,0;3218,1,1,-1,2;3235,0,1,-1,0;3268,1,1,-1,1;3268,3,1,-1,1;3335,2,1,-1,0;3351,1,1,-1,2;3368,3,1,-1,0;3401,0,1,-1,1;3401,1,1,-1,1;3468,2,1,-1,0;3485,1,1,-1,2;3501,0,1,-1,0;3535,1,1,-1,1;3535,3,1,-1,1;3601,2,1,-1,0;3635,1,1,-1,1;3635,3,1,-1,1;3668,2,1,-1,0;3701,0,1,-1,1;3701,1,1,-1,1;3735,2,1,-1,0;3768,1,1,-1,1;3768,3,1,-1,1;3801,2,1,-1,0;3835,0,1,-1,1;3835,1,1,-1,1;3868,2,1,-1,0;3901,1,1,-1,1;3901,3,1,-1,1;3935,2,1,-1,0;3968,0,1,-1,1;3968,1,1,-1,1;4001,2,1,-1,0;4035,1,1,-1,1;4035,3,1,-1,1;4068,0,1,-1,1;4068,1,1,-1,1;4101,1,1,-1,1;4101,3,1,-1,1;4135,0,1,-1,1;4135,3,1,-1,1;4168,1,1,-1,0;4190,3,1,-1,2;4201,1,1,-1,0;4224,3,1,-1,2;4257,0,1,-1,3;4257,3,1,-1,3;4290,0,1,-1,2;4301,1,1,-1,0;4324,0,1,-1,2;4335,1,1,-1,0;4368,0,1,-1,1;4368,3,1,-1,1;4401,2,1,-1,0;4435,3,1,-1,0;4468,0,1,-1,0;4501,2,1,-1,0;4535,2,1,-1,0;4568,0,1,-1,0;4601,3,1,-1,0;4635,2,1,-1,0;4668,2,1,-1,0;4701,3,1,-1,0;4735,0,1,-1,0;4768,2,1,-1,0;4801,2,1,-1,0;4835,0,1,-1,0;4868,3,1,-1,0;4901,2,1,-1,0;4935,0,1,-1,1;4935,1,1,-1,1;4968,1,1,-1,1;4968,3,1,-1,1;5001,0,1,-1,1;5001,1,1,-1,1;5035,1,1,-1,1;5035,3,1,-1,1;5068,0,2,1,1;5068,3,2,2,1;5468,2,1,-1,1;5468,3,1,-1,1;5501,0,1,-1,0;5535,1,1,-1,0;5568,0,1,-1,1;5568,1,1,-1,1;5601,3,1,-1,0;5635,0,1,-1,1;5635,3,1,-1,1;5668,1,1,-1,0;5701,3,1,-1,0;5735,2,1,-1,0;5768,3,1,-1,0;5801,0,1,-1,0;5835,2,1,-1,0;5868,2,1,-1,0;5901,0,1,-1,0;5935,3,1,-1,0;5968,2,1,-1,0;6001,0,1,-1,1;6001,1,1,-1,1;6035,2,1,-1,0;6068,1,1,-1,0;6101,0,1,-1,1;6101,1,1,-1,1;6135,0,1,-1,0;6168,0,1,-1,1;6168,3,1,-1,1;6201,0,1,-1,0;6235,2,1,-1,0;6268,2,1,-1,0;6301,0,1,-1,0;6335,3,1,-1,0;6368,2,1,-1,0;6401,2,1,-1,0;6435,3,1,-1,0;6468,0,1,-1,0;6501,2,1,-1,0;6535,0,1,-1,1;6535,3,1,-1,1;6568,2,1,-1,0;6601,1,1,-1,0;6635,0,1,-1,1;6635,3,1,-1,1;6668,0,1,-1,0;6701,0,1,-1,1;6701,3,1,-1,1;6735,3,1,-1,0;6768,1,1,-1,0;6801,1,1,-1,1;6801,3,1,-1,1;6835,0,1,-1,0;6868,0,1,-1,1;6868,1,1,-1,1;6901,3,1,-1,0;6935,2,1,-1,0;6968,3,1,-1,0;7001,0,1,-1,0;7035,2,1,-1,0;7068,2,1,-1,0;7101,0,1,-1,1;7101,1,1,-1,1;7135,3,1,-1,0;7168,0,1,-1,1;7168,1,1,-1,1;7201,1,1,-1,0;7235,0,1,-1,1;7235,1,1,-1,1;7268,0,1,-1,0;7301,0,1,-1,1;7301,1,1,-1,1;7335,2,1,-1,0;7368,1,1,-1,1;7368,3,1,-1,1;7401,0,1,-1,0;7435,1,1,-1,1;7435,3,1,-1,1;7468,1,1,-1,0;7501,1,1,-1,1;7501,3,1,-1,1;7535,3,1,-1,0;7568,1,1,-1,1;7568,3,1,-1,1;7601,0,1,-1,0;7635,0,1,-1,0;7668,3,1,-1,0;7685,1,1,-1,2;7701,0,1,-1,0;7735,3,1,-1,0;7768,3,1,-1,0;7801,0,1,-1,0;7818,1,1,-1,2;7835,3,1,-1,0;7868,0,1,-1,0;7901,0,1,-1,0;7935,3,1,-1,0;7951,1,1,-1,2;7968,0,1,-1,0;8001,3,1,-1,0;8035,3,1,-1,0;8068,0,1,-1,0;8085,1,1,-1,2;8101,3,1,-1,0;8135,0,1,-1,0;8168,2,1,-1,0;8201,1,1,-1,0;8235,2,1,-1,0;8268,1,1,-1,0;8301,2,1,-1,0;8335,1,1,-1,0;8368,3,1,-1,0;8401,0,1,-1,0;8435,2,1,-1,0;8468,1,1,-1,0;8501,2,1,-1,0;8535,1,1,-1,0;8568,3,1,-1,0;8601,0,1,-1,0;8635,3,1,-1,0;8668,0,2,3,0;8701,3,1,-1,0;8735,2,1,-1,0;8768,1,1,-1,0;8801,3,2,4,0;8835,0,1,-1,0;8868,2,1,-1,0;8901,1,1,-1,0;8935,0,1,-1,1;8935,3,1,-1,1","h":"1,0,5068,5435;2,3,5068,5435;3,0,8668,8768;4,3,8801,8901"}