{"v":1,"fmt":"sldr-chart-v1","id":"a-minute-extended-mix","d":"Hard","m":7,"du":91.41,"tr":258,"ch":29,"mx":2,"of":98,"sr":[0.523283,0.5,0.112403,0.090592,0.341463],"n":"750,0,2,1,0;844,2,1,-1,0;867,2,1,-1,2;891,0,2,2,0;984,3,1,-1,0;1008,3,1,-1,2;1031,0,1,-1,0;1055,0,1,-1,2;1078,1,2,3,0;1102,2,1,-1,2;1125,2,2,4,0;1219,3,1,-1,0;1242,3,1,-1,2;1266,1,2,5,0;1359,2,1,-1,0;1383,2,1,-1,2;1406,0,1,-1,0;1430,0,1,-1,2;1453,3,1,-1,0;1500,0,2,6,1;1500,3,2,7,1;1594,0,1,-1,1;1594,3,1,-1,1;1617,0,1,-1,3;1617,3,1,-1,3;1641,1,2,8,0;1734,3,1,-1,0;1758,2,1,-1,2;1781,3,1,-1,0;1805,0,1,-1,2;1828,1,1,-1,0;1875,2,1,-1,0;1898,3,1,-1,2;1922,1,1,-1,0;1945,3,1,-1,2;1969,0,1,-1,0;1992,1,1,-1,2;2016,0,1,-1,0;2039,3,1,-1,2;2062,2,1,-1,0;2086,2,1,-1,2;2109,0,1,-1,0;2133,0,1,-1,2;2156,1,1,-1,0;2180,1,1,-1,2;2203,0,1,-1,1;2203,3,1,-1,1;2250,3,1,-1,0;2273,3,1,-1,2;2297,0,1,-1,0;2320,0,1,-1,2;2344,2,1,-1,0;2367,0,1,-1,2;2391,1,1,-1,0;2438,2,1,-1,0;2484,0,1,-1,1;2484,3,1,-1,1;2531,3,2,9,0;2578,0,2,10,0;2625,2,1,-1,0;2648,0,1,-1,2;2672,1,1,-1,0;2719,2,1,-1,0;2742,3,1,-1,2;2766,1,1,-1,0;2812,2,1,-1,0;2836,0,1,-1,2;2859,3,1,-1,0;2883,1,1,-1,2;2906,2,1,-1,0;2930,0,1,-1,2;2953,3,1,-1,0;3000,2,1,-1,0;3047,1,1,-1,1;3047,2,1,-1,1;3094,2,2,11,0;3141,1,2,12,0;3234,1,1,-1,0;3258,3,1,-1,2;3281,0,1,-1,0;3305,3,1,-1,2;3328,1,1,-1,0;3375,0,1,-1,0;3398,1,1,-1,2;3422,3,1,-1,0;3469,3,1,-1,0;3492,1,1,-1,2;3516,0,1,-1,0;3562,3,1,-1,0;3586,1,1,-1,2;3609,0,1,-1,0;3633,1,1,-1,2;3656,3,1,-1,0;3680,1,1,-1,2;3703,0,1,-1,0;3750,0,1,-1,0;3773,2,1,-1,2;3797,1,1,-1,0;3820,3,1,-1,2;3844,2,1,-1,0;3867,3,1,-1,2;3891,0,1,-1,0;3914,0,1,-1,2;3938,3,1,-1,0;3961,3,1,-1,2;3984,0,1,-1,0;4008,1,1,-1,2;4031,3,1,-1,0;4055,0,1,-1,2;4078,1,1,-1,0;4125,2,1,-1,1;4125,3,1,-1,1;4148,0,1,-1,2;4172,1,1,-1,1;4172,3,1,-1,1;4219,0,1,-1,1;4219,2,1,-1,1;4242,3,1,-1,2;4266,0,1,-1,1;4266,1,1,-1,1;4312,1,1,-1,0;4336,0,1,-1,2;4359,1,1,-1,0;4383,3,1,-1,2;4406,0,1,-1,1;4406,1,1,-1,1;4453,1,1,-1,1;4453,3,1,-1,1;4500,3,1,-1,0;4523,2,1,-1,2;4547,1,1,-1,0;4570,0,1,-1,2;4594,1,1,-1,0;4617,0,1,-1,2;4641,3,1,-1,0;4664,3,1,-1,2;4688,0,1,-1,0;4711,0,1,-1,2;4734,3,1,-1,0;4758,0,1,-1,2;4781,1,1,-1,0;4805,3,1,-1,2;4828,0,1,-1,0;4875,2,1,-1,1;4875,3,1,-1,1;4922,0,1,-1,1;4922,3,1,-1,1;4969,0,1,-1,1;4969,1,1,-1,1;5016,2,1,-1,0;5039,0,1,-1,3;5039,3,1,-1,3;5086,1,1,-1,3;5086,3,1,-1,3;5133,1,1,-1,2;5156,1,1,-1,1;5156,3,1,-1,1;5203,0,1,-1,1;5203,1,1,-1,1;5250,3,1,-1,0;5273,3,1,-1,2;5297,0,1,-1,0;5320,0,1,-1,2;5344,1,1,-1,0;5367,0,1,-1,2;5391,2,1,-1,0;5484,0,1,-1,1;5484,3,1,-1,1;5531,3,2,13,0;5578,0,2,14,0;5625,1,1,-1,0;5648,0,1,-1,2;5672,2,1,-1,0;5719,1,1,-1,0;5742,3,1,-1,2;5766,2,1,-1,0;5812,1,1,-1,0;5836,0,1,-1,2;5859,3,1,-1,0;5883,2,1,-1,2;5906,1,1,-1,0;5930,0,1,-1,2;5953,3,1,-1,0;6047,1,1,-1,1;6047,2,1,-1,1;6094,1,2,15,0;6141,2,2,16,0;6234,2,1,-1,0;6258,3,1,-1,2;6281,0,1,-1,0;6305,3,1,-1,2;6328,2,1,-1,0;6375,0,1,-1,0;6398,1,1,-1,2;6422,3,1,-1,0;6469,3,1,-1,0;6492,1,1,-1,2;6516,0,1,-1,0;6562,3,1,-1,0;6586,1,1,-1,2;6609,0,1,-1,0;6633,1,1,-1,2;6656,3,1,-1,0;6680,1,1,-1,2;6703,0,1,-1,0;6727,3,1,-1,2;6750,1,1,-1,0;6773,1,1,-1,2;6797,3,1,-1,0;6820,3,1,-1,2;6844,0,1,-1,0;6867,3,1,-1,2;6891,1,1,-1,0;6938,3,1,-1,0;6961,0,1,-1,2;6984,2,1,-1,0;7008,0,1,-1,2;7031,3,1,-1,0;7078,0,1,-1,1;7078,3,1,-1,1;7125,0,2,17,0;7148,1,1,-1,2;7172,1,1,-1,0;7219,3,2,18,0;7242,2,1,-1,2;7266,2,1,-1,0;7312,0,2,19,0;7336,1,1,-1,2;7359,1,1,-1,0;7406,3,2,20,0;7430,2,1,-1,2;7453,2,1,-1,0;7500,0,2,21,0;7547,3,2,22,0;7594,2,2,23,0;7641,1,2,24,0;7781,1,1,-1,1;7781,2,1,-1,1;7828,0,1,-1,1;7828,3,1,-1,1;7875,3,1,-1,0;7898,1,1,-1,2;7922,1,1,-1,0;7969,0,1,-1,0;7992,1,1,-1,2;8016,1,1,-1,0;8062,3,1,-1,0;8086,2,1,-1,2;8109,1,1,-1,0;8133,0,1,-1,2;8156,0,1,-1,0;8180,1,1,-1,2;8203,3,1,-1,0;8250,2,1,-1,0;8273,0,1,-1,2;8297,3,1,-1,0;8320,0,1,-1,2;8344,3,1,-1,0;8367,0,1,-1,2;8391,1,1,-1,0;8414,2,1,-1,2;8438,3,1,-1,0;8461,0,1,-1,2;8484,3,1,-1,0;8508,0,1,-1,2;8531,2,1,-1,1;8531,3,1,-1,1;8578,0,1,-1,1;8578,1,1,-1,1;8625,1,1,-1,0;8648,3,1,-1,2;8672,0,1,-1,0;8695,3,1,-1,2;8719,0,1,-1,0;8742,3,1,-1,2;8766,2,1,-1,0;8789,1,1,-1,2;8812,0,1,-1,0;8836,3,1,-1,2;8859,0,1,-1,0;8883,3,1,-1,2;8906,0,1,-1,1;8906,1,1,-1,1;8953,2,1,-1,1;8953,3,1,-1,1;9000,0,2,25,1;9000,3,2,26,1","h":"1,0,750,797;2,0,891,938;3,1,1078,1125;4,2,1125,1172;5,1,1266,1312;6,0,1500,1547;7,3,1500,1547;8,1,1641,1688;9,3,2531,2578;10,0,2578,2625;11,2,3094,3141;12,1,3141,3188;13,3,5531,5578;14,0,5578,5625;15,1,6094,6141;16,2,6141,6188;17,0,7125,7172;18,3,7219,7266;19,0,7312,7359;20,3,7406,7453;21,0,7500,7547;22,3,7547,7594;23,2,7594,7641;24,1,7641,7734;25,0,9000,9141;26,3,9000,9141"}