{"v":1,"fmt":"sldr-chart-v1","id":"a-minute-extended-mix","d":"Medium","m":4,"du":91.41,"tr":180,"ch":24,"mx":2,"of":32,"sr":[0.371951,0.5,0.133333,0.058824,0.156863],"n":"797,3,1,-1,0;891,0,1,-1,0;984,2,1,-1,0;1078,2,1,-1,0;1172,1,1,-1,0;1266,1,1,-1,0;1359,2,1,-1,0;1453,1,1,-1,0;1500,0,2,1,1;1500,3,2,2,1;1734,3,1,-1,0;1828,3,1,-1,0;1922,0,1,-1,0;2016,0,1,-1,0;2062,2,1,-1,0;2109,0,1,-1,0;2156,3,1,-1,0;2203,1,1,-1,0;2250,3,1,-1,0;2297,0,1,-1,0;2344,3,1,-1,0;2367,0,1,-1,2;2391,3,1,-1,0;2484,0,1,-1,1;2484,3,1,-1,1;2578,0,1,-1,1;2578,3,1,-1,1;2625,3,1,-1,0;2648,1,1,-1,2;2672,3,1,-1,0;2719,0,1,-1,0;2742,2,1,-1,2;2766,0,1,-1,0;2812,3,1,-1,0;2836,2,1,-1,2;2859,3,1,-1,0;2906,0,1,-1,0;2930,1,1,-1,2;2953,0,1,-1,0;3000,0,1,-1,0;3047,3,1,-1,0;3094,0,1,-1,0;3117,3,1,-1,2;3141,0,1,-1,0;3234,0,1,-1,1;3234,3,1,-1,1;3328,0,1,-1,1;3328,3,1,-1,1;3375,3,1,-1,0;3398,2,1,-1,2;3422,3,1,-1,0;3469,0,1,-1,0;3492,1,1,-1,2;3516,0,1,-1,0;3562,3,1,-1,0;3586,1,1,-1,2;3609,3,1,-1,0;3656,0,1,-1,0;3680,2,1,-1,2;3703,0,1,-1,0;3750,0,1,-1,1;3750,2,1,-1,1;3797,1,1,-1,1;3797,3,1,-1,1;3891,0,1,-1,1;3891,3,1,-1,1;3938,2,2,3,0;3984,0,1,-1,0;4031,3,1,-1,0;4078,1,1,-1,0;4125,3,1,-1,0;4148,0,1,-1,2;4172,1,1,-1,0;4219,0,1,-1,0;4242,3,1,-1,2;4266,2,1,-1,0;4312,3,2,4,0;4359,1,1,-1,0;4406,0,2,5,0;4453,1,1,-1,0;4500,2,1,-1,1;4500,3,1,-1,1;4547,0,1,-1,1;4547,1,1,-1,1;4641,0,1,-1,1;4641,3,1,-1,1;4688,1,2,6,0;4734,2,1,-1,0;4781,3,1,-1,0;4828,0,1,-1,0;4875,3,1,-1,0;4922,1,1,-1,0;4969,0,1,-1,0;5016,1,1,-1,0;5062,3,2,7,0;5109,0,2,8,0;5156,2,2,9,0;5203,1,2,10,0;5250,3,1,-1,0;5297,0,1,-1,0;5344,3,1,-1,0;5367,0,1,-1,2;5391,3,1,-1,0;5484,0,1,-1,1;5484,3,1,-1,1;5578,1,1,-1,1;5578,2,1,-1,1;5625,2,1,-1,0;5648,0,1,-1,2;5672,2,1,-1,0;5719,1,1,-1,0;5742,3,1,-1,2;5766,1,1,-1,0;5812,0,1,-1,0;5836,2,1,-1,2;5859,0,1,-1,0;5906,3,1,-1,0;5930,1,1,-1,2;5953,3,1,-1,0;6000,0,1,-1,0;6047,3,1,-1,0;6094,0,1,-1,0;6117,3,1,-1,2;6141,0,1,-1,0;6234,1,1,-1,1;6234,2,1,-1,1;6328,0,1,-1,1;6328,3,1,-1,1;6375,0,1,-1,0;6398,0,1,-1,2;6422,1,1,-1,0;6469,2,1,-1,0;6492,2,1,-1,2;6516,3,1,-1,0;6562,3,1,-1,0;6586,3,1,-1,2;6609,2,1,-1,0;6656,1,1,-1,0;6680,1,1,-1,2;6703,0,1,-1,0;6750,0,1,-1,0;6797,3,1,-1,0;6844,0,1,-1,0;6867,3,1,-1,2;6891,0,1,-1,0;6984,1,1,-1,1;6984,2,1,-1,1;7078,0,1,-1,1;7078,3,1,-1,1;7125,2,1,-1,0;7148,3,1,-1,2;7172,2,1,-1,0;7219,1,1,-1,0;7242,0,1,-1,2;7266,1,1,-1,0;7312,3,1,-1,0;7336,2,1,-1,2;7359,3,1,-1,0;7406,0,1,-1,0;7430,1,1,-1,2;7453,0,1,-1,0;7500,3,1,-1,0;7547,0,1,-1,0;7594,3,1,-1,0;7617,0,1,-1,2;7641,3,1,-1,0;7734,0,1,-1,1;7734,3,1,-1,1;7828,1,1,-1,1;7828,2,1,-1,1;7875,3,1,-1,0;7898,3,1,-1,2;7922,2,1,-1,0;7969,1,1,-1,0;7992,1,1,-1,2;8016,0,1,-1,0;8062,0,1,-1,0;8086,0,1,-1,2;8109,1,1,-1,0;8156,2,1,-1,0;8180,2,1,-1,2;8203,3,1,-1,0;8250,3,1,-1,0;8297,3,1,-1,0;8344,0,1,-1,0;8391,0,1,-1,0;8438,3,1,-1,0;8484,0,1,-1,0;8531,1,1,-1,1;8531,3,1,-1,1;8578,0,1,-1,1;8578,1,1,-1,1;8625,0,1,-1,0;8672,0,1,-1,0;8719,3,1,-1,0;8766,3,1,-1,0;8812,0,1,-1,0;8859,3,1,-1,0;8906,0,1,-1,1;8906,2,1,-1,1;8953,2,1,-1,1;8953,3,1,-1,1;9000,0,2,11,1;9000,3,2,12,1","h":"1,0,1500,1641;2,3,1500,1641;3,2,3938,4078;4,3,4312,4359;5,0,4406,4453;6,1,4688,4828;7,3,5062,5109;8,0,5109,5156;9,2,5156,5203;10,1,5203,5250;11,0,9000,9141;12,3,9000,9141"}