{"v":1,"fmt":"sldr-chart-v1","id":"secret-rendez-vous","d":"Hard","m":12,"du":99.79,"tr":237,"ch":33,"mx":2,"of":156,"sr":[0.450947,0.5,0.139241,0.051852,0.577778],"n":"1224,0,1,-1,0;1255,2,1,-1,2;1270,0,1,-1,2;1285,2,1,-1,0;1316,1,1,-1,2;1347,3,1,-1,0;1362,2,1,-1,2;1377,3,1,-1,2;1438,0,1,-1,2;1469,3,1,-1,0;1500,2,1,-1,2;1515,3,1,-1,2;1530,2,1,-1,0;1561,1,1,-1,2;1592,0,1,-1,0;1607,2,1,-1,2;1622,0,1,-1,2;1653,3,1,-1,0;1683,0,1,-1,2;1714,2,1,-1,0;1745,0,1,-1,2;1760,1,1,-1,2;1775,0,1,-1,0;1791,1,1,-1,2;1821,2,1,-1,2;1836,3,1,-1,0;1852,2,1,-1,2;1867,3,1,-1,2;1913,0,1,-1,2;1928,3,1,-1,2;1944,0,1,-1,2;1959,1,1,-1,0;1974,0,1,-1,2;2005,3,1,-1,2;2035,2,1,-1,2;2066,1,1,-1,2;2097,0,1,-1,2;2127,3,1,-1,2;2158,0,1,-1,3;2158,3,1,-1,3;2204,0,1,-1,0;2234,1,1,-1,2;2250,0,1,-1,2;2265,1,1,-1,0;2296,2,1,-1,2;2311,3,1,-1,2;2326,2,1,-1,0;2342,3,1,-1,2;2357,1,1,-1,2;2418,2,1,-1,2;2449,0,1,-1,0;2479,3,1,-1,2;2495,1,1,-1,2;2510,3,1,-1,0;2540,1,1,-1,2;2571,2,1,-1,0;2586,0,1,-1,2;2602,2,1,-1,2;2632,1,1,-1,0;2663,3,1,-1,2;2694,2,1,-1,0;2724,3,1,-1,2;2739,0,1,-1,2;2755,1,1,-1,0;2770,0,1,-1,2;2785,2,1,-1,2;2801,0,1,-1,2;2831,3,1,-1,2;2847,1,1,-1,2;2893,3,1,-1,2;2908,1,1,-1,2;2923,0,1,-1,2;2938,1,1,-1,0;2954,3,1,-1,2;2984,0,1,-1,2;3015,1,1,-1,2;3046,2,1,-1,2;3076,3,1,-1,2;3107,0,1,-1,2;3137,0,1,-1,3;3137,3,1,-1,3;3183,1,1,-1,1;3183,2,1,-1,1;3229,0,1,-1,3;3229,3,1,-1,3;3275,0,1,-1,2;3306,1,1,-1,0;3336,2,1,-1,2;3367,3,1,-1,0;3398,0,1,-1,2;3428,0,1,-1,1;3428,1,1,-1,1;3474,1,1,-1,3;3474,2,1,-1,3;3520,2,1,-1,3;3520,3,1,-1,3;3581,0,1,-1,2;3612,3,1,-1,0;3642,2,1,-1,2;3673,1,1,-1,1;3673,3,1,-1,1;3734,1,1,-1,1;3734,2,1,-1,1;3765,0,1,-1,2;3826,0,1,-1,3;3826,3,1,-1,3;3887,3,1,-1,2;3918,2,1,-1,0;3949,1,1,-1,2;3979,0,1,-1,0;4010,0,1,-1,3;4010,3,1,-1,3;4071,0,1,-1,3;4071,3,1,-1,3;4102,2,1,-1,0;4163,0,2,1,1;4163,3,1,-1,1;4239,3,1,-1,2;4270,3,1,-1,2;4301,3,1,-1,2;4408,0,1,-1,1;4408,3,2,2,1;4484,0,1,-1,2;4515,0,1,-1,2;4546,0,1,-1,2;4653,3,1,-1,0;4683,2,1,-1,2;4699,1,1,-1,2;4729,0,1,-1,2;4744,1,1,-1,2;4760,0,1,-1,2;4775,2,1,-1,0;4806,1,1,-1,2;4821,3,1,-1,2;4852,1,1,-1,2;4867,2,1,-1,2;4882,0,1,-1,2;4898,1,1,-1,0;4959,1,1,-1,1;4959,3,1,-1,1;4989,0,1,-1,2;5020,0,1,-1,1;5020,1,1,-1,1;5051,3,1,-1,2;5081,2,1,-1,1;5081,3,1,-1,1;5142,0,1,-1,1;5142,3,2,3,1;5219,0,1,-1,2;5250,0,1,-1,2;5280,0,1,-1,2;5387,0,2,4,1;5387,3,1,-1,1;5464,3,1,-1,2;5494,3,1,-1,2;5525,3,1,-1,2;5632,0,1,-1,1;5632,3,1,-1,1;5678,2,1,-1,2;5693,1,1,-1,0;5739,3,1,-1,2;5755,0,1,-1,0;5801,2,1,-1,2;5816,1,1,-1,0;5877,2,1,-1,1;5877,3,1,-1,1;5938,1,1,-1,1;5938,3,1,-1,1;5969,1,1,-1,2;6000,0,1,-1,1;6000,1,1,-1,1;6061,0,1,-1,1;6061,2,1,-1,1;6122,0,2,5,1;6122,3,2,6,1;6275,3,1,-1,2;6306,3,1,-1,0;6367,0,2,7,1;6367,3,2,8,1;6520,0,1,-1,2;6551,0,1,-1,0;6612,0,1,-1,1;6612,3,1,-1,1;6642,0,1,-1,2;6673,3,1,-1,0;6688,2,1,-1,2;6704,3,1,-1,2;6719,1,1,-1,2;6734,2,1,-1,0;6765,0,1,-1,2;6795,1,1,-1,0;6811,0,1,-1,2;6826,2,1,-1,2;6841,1,1,-1,2;6857,2,1,-1,0;6918,2,1,-1,0;6979,3,1,-1,0;6994,0,1,-1,2;7010,3,1,-1,2;7040,3,1,-1,0;7056,0,1,-1,2;7071,3,1,-1,2;7086,0,1,-1,2;7102,3,2,9,0;7178,0,2,10,2;7346,0,2,11,0;7423,3,2,12,2;7576,0,1,-1,2;7591,3,1,-1,0;7698,2,1,-1,2;7714,1,1,-1,0;7821,0,1,-1,2;7836,3,1,-1,0;7897,0,1,-1,1;7897,1,1,-1,1;7974,3,1,-1,2;8005,3,1,-1,2;8020,0,1,-1,0;8035,3,1,-1,2;8050,0,1,-1,2;8066,3,1,-1,2;8081,0,1,-1,0;8112,3,1,-1,2;8142,2,1,-1,0;8173,1,1,-1,2;8204,2,1,-1,0;8219,1,1,-1,2;8234,2,1,-1,2;8249,1,1,-1,2;8265,0,1,-1,0;8295,0,1,-1,2;8311,3,1,-1,2;8326,0,1,-1,0;8357,2,1,-1,2;8387,1,1,-1,0;8418,3,1,-1,2;8448,2,1,-1,0;8464,1,1,-1,2;8479,2,1,-1,2;8494,1,1,-1,2;8510,0,1,-1,0;8540,3,1,-1,2;8571,0,1,-1,1;8571,3,1,-1,1;8617,2,1,-1,2;8632,1,1,-1,0;8678,3,1,-1,2;8693,0,1,-1,0;8739,2,1,-1,2;8755,1,1,-1,0;8785,3,1,-1,2;8816,0,1,-1,1;8816,1,1,-1,1;8877,0,1,-1,1;8877,3,1,-1,1;8908,1,1,-1,2;8938,1,1,-1,1;8938,2,1,-1,1;8999,0,1,-1,1;8999,3,1,-1,1;9061,0,1,-1,0;9122,0,1,-1,0;9168,3,1,-1,2;9183,0,1,-1,0;9229,3,1,-1,2;9244,0,1,-1,0;9260,3,1,-1,2;9275,0,1,-1,2;9290,3,2,13,2;9306,1,2,14,0","h":"1,0,4163,4347;2,3,4408,4591;3,3,5142,5326;4,0,5387,5571;6,3,6122,6214;5,0,6122,6306;7,0,6367,6459;8,3,6367,6551;10,0,7178,7285;9,3,7102,7285;11,0,7346,7530;12,3,7423,7530;14,1,9306,9612;13,3,9290,9612"}