{"v":1,"fmt":"sldr-chart-v1","id":"secret-rendez-vous","d":"Medium","m":7,"du":99.79,"tr":146,"ch":22,"mx":2,"of":25,"sr":[0.280589,0.5,0.150685,0.02381,0.14881],"n":"1224,2,1,-1,0;1285,0,1,-1,0;1347,3,1,-1,0;1377,1,1,-1,2;1469,2,1,-1,0;1530,0,1,-1,0;1592,3,1,-1,0;1622,1,1,-1,2;1714,3,1,-1,0;1775,2,1,-1,0;1836,1,1,-1,0;1898,0,1,-1,0;1959,1,1,-1,0;2020,2,1,-1,0;2081,3,1,-1,0;2112,0,1,-1,2;2143,1,1,-1,0;2204,2,1,-1,0;2265,3,1,-1,0;2326,0,1,-1,0;2357,1,1,-1,2;2449,2,1,-1,0;2510,3,1,-1,0;2571,0,1,-1,0;2602,1,1,-1,2;2694,0,1,-1,0;2755,2,1,-1,0;2816,1,1,-1,0;2877,3,1,-1,0;2938,1,1,-1,0;3000,2,1,-1,0;3061,0,1,-1,0;3091,3,1,-1,2;3122,1,1,-1,0;3183,2,1,-1,0;3245,2,1,-1,0;3306,2,1,-1,0;3336,0,1,-1,2;3367,1,1,-1,0;3428,2,1,-1,0;3489,2,1,-1,0;3551,2,1,-1,0;3581,3,1,-1,2;3612,1,1,-1,0;3673,1,1,-1,1;3673,2,1,-1,1;3734,0,1,-1,0;3796,1,1,-1,1;3796,2,1,-1,1;3857,3,1,-1,0;3918,0,1,-1,0;3979,1,1,-1,0;4040,2,1,-1,0;4102,0,1,-1,1;4102,3,1,-1,1;4163,3,1,-1,0;4224,3,1,-1,0;4285,3,1,-1,0;4316,0,1,-1,2;4347,3,1,-1,0;4408,0,1,-1,0;4469,0,1,-1,0;4530,0,1,-1,0;4561,3,1,-1,2;4591,0,1,-1,0;4653,0,1,-1,0;4714,0,1,-1,1;4714,1,1,-1,1;4775,3,1,-1,0;4836,1,1,-1,1;4836,3,1,-1,1;4898,0,1,-1,0;4959,2,1,-1,0;5020,1,1,-1,0;5051,3,1,-1,2;5081,0,1,-1,1;5081,3,1,-1,1;5142,0,1,-1,0;5204,0,1,-1,0;5265,0,1,-1,0;5295,3,1,-1,2;5326,0,1,-1,0;5387,3,1,-1,0;5449,3,1,-1,0;5510,3,1,-1,0;5540,0,1,-1,2;5571,3,1,-1,0;5632,3,1,-1,0;5693,1,1,-1,1;5693,3,1,-1,1;5755,0,1,-1,0;5816,0,1,-1,1;5816,1,1,-1,1;5877,3,1,-1,0;5938,1,1,-1,0;6000,2,1,-1,0;6030,0,1,-1,2;6061,0,1,-1,1;6061,3,1,-1,1;6122,2,1,-1,0;6244,2,1,-1,0;6275,0,1,-1,2;6306,0,1,-1,1;6306,3,1,-1,1;6367,0,1,-1,0;6489,1,1,-1,0;6520,2,1,-1,2;6551,1,1,-1,1;6551,2,1,-1,1;6612,1,1,-1,0;6734,1,1,-1,0;6765,0,1,-1,2;6795,0,1,-1,1;6795,3,1,-1,1;6857,3,1,-1,0;6979,3,1,-1,0;7010,1,1,-1,2;7040,1,1,-1,1;7040,2,1,-1,1;7102,2,2,1,0;7224,1,1,-1,0;7255,1,1,-1,2;7346,1,2,2,0;7469,2,1,-1,0;7499,2,1,-1,2;7591,2,1,-1,0;7653,2,1,-1,0;7714,2,1,-1,0;7744,1,1,-1,2;7775,2,1,-1,0;7836,2,1,-1,0;7897,0,1,-1,0;7959,3,1,-1,0;8020,0,1,-1,1;8020,3,1,-1,1;8081,1,1,-1,0;8142,0,1,-1,1;8142,3,1,-1,1;8204,3,1,-1,0;8234,1,1,-1,2;8265,3,1,-1,0;8326,0,1,-1,1;8326,3,1,-1,1;8387,0,1,-1,0;8448,2,1,-1,0;8479,0,1,-1,2;8510,1,1,-1,0;8571,0,1,-1,1;8571,3,1,-1,1;8632,1,1,-1,1;8632,2,1,-1,1;8693,0,1,-1,1;8693,1,1,-1,1;8755,1,1,-1,1;8755,3,1,-1,1;8816,0,1,-1,0;8877,1,1,-1,0;8938,2,1,-1,0;8999,0,1,-1,1;8999,3,1,-1,1;9061,3,1,-1,0;9122,0,1,-1,0;9183,3,1,-1,0;9214,0,1,-1,2;9244,1,1,-1,0;9275,2,1,-1,2;9306,0,2,3,1;9306,3,2,4,1","h":"1,2,7102,7285;2,1,7346,7530;3,0,9306,9612;4,3,9306,9612"}