{"v":1,"fmt":"sldr-chart-v1","id":"hysteria-2001","d":"Challenge","m":10,"du":94.35,"tr":279,"ch":54,"mx":2,"of":66,"sr":[0.588235,0.5,0.193548,0.072072,0.198198],"n":"379,0,1,-1,0;394,1,1,-1,2;410,3,1,-1,0;426,2,1,-1,2;442,1,1,-1,0;458,0,1,-1,2;473,3,1,-1,0;600,1,1,-1,0;631,2,1,-1,0;663,0,1,-1,0;678,1,1,-1,2;710,3,1,-1,2;726,1,1,-1,0;757,0,1,-1,0;789,1,1,-1,0;820,2,1,-1,0;852,0,1,-1,1;852,3,1,-1,1;884,2,1,-1,0;915,1,1,-1,0;947,3,1,-1,0;962,0,1,-1,2;978,1,1,-1,0;1010,2,1,-1,0;1041,1,1,-1,0;1073,0,1,-1,0;1089,3,1,-1,2;1104,1,1,-1,0;1120,2,1,-1,2;1136,0,1,-1,0;1167,3,1,-1,0;1199,0,1,-1,0;1231,2,1,-1,0;1262,1,1,-1,0;1278,3,1,-1,2;1294,0,1,-1,0;1357,0,1,-1,0;1388,2,1,-1,0;1420,1,1,-1,0;1451,3,1,-1,0;1483,2,1,-1,0;1515,1,1,-1,0;1530,0,1,-1,2;1546,3,1,-1,0;1609,3,1,-1,0;1641,0,1,-1,0;1672,3,1,-1,0;1704,2,1,-1,0;1735,1,1,-1,0;1767,0,1,-1,0;1783,1,1,-1,2;1799,2,1,-1,0;1862,2,1,-1,0;1893,1,1,-1,0;1925,2,1,-1,0;1956,1,1,-1,0;1988,0,1,-1,0;2019,3,1,-1,0;2035,2,1,-1,2;2051,1,1,-1,0;2083,0,1,-1,1;2083,3,1,-1,1;2114,1,1,-1,1;2114,2,1,-1,1;2146,0,2,1,1;2146,3,1,-1,1;2177,1,1,-1,0;2209,2,1,-1,0;2240,1,1,-1,0;2272,3,1,-1,0;2303,3,1,-1,0;2335,2,1,-1,0;2367,1,1,-1,0;2398,0,1,-1,1;2398,3,2,2,1;2430,1,1,-1,0;2461,2,1,-1,0;2493,1,1,-1,0;2524,0,1,-1,0;2556,0,1,-1,0;2587,2,1,-1,0;2619,1,1,-1,0;2651,0,2,3,1;2651,3,1,-1,1;2682,1,1,-1,0;2714,2,1,-1,0;2745,1,1,-1,0;2777,3,1,-1,0;2808,3,1,-1,0;2840,2,1,-1,0;2871,1,1,-1,0;2903,0,1,-1,1;2903,3,2,4,1;2935,1,1,-1,0;2966,2,1,-1,0;2998,1,1,-1,0;3045,0,1,-1,2;3061,1,1,-1,0;3077,2,1,-1,2;3092,3,1,-1,0;3108,2,1,-1,2;3124,1,1,-1,0;3140,0,1,-1,2;3155,3,2,5,0;3266,0,1,-1,2;3282,2,1,-1,0;3313,1,1,-1,0;3345,3,1,-1,0;3361,0,1,-1,2;3376,1,1,-1,0;3408,0,1,-1,1;3408,3,1,-1,1;3439,1,1,-1,1;3439,3,1,-1,1;3471,0,1,-1,1;3471,3,1,-1,1;3502,0,1,-1,1;3502,1,1,-1,1;3534,2,1,-1,0;3566,1,1,-1,0;3597,2,1,-1,0;3613,3,1,-1,2;3629,1,1,-1,0;3660,0,2,6,1;3660,3,2,7,1;3771,3,1,-1,2;3786,0,1,-1,0;3802,3,1,-1,2;3818,0,1,-1,0;3865,2,1,-1,2;3881,1,1,-1,0;3913,0,1,-1,1;3913,3,1,-1,1;3944,0,1,-1,1;3944,2,1,-1,1;3976,0,1,-1,1;3976,3,1,-1,1;4007,2,1,-1,1;4007,3,1,-1,1;4039,0,1,-1,1;4039,3,1,-1,1;4070,1,1,-1,1;4070,2,1,-1,1;4102,0,1,-1,0;4118,1,1,-1,2;4134,3,1,-1,0;4165,0,2,8,0;4212,3,2,9,2;4260,2,2,10,0;4449,1,1,-1,0;4512,1,1,-1,0;4575,3,1,-1,0;4638,3,1,-1,0;4670,3,2,11,0;4717,0,2,12,2;4765,2,2,13,0;4954,1,1,-1,0;5017,1,1,-1,0;5080,0,1,-1,0;5112,0,1,-1,0;5175,0,1,-1,0;5191,3,1,-1,2;5222,2,1,-1,2;5270,1,1,-1,1;5270,2,1,-1,1;5301,0,1,-1,0;5317,3,1,-1,2;5348,1,1,-1,3;5348,2,1,-1,3;5396,0,1,-1,1;5396,3,1,-1,1;5427,0,1,-1,0;5443,1,1,-1,2;5459,3,1,-1,0;5475,1,1,-1,2;5522,2,1,-1,0;5554,1,1,-1,0;5569,0,1,-1,2;5601,2,1,-1,3;5601,3,1,-1,3;5632,3,1,-1,2;5648,0,1,-1,0;5664,2,1,-1,2;5680,1,1,-1,0;5696,2,1,-1,2;5727,0,1,-1,3;5727,3,1,-1,3;5774,1,1,-1,1;5774,2,1,-1,1;5806,0,1,-1,0;5822,2,1,-1,2;5853,1,1,-1,2;5885,0,1,-1,2;5901,1,1,-1,0;5932,3,1,-1,0;5948,1,1,-1,2;5979,2,1,-1,2;5995,1,1,-1,0;6011,0,1,-1,2;6027,1,1,-1,0;6058,3,1,-1,0;6090,0,1,-1,1;6090,1,1,-1,1;6121,3,1,-1,0;6153,0,1,-1,1;6153,1,1,-1,1;6185,0,2,14,1;6185,3,1,-1,1;6248,1,1,-1,0;6279,1,1,-1,0;6311,3,1,-1,0;6358,3,1,-1,2;6437,0,1,-1,1;6437,3,2,15,1;6500,1,1,-1,0;6532,1,1,-1,0;6563,0,1,-1,0;6611,0,1,-1,2;6689,1,1,-1,1;6689,2,2,16,1;6753,1,1,-1,0;6784,1,1,-1,0;6816,3,1,-1,0;6863,0,1,-1,2;6942,1,2,17,1;6942,2,1,-1,1;7005,0,1,-1,0;7037,3,1,-1,0;7084,0,1,-1,2;7131,0,1,-1,1;7131,3,1,-1,1;7163,1,1,-1,1;7163,3,1,-1,1;7194,0,2,18,1;7194,3,2,19,1;7305,3,1,-1,2;7321,0,1,-1,0;7352,2,1,-1,0;7384,0,1,-1,0;7399,3,1,-1,2;7415,1,1,-1,0;7447,3,1,-1,0;7478,1,1,-1,1;7478,2,1,-1,1;7510,3,1,-1,0;7541,1,1,-1,1;7541,2,1,-1,1;7573,0,1,-1,1;7573,2,1,-1,1;7605,1,1,-1,1;7605,3,1,-1,1;7636,0,1,-1,0;7652,3,1,-1,2;7668,2,1,-1,0;7699,0,2,20,1;7699,3,2,21,1;7810,3,1,-1,2;7825,0,1,-1,0;7841,2,1,-1,2;7857,1,1,-1,0;7904,2,1,-1,2;7920,1,1,-1,0;7952,0,1,-1,0;7983,1,1,-1,1;7983,2,1,-1,1;8015,0,1,-1,0;8046,1,1,-1,1;8046,2,1,-1,1;8078,2,1,-1,1;8078,3,1,-1,1;8109,0,1,-1,1;8109,1,1,-1,1;8141,3,1,-1,0;8157,0,1,-1,2;8172,2,1,-1,0;8204,0,1,-1,1;8204,3,1,-1,1;8236,2,1,-1,0;8251,0,1,-1,2;8267,2,1,-1,0;8299,1,1,-1,1;8299,3,1,-1,1;8330,2,1,-1,0;8346,3,1,-1,2;8362,1,1,-1,0;8393,0,1,-1,1;8393,2,1,-1,1;8425,0,1,-1,1;8425,1,1,-1,1;8456,2,1,-1,1;8456,3,1,-1,1;8488,0,1,-1,0;8504,3,1,-1,2;8520,1,1,-1,0;8551,1,1,-1,1;8551,2,1,-1,1;8583,3,1,-1,0;8598,1,1,-1,2;8614,0,1,-1,0;8646,0,1,-1,1;8646,3,1,-1,1;8677,1,1,-1,1;8677,2,1,-1,1;8709,0,1,-1,1;8709,3,1,-1,1;8740,2,1,-1,0;8756,3,1,-1,2;8772,0,1,-1,0;8804,2,1,-1,0;8819,1,1,-1,2;8835,3,1,-1,0;8851,0,1,-1,2;8867,1,1,-1,0;8898,2,1,-1,1;8898,3,1,-1,1;8930,0,1,-1,1;8930,1,1,-1,1;8961,0,1,-1,1;8961,3,1,-1,1;8993,0,1,-1,0;9009,3,1,-1,2;9024,0,1,-1,0;9056,3,1,-1,0;9072,0,1,-1,2;9088,3,2,22,0;9119,0,1,-1,0;9151,0,1,-1,0;9182,0,2,23,0;9214,3,1,-1,0;9245,3,1,-1,0;9277,2,2,24,0;9308,1,1,-1,0;9340,1,1,-1,0","h":"1,0,2146,2367;2,3,2398,2619;3,0,2651,2871;4,3,2903,2998;5,3,3155,3250;6,0,3660,3755;7,3,3660,3755;8,0,4165,4212;9,3,4212,4260;10,2,4260,4638;11,3,4670,4717;12,0,4717,4765;13,2,4765,5143;14,0,6185,6405;15,3,6437,6658;16,2,6689,6910;17,1,6942,7068;18,0,7194,7289;19,3,7194,7289;20,0,7699,7794;21,3,7699,7794;22,3,9088,9151;23,0,9182,9245;24,2,9277,9340"}