{"v":1,"fmt":"sldr-chart-v1","id":"brek-down","d":"Challenge","m":15,"du":103.26,"tr":492,"ch":26,"mx":2,"of":233,"sr":[0.836077,0.5,0.052846,0.065637,0.449807],"n":"505,0,1,-1,0;537,1,1,-1,0;568,2,1,-1,0;600,0,1,-1,1;600,3,1,-1,1;631,3,1,-1,0;647,1,1,-1,2;663,2,1,-1,0;679,0,1,-1,2;694,1,1,-1,0;710,3,1,-1,2;726,1,1,-1,0;758,0,1,-1,0;773,1,1,-1,2;789,2,1,-1,0;805,3,1,-1,2;821,1,1,-1,0;837,0,1,-1,2;852,1,1,-1,0;884,3,1,-1,0;900,1,1,-1,2;915,3,1,-1,0;931,1,1,-1,2;947,1,1,-1,1;947,3,1,-1,1;979,0,1,-1,0;994,1,1,-1,2;1010,0,1,-1,0;1026,1,1,-1,2;1042,2,1,-1,0;1058,3,1,-1,2;1073,2,1,-1,0;1089,1,1,-1,2;1105,0,1,-1,0;1137,3,1,-1,0;1152,2,1,-1,2;1168,1,1,-1,0;1184,0,1,-1,2;1200,1,1,-1,0;1215,2,1,-1,2;1231,3,1,-1,0;1263,0,1,-1,0;1279,1,1,-1,2;1294,2,1,-1,0;1310,3,1,-1,2;1326,2,1,-1,0;1342,1,1,-1,2;1358,0,1,-1,0;1389,2,1,-1,0;1405,1,1,-1,2;1421,2,1,-1,0;1437,1,1,-1,2;1452,1,1,-1,1;1452,2,1,-1,1;1484,3,1,-1,0;1500,2,1,-1,2;1515,0,1,-1,0;1531,2,1,-1,2;1547,1,1,-1,0;1563,0,1,-1,2;1579,2,1,-1,0;1594,3,1,-1,2;1610,2,1,-1,0;1626,1,1,-1,2;1642,3,1,-1,0;1658,1,1,-1,2;1673,1,1,-1,1;1673,3,1,-1,1;1705,0,1,-1,0;1721,1,1,-1,2;1737,0,1,-1,1;1737,1,1,-1,1;1784,3,1,-1,2;1800,2,1,-1,0;1815,1,1,-1,2;1831,0,1,-1,1;1831,3,1,-1,1;1863,1,1,-1,1;1863,2,1,-1,1;1910,0,1,-1,2;1926,2,1,-1,0;1942,1,1,-1,2;1958,3,1,-1,0;1973,0,1,-1,2;1989,3,1,-1,0;2005,2,1,-1,2;2021,1,1,-1,0;2037,0,1,-1,2;2068,1,2,1,2;2100,2,1,-1,2;2115,3,1,-1,0;2131,1,1,-1,2;2139,3,1,-1,2;2147,1,1,-1,0;2163,3,1,-1,2;2179,2,1,-1,0;2194,1,1,-1,2;2210,0,1,-1,0;2226,3,1,-1,2;2242,0,1,-1,0;2258,2,1,-1,2;2273,1,1,-1,0;2289,3,2,2,2;2321,0,2,3,2;2352,1,1,-1,2;2368,0,1,-1,0;2384,1,1,-1,2;2392,2,1,-1,2;2400,1,1,-1,0;2415,0,1,-1,2;2431,1,1,-1,0;2447,0,1,-1,2;2463,1,1,-1,0;2479,3,1,-1,2;2494,1,1,-1,0;2510,3,1,-1,2;2526,1,1,-1,0;2542,0,1,-1,2;2558,3,1,-1,0;2573,2,2,4,2;2605,3,1,-1,2;2621,2,1,-1,0;2637,1,1,-1,2;2652,0,2,5,0;2684,1,1,-1,0;2700,1,2,6,2;2731,3,1,-1,2;2747,1,1,-1,0;2763,0,1,-1,2;2779,2,2,7,0;2826,0,2,8,2;2873,3,2,9,0;2905,0,1,-1,0;2921,1,1,-1,2;2937,2,1,-1,0;2952,0,1,-1,2;2968,2,1,-1,0;2984,1,1,-1,2;3000,0,1,-1,0;3015,2,1,-1,2;3031,1,1,-1,0;3047,0,1,-1,2;3063,1,1,-1,0;3079,2,1,-1,2;3094,0,1,-1,0;3110,1,1,-1,2;3126,2,1,-1,0;3158,3,1,-1,0;3173,2,1,-1,2;3189,1,1,-1,0;3205,3,1,-1,2;3221,1,1,-1,0;3237,2,1,-1,2;3252,3,1,-1,0;3268,1,1,-1,2;3284,2,1,-1,0;3300,3,1,-1,2;3315,2,1,-1,0;3331,1,1,-1,2;3347,3,1,-1,0;3363,2,1,-1,2;3379,1,1,-1,0;3426,0,1,-1,2;3442,2,1,-1,0;3458,1,1,-1,2;3473,3,1,-1,0;3489,0,1,-1,2;3505,1,1,-1,0;3521,3,1,-1,2;3537,1,1,-1,0;3552,2,1,-1,2;3568,0,1,-1,0;3584,2,2,10,2;3615,1,1,-1,2;3631,2,1,-1,0;3647,1,1,-1,2;3663,1,1,-1,1;3663,2,1,-1,1;3694,0,1,-1,0;3710,0,1,-1,2;3742,3,1,-1,2;3758,1,1,-1,0;3773,0,1,-1,2;3789,1,2,11,0;3805,2,1,-1,2;3821,2,1,-1,0;3837,1,1,-1,2;3852,3,1,-1,0;3868,2,1,-1,2;3884,3,1,-1,0;3900,1,1,-1,2;3915,3,1,-1,0;3931,3,1,-1,2;3947,3,1,-1,0;3963,3,1,-1,2;3994,0,1,-1,2;4010,1,1,-1,0;4026,2,1,-1,2;4042,3,2,12,0;4073,1,1,-1,0;4105,1,1,-1,0;4121,3,1,-1,2;4137,2,1,-1,0;4152,0,1,-1,2;4168,2,2,13,0;4184,3,1,-1,2;4200,3,1,-1,0;4231,0,2,14,0;4247,1,1,-1,2;4263,1,1,-1,0;4294,0,1,-1,0;4310,2,1,-1,2;4326,0,1,-1,0;4342,3,1,-1,2;4373,3,1,-1,2;4389,2,1,-1,0;4405,1,1,-1,2;4421,0,1,-1,0;4437,0,1,-1,2;4452,0,1,-1,0;4468,0,1,-1,2;4500,1,1,-1,2;4515,2,1,-1,0;4531,3,1,-1,2;4547,0,2,15,0;4579,2,1,-1,0;4594,2,2,16,2;4626,1,1,-1,2;4642,1,1,-1,0;4689,3,1,-1,2;4705,1,1,-1,0;4721,3,1,-1,2;4737,1,1,-1,0;4752,0,1,-1,2;4768,1,1,-1,0;4784,3,1,-1,2;4815,0,1,-1,2;4831,0,1,-1,0;4847,1,1,-1,2;4863,2,1,-1,0;4894,2,1,-1,1;4894,3,1,-1,1;4926,0,1,-1,1;4926,1,1,-1,1;4958,3,1,-1,0;4973,2,1,-1,2;4989,1,1,-1,0;5005,3,1,-1,2;5021,1,1,-1,0;5037,2,1,-1,2;5052,3,1,-1,0;5076,3,1,-1,2;5084,1,1,-1,0;5108,1,1,-1,2;5115,2,1,-1,0;5139,2,1,-1,2;5147,0,1,-1,0;5171,0,1,-1,2;5179,3,2,17,0;5210,0,1,-1,0;5226,2,1,-1,2;5242,1,1,-1,0;5258,0,1,-1,2;5273,1,1,-1,0;5289,2,1,-1,2;5305,0,1,-1,0;5329,0,1,-1,2;5337,2,1,-1,0;5360,2,1,-1,2;5368,1,1,-1,0;5392,1,1,-1,2;5400,3,1,-1,0;5423,3,1,-1,2;5431,0,2,18,0;5463,3,1,-1,0;5479,2,1,-1,2;5494,1,1,-1,0;5510,0,1,-1,2;5526,3,1,-1,0;5542,0,1,-1,2;5558,2,1,-1,0;5589,0,1,-1,0;5605,0,1,-1,2;5637,1,1,-1,2;5652,2,1,-1,0;5668,3,1,-1,2;5684,0,2,19,0;5700,3,1,-1,2;5715,3,1,-1,0;5747,3,2,20,0;5763,1,1,-1,2;5779,1,1,-1,0;5810,1,1,-1,0;5826,2,1,-1,2;5842,1,1,-1,0;5873,1,1,-1,1;5873,2,1,-1,1;5905,1,1,-1,1;5905,3,1,-1,1;5937,0,1,-1,1;5937,3,1,-1,1;5968,0,1,-1,0;5984,1,1,-1,2;6000,0,1,-1,0;6015,2,1,-1,2;6031,3,1,-1,0;6047,2,1,-1,2;6063,1,1,-1,0;6087,1,1,-1,2;6094,3,1,-1,0;6118,3,1,-1,2;6126,2,1,-1,0;6150,2,1,-1,2;6158,1,1,-1,0;6181,1,1,-1,2;6189,0,2,21,0;6221,3,1,-1,0;6237,1,1,-1,2;6252,3,1,-1,0;6268,2,1,-1,2;6284,0,1,-1,0;6300,2,1,-1,2;6315,1,1,-1,0;6339,1,1,-1,2;6347,0,1,-1,0;6371,0,1,-1,2;6379,2,1,-1,0;6402,2,1,-1,2;6410,1,1,-1,0;6434,1,1,-1,2;6442,3,2,22,0;6473,0,1,-1,0;6521,0,1,-1,2;6537,1,1,-1,0;6552,2,1,-1,2;6568,3,2,23,0;6600,1,1,-1,0;6615,1,1,-1,2;6647,2,1,-1,2;6663,0,1,-1,0;6679,1,1,-1,2;6694,2,2,24,0;6726,1,1,-1,0;6742,2,1,-1,2;6758,1,2,25,0;6789,0,1,-1,0;6837,0,1,-1,2;6852,1,1,-1,0;6868,0,1,-1,2;6884,0,1,-1,1;6884,1,1,-1,1;6947,2,1,-1,1;6947,3,2,26,1;6979,0,1,-1,0;6994,0,1,-1,2;7010,0,1,-1,0;7026,0,1,-1,2;7058,1,1,-1,2;7089,0,1,-1,2;7121,2,1,-1,2;7137,2,1,-1,0;7200,1,1,-1,1;7200,2,2,27,1;7231,3,1,-1,0;7247,3,1,-1,2;7263,3,1,-1,0;7279,3,1,-1,2;7310,0,1,-1,2;7342,3,1,-1,2;7373,0,1,-1,2;7389,0,1,-1,0;7421,1,1,-1,0;7452,1,2,28,1;7452,2,1,-1,1;7484,0,1,-1,0;7500,0,1,-1,2;7515,0,1,-1,0;7531,0,1,-1,2;7563,3,1,-1,2;7594,0,1,-1,2;7626,3,1,-1,2;7642,3,1,-1,0;7673,0,1,-1,0;7705,3,1,-1,0;7737,1,1,-1,0;7752,2,1,-1,2;7768,0,1,-1,0;7784,1,1,-1,2;7800,0,1,-1,0;7815,1,1,-1,2;7831,2,1,-1,0;7847,3,1,-1,2;7863,2,1,-1,0;7879,3,1,-1,2;7894,0,1,-1,0;7902,3,1,-1,2;7910,0,1,-1,2;7918,3,1,-1,2;7926,0,1,-1,0;7934,3,1,-1,2;7942,0,1,-1,2;7950,3,1,-1,2;7958,0,2,29,0;8021,3,1,-1,0;8084,3,1,-1,0;8147,3,1,-1,0;8210,3,1,-1,0;8242,2,1,-1,0;8273,0,1,-1,0;8305,2,1,-1,0;8337,0,1,-1,1;8337,3,1,-1,1;8368,1,1,-1,1;8368,2,1,-1,1;8400,0,1,-1,1;8400,3,1,-1,1;8431,3,1,-1,0;8447,1,1,-1,2;8455,2,1,-1,2;8463,1,1,-1,0;8479,3,1,-1,2;8494,1,1,-1,0;8510,3,1,-1,2;8526,1,1,-1,0;8542,0,1,-1,2;8558,1,1,-1,0;8573,0,1,-1,2;8589,1,1,-1,0;8605,3,1,-1,2;8621,2,1,-1,0;8637,1,1,-1,2;8652,0,1,-1,0;8668,1,1,-1,2;8684,3,1,-1,0;8700,1,1,-1,2;8715,2,1,-1,0;8731,1,1,-1,2;8747,1,1,-1,1;8747,2,1,-1,1;8779,0,1,-1,0;8794,1,1,-1,2;8810,0,1,-1,1;8810,1,1,-1,1;8842,1,1,-1,1;8842,2,1,-1,1;8873,2,1,-1,1;8873,3,1,-1,1;8905,1,1,-1,1;8905,3,1,-1,1;8937,0,1,-1,1;8937,3,1,-1,1;8968,0,1,-1,0;8984,1,1,-1,2;9000,0,1,-1,0;9015,1,1,-1,2;9031,2,1,-1,0;9047,3,1,-1,2;9063,2,1,-1,0;9079,3,1,-1,2;9094,0,1,-1,0;9102,1,1,-1,2;9110,0,1,-1,2;9126,1,1,-1,0;9134,0,1,-1,2;9142,1,1,-1,2;9158,0,1,-1,0;9165,1,1,-1,2;9173,0,1,-1,2;9189,1,1,-1,0;9197,0,1,-1,2;9205,1,1,-1,2;9221,0,1,-1,0;9237,2,1,-1,2;9252,0,1,-1,0;9268,2,1,-1,2;9284,1,1,-1,0;9300,3,1,-1,2;9315,1,1,-1,0;9331,3,1,-1,2;9347,2,1,-1,0;9355,3,1,-1,2;9363,2,1,-1,2;9379,3,1,-1,0;9387,2,1,-1,2;9394,3,1,-1,2;9410,2,1,-1,0;9418,3,1,-1,2;9426,2,1,-1,2;9442,3,1,-1,0;9450,2,1,-1,2;9458,3,1,-1,2;9473,0,1,-1,0;9489,2,1,-1,2;9505,1,1,-1,0;9521,2,1,-1,2;9537,3,1,-1,0;9552,2,1,-1,2;9568,1,1,-1,0;9584,2,1,-1,2;9600,0,2,30,0;9631,2,1,-1,0;9647,2,2,31,2;9679,0,2,32,2;9710,3,1,-1,2;9726,0,2,33,0;9758,3,1,-1,0;9789,1,1,-1,0;9805,1,1,-1,2;9821,0,1,-1,0;9837,1,1,-1,2;9868,0,1,-1,2;9884,1,1,-1,0;9900,2,1,-1,2;9915,3,1,-1,0;9963,2,2,34,2;10089,3,1,-1,2;10097,2,1,-1,2;10105,0,1,-1,0","h":"1,1,2068,2100;2,3,2289,2321;3,0,2321,2352;4,2,2573,2605;5,0,2652,2684;6,1,2700,2731;7,2,2779,2810;8,0,2826,2858;9,3,2873,2905;10,2,3584,3615;11,1,3789,3821;12,3,4042,4105;13,2,4168,4200;14,0,4231,4263;15,0,4547,4594;16,2,4594,4626;17,3,5179,5210;18,0,5431,5463;19,0,5684,5715;20,3,5747,5779;21,0,6189,6221;22,3,6442,6473;23,3,6568,6600;24,2,6694,6726;25,1,6758,6789;26,3,6947,7168;27,2,7200,7421;28,1,7452,7673;29,0,7958,8210;30,0,9600,9631;31,2,9647,9679;32,0,9679,9710;33,0,9726,9805;34,2,9963,10089"}