{"v":1,"fmt":"sldr-chart-v1","id":"brek-down","d":"Easy","m":5,"du":103.26,"tr":144,"ch":25,"mx":2,"of":0,"sr":[0.272774,0.5,0.173611,0.04142,0.0],"n":"631,3,1,-1,0;694,3,1,-1,0;758,3,1,-1,0;821,3,1,-1,0;884,0,1,-1,1;884,3,1,-1,1;947,0,1,-1,1;947,3,1,-1,1;1010,2,1,-1,0;1042,0,1,-1,0;1073,1,1,-1,0;1137,0,1,-1,0;1200,0,1,-1,0;1263,0,1,-1,0;1326,0,1,-1,0;1389,0,1,-1,1;1389,3,1,-1,1;1452,0,1,-1,1;1452,3,1,-1,1;1515,2,1,-1,0;1547,3,1,-1,0;1579,1,1,-1,0;1642,0,1,-1,1;1642,3,1,-1,1;1705,0,1,-1,1;1705,3,1,-1,1;1768,2,1,-1,0;1800,0,1,-1,0;1831,1,1,-1,0;1894,0,1,-1,0;1958,1,1,-1,0;2021,0,1,-1,0;2084,0,1,-1,1;2084,3,1,-1,1;2147,3,1,-1,0;2210,1,1,-1,0;2273,0,1,-1,1;2273,3,1,-1,1;2337,0,1,-1,1;2337,3,1,-1,1;2400,3,1,-1,0;2463,1,1,-1,0;2526,3,1,-1,0;2589,0,1,-1,1;2589,3,1,-1,1;2652,0,1,-1,0;2715,1,1,-1,0;2779,2,1,-1,0;2842,3,1,-1,0;2905,0,1,-1,0;2968,1,1,-1,0;3031,0,1,-1,0;3094,0,1,-1,1;3094,3,1,-1,1;3158,3,1,-1,0;3221,1,1,-1,0;3284,0,1,-1,1;3284,3,1,-1,1;3347,0,1,-1,1;3347,3,1,-1,1;3410,3,1,-1,0;3473,1,1,-1,0;3537,3,1,-1,0;3600,0,1,-1,1;3600,3,1,-1,1;3663,2,1,-1,0;3726,2,1,-1,0;3789,1,1,-1,0;3852,1,1,-1,0;3915,0,1,-1,0;3947,0,2,1,0;4042,3,1,-1,0;4105,3,1,-1,0;4168,2,1,-1,0;4231,3,1,-1,0;4294,1,1,-1,0;4421,3,1,-1,0;4452,3,2,2,0;4547,0,1,-1,0;4610,0,1,-1,0;4673,2,1,-1,0;4737,0,1,-1,0;4800,1,1,-1,0;4863,1,1,-1,0;4926,0,1,-1,1;4926,3,1,-1,1;4989,0,1,-1,0;5052,3,1,-1,0;5115,0,1,-1,1;5115,3,1,-1,1;5179,2,1,-1,0;5242,2,1,-1,0;5305,1,1,-1,0;5368,2,1,-1,0;5431,0,1,-1,1;5431,3,1,-1,1;5494,0,1,-1,0;5558,3,1,-1,0;5621,0,1,-1,1;5621,3,1,-1,1;5684,2,1,-1,0;5747,2,1,-1,0;5810,1,1,-1,0;5873,1,1,-1,0;5937,1,1,-1,1;5937,2,1,-1,1;6000,2,1,-1,0;6063,0,1,-1,0;6126,1,1,-1,0;6189,1,1,-1,1;6189,2,1,-1,1;6252,2,1,-1,0;6315,3,1,-1,0;6379,1,1,-1,0;6442,1,1,-1,1;6442,2,1,-1,1;6505,2,1,-1,0;6568,0,1,-1,0;6631,1,1,-1,0;6694,1,1,-1,1;6694,2,1,-1,1;6758,2,1,-1,0;6821,2,1,-1,0;6852,3,1,-1,0;6884,1,1,-1,0;6947,0,2,3,0;7137,0,1,-1,0;7200,3,2,4,0;7389,3,1,-1,0;7452,0,2,5,0;7642,0,1,-1,0;7705,3,2,6,0;7831,3,1,-1,0;7863,1,1,-1,0;7894,0,1,-1,0;7926,0,1,-1,0;7958,0,1,-1,1;7958,3,1,-1,1;8084,0,1,-1,0;8147,3,1,-1,0;8210,0,1,-1,1;8210,3,1,-1,1;8337,0,1,-1,0;8400,3,1,-1,0;8463,0,1,-1,1;8463,3,1,-1,1;8589,0,1,-1,0;8652,3,1,-1,0;8715,0,1,-1,0;8779,0,1,-1,0;8842,3,1,-1,0;8905,3,1,-1,0;8968,2,1,-1,0;9031,0,1,-1,0;9094,1,1,-1,0;9158,0,1,-1,0;9221,2,1,-1,0;9284,3,1,-1,0;9347,1,1,-1,0;9410,3,1,-1,0;9473,2,1,-1,0;9537,0,1,-1,0;9600,1,1,-1,0;9663,0,1,-1,0;9726,2,1,-1,0;9789,3,1,-1,0;9852,1,1,-1,0;9915,1,2,7,0;10105,2,1,-1,0","h":"1,0,3947,4137;2,3,4452,4642;3,0,6947,7105;4,3,7200,7358;5,0,7452,7610;6,3,7705,7800;7,1,9915,10105"}