{"v":1,"fmt":"sldr-chart-v1","id":"brek-down","d":"Hard","m":12,"du":103.26,"tr":403,"ch":54,"mx":2,"of":127,"sr":[0.73762,0.5,0.133995,0.013129,0.277899],"n":"631,3,1,-1,0;647,1,1,-1,2;663,2,1,-1,0;679,0,1,-1,2;694,1,1,-1,0;710,2,1,-1,2;726,0,1,-1,0;758,3,1,-1,0;773,1,1,-1,2;789,2,1,-1,0;805,0,1,-1,2;821,1,1,-1,0;837,2,1,-1,2;852,0,1,-1,0;884,0,1,-1,0;900,3,1,-1,2;915,0,1,-1,0;947,2,1,-1,1;947,3,1,-1,1;979,0,1,-1,0;1010,0,1,-1,0;1026,1,1,-1,2;1042,2,1,-1,0;1058,3,1,-1,2;1073,2,1,-1,0;1089,1,1,-1,2;1105,0,1,-1,0;1137,0,1,-1,0;1152,1,1,-1,2;1168,2,1,-1,0;1184,3,1,-1,2;1200,1,1,-1,0;1215,2,1,-1,2;1231,3,1,-1,0;1263,0,1,-1,0;1279,1,1,-1,2;1294,2,1,-1,0;1310,3,1,-1,2;1326,1,1,-1,0;1342,2,1,-1,2;1358,3,1,-1,0;1389,3,1,-1,0;1405,0,1,-1,2;1421,3,1,-1,0;1452,0,1,-1,1;1452,2,1,-1,1;1484,3,1,-1,0;1515,3,1,-1,0;1531,1,1,-1,2;1547,2,1,-1,0;1563,0,1,-1,2;1579,2,1,-1,0;1594,1,1,-1,2;1610,3,1,-1,0;1642,0,1,-1,0;1673,0,1,-1,1;1673,1,1,-1,1;1705,3,1,-1,0;1737,1,1,-1,1;1737,3,1,-1,1;1768,0,1,-1,0;1784,1,1,-1,2;1800,3,1,-1,0;1815,2,1,-1,2;1831,0,1,-1,0;1863,1,1,-1,1;1863,2,1,-1,1;1894,0,1,-1,0;1910,0,1,-1,2;1926,1,1,-1,0;1958,3,1,-1,0;1973,3,1,-1,2;1989,1,1,-1,0;2021,0,1,-1,0;2037,1,1,-1,2;2052,3,1,-1,0;2068,1,1,-1,2;2084,0,1,-1,0;2100,2,1,-1,2;2115,3,1,-1,0;2147,0,1,-1,0;2163,0,1,-1,2;2179,2,1,-1,0;2210,3,1,-1,0;2226,3,1,-1,2;2242,2,1,-1,0;2273,0,1,-1,0;2289,2,1,-1,2;2305,3,1,-1,0;2321,2,1,-1,2;2337,0,1,-1,0;2352,1,1,-1,2;2368,3,1,-1,0;2400,0,1,-1,0;2415,0,1,-1,2;2431,1,1,-1,0;2463,3,1,-1,0;2479,3,1,-1,2;2494,1,1,-1,0;2526,2,1,-1,0;2542,0,1,-1,2;2558,3,1,-1,0;2573,2,1,-1,2;2589,1,1,-1,0;2605,0,1,-1,2;2621,3,1,-1,0;2652,0,1,-1,1;2652,1,1,-1,1;2684,0,1,-1,1;2684,3,1,-1,1;2715,1,1,-1,1;2715,3,1,-1,1;2747,0,1,-1,1;2747,3,1,-1,1;2779,2,1,-1,0;2810,0,1,-1,0;2842,1,1,-1,0;2873,3,1,-1,0;2905,2,1,-1,0;2921,3,1,-1,2;2937,2,1,-1,0;2968,1,1,-1,0;2984,0,1,-1,2;3000,1,1,-1,0;3031,0,1,-1,0;3047,2,1,-1,2;3063,1,1,-1,0;3079,0,1,-1,2;3094,3,1,-1,0;3110,2,1,-1,2;3126,1,1,-1,0;3158,2,1,-1,0;3173,0,1,-1,2;3189,2,1,-1,0;3221,1,1,-1,0;3237,3,1,-1,2;3252,1,1,-1,0;3284,3,1,-1,0;3300,2,1,-1,2;3315,1,1,-1,0;3331,3,1,-1,2;3347,0,1,-1,0;3363,2,1,-1,2;3379,1,1,-1,0;3410,2,1,-1,0;3426,3,1,-1,2;3442,2,1,-1,0;3473,1,1,-1,0;3489,0,1,-1,2;3505,1,1,-1,0;3537,2,1,-1,0;3552,3,1,-1,2;3568,0,1,-1,0;3584,2,1,-1,2;3600,1,1,-1,0;3615,3,1,-1,2;3631,0,1,-1,0;3663,0,1,-1,1;3663,1,1,-1,1;3694,0,1,-1,1;3694,3,1,-1,1;3726,1,1,-1,1;3726,3,1,-1,1;3758,0,1,-1,1;3758,3,1,-1,1;3789,2,1,-1,0;3821,2,1,-1,0;3852,2,1,-1,0;3884,2,1,-1,0;3915,0,1,-1,0;3947,0,1,-1,1;3947,1,1,-1,1;3979,3,1,-1,0;3994,1,1,-1,2;4010,0,1,-1,0;4042,3,1,-1,0;4073,1,1,-1,1;4073,3,1,-1,1;4105,0,1,-1,0;4121,1,1,-1,2;4137,3,1,-1,0;4168,2,1,-1,0;4184,3,1,-1,2;4200,1,1,-1,0;4231,2,1,-1,0;4247,1,1,-1,2;4263,3,1,-1,0;4294,2,1,-1,0;4310,0,1,-1,2;4326,1,1,-1,0;4342,0,1,-1,2;4358,2,1,-1,0;4373,1,1,-1,2;4389,0,1,-1,0;4421,3,1,-1,0;4452,1,1,-1,1;4452,3,1,-1,1;4484,0,1,-1,0;4500,1,1,-1,2;4515,3,1,-1,0;4547,0,1,-1,0;4579,0,1,-1,1;4579,1,1,-1,1;4610,3,1,-1,0;4626,1,1,-1,2;4642,0,1,-1,0;4673,2,1,-1,0;4689,0,1,-1,2;4705,1,1,-1,0;4737,2,1,-1,0;4752,1,1,-1,2;4768,0,1,-1,0;4815,3,1,-1,2;4831,0,1,-1,0;4847,1,1,-1,2;4863,2,1,-1,0;4926,0,1,-1,0;4942,1,1,-1,2;4958,3,1,-1,0;4989,0,1,-1,0;5005,1,1,-1,2;5021,3,1,-1,0;5052,0,1,-1,0;5084,0,1,-1,1;5084,1,1,-1,1;5115,3,1,-1,0;5147,1,1,-1,1;5147,3,1,-1,1;5179,0,1,-1,0;5194,1,1,-1,2;5210,3,1,-1,0;5242,0,1,-1,0;5258,1,1,-1,2;5273,3,1,-1,0;5305,2,1,-1,0;5337,0,1,-1,1;5337,3,1,-1,1;5368,1,1,-1,0;5400,0,1,-1,1;5400,3,1,-1,1;5431,0,1,-1,0;5447,1,1,-1,2;5463,3,1,-1,0;5494,0,1,-1,0;5510,1,1,-1,2;5526,3,1,-1,0;5558,2,1,-1,0;5589,3,1,-1,0;5621,1,1,-1,1;5621,3,1,-1,1;5652,0,1,-1,1;5652,1,1,-1,1;5684,0,1,-1,0;5700,1,1,-1,2;5715,3,1,-1,0;5747,0,1,-1,0;5763,1,1,-1,2;5779,3,1,-1,0;5810,0,1,-1,1;5810,1,1,-1,1;5842,1,1,-1,1;5842,3,1,-1,1;5873,0,1,-1,1;5873,1,1,-1,1;5905,1,1,-1,1;5905,3,1,-1,1;5937,3,1,-1,0;5952,1,1,-1,2;5968,0,1,-1,0;6000,3,1,-1,0;6015,1,1,-1,2;6031,0,1,-1,0;6063,2,1,-1,0;6094,2,1,-1,0;6126,0,1,-1,1;6126,3,1,-1,1;6158,1,1,-1,0;6189,3,1,-1,0;6205,1,1,-1,2;6221,0,1,-1,0;6252,3,1,-1,0;6268,1,1,-1,2;6284,0,1,-1,0;6315,2,1,-1,0;6347,1,1,-1,0;6379,2,1,-1,1;6379,3,1,-1,1;6410,0,1,-1,1;6410,2,1,-1,1;6442,3,1,-1,0;6458,1,1,-1,2;6473,0,1,-1,0;6505,3,1,-1,0;6521,1,1,-1,2;6537,0,1,-1,0;6568,0,1,-1,1;6568,1,1,-1,1;6600,3,1,-1,0;6631,0,1,-1,1;6631,1,1,-1,1;6663,3,1,-1,0;6694,3,1,-1,0;6710,1,1,-1,2;6726,0,1,-1,0;6758,3,1,-1,0;6773,1,1,-1,2;6789,0,1,-1,0;6837,0,1,-1,2;6852,1,1,-1,0;6868,3,1,-1,2;6884,2,1,-1,0;6947,0,2,1,1;6947,2,1,-1,1;6979,3,1,-1,0;6994,3,1,-1,2;7010,3,1,-1,0;7026,3,1,-1,2;7058,1,1,-1,2;7089,3,1,-1,2;7121,2,1,-1,2;7137,2,1,-1,0;7200,2,1,-1,1;7200,3,2,2,1;7231,0,1,-1,0;7247,0,1,-1,2;7263,0,1,-1,0;7279,0,1,-1,2;7310,1,1,-1,2;7342,0,1,-1,2;7373,2,1,-1,2;7389,2,1,-1,0;7452,1,2,3,1;7452,2,1,-1,1;7484,3,1,-1,0;7500,3,1,-1,2;7515,3,1,-1,0;7531,3,1,-1,2;7563,0,1,-1,2;7594,3,1,-1,2;7626,0,1,-1,2;7642,0,1,-1,0;7705,1,2,4,1;7705,2,2,5,1;7831,0,1,-1,1;7831,3,1,-1,1;7863,0,1,-1,1;7863,1,1,-1,1;7894,1,1,-1,1;7894,3,1,-1,1;7926,0,1,-1,1;7926,3,1,-1,1;7958,1,1,-1,1;7958,2,1,-1,1;7989,0,1,-1,0;8005,1,1,-1,2;8021,3,1,-1,0;8037,2,1,-1,2;8052,0,1,-1,0;8084,1,1,-1,1;8084,2,1,-1,1;8115,3,1,-1,0;8131,1,1,-1,2;8147,0,1,-1,0;8163,2,1,-1,2;8179,3,1,-1,0;8210,1,1,-1,1;8210,2,1,-1,1;8242,0,1,-1,0;8258,1,1,-1,2;8273,3,1,-1,0;8289,2,1,-1,2;8305,0,1,-1,0;8337,1,1,-1,1;8337,2,1,-1,1;8368,3,1,-1,0;8384,1,1,-1,2;8400,0,1,-1,0;8415,2,1,-1,2;8431,3,1,-1,0;8463,0,1,-1,0;8479,1,1,-1,2;8494,0,1,-1,0;8526,3,1,-1,0;8542,1,1,-1,2;8558,3,1,-1,0;8589,0,1,-1,0;8605,1,1,-1,2;8621,3,1,-1,0;8652,0,1,-1,0;8668,1,1,-1,2;8684,3,1,-1,0;8715,2,1,-1,0;8731,0,1,-1,2;8747,3,1,-1,0;8779,2,1,-1,0;8794,0,1,-1,2;8810,3,1,-1,0;8842,0,1,-1,1;8842,1,1,-1,1;8873,0,1,-1,1;8873,3,1,-1,1;8905,1,1,-1,1;8905,3,1,-1,1;8937,0,1,-1,1;8937,3,1,-1,1;8968,0,1,-1,0;8984,1,1,-1,2;9000,2,1,-1,0;9015,1,1,-1,2;9031,0,1,-1,0;9047,1,1,-1,2;9063,3,1,-1,0;9094,0,1,-1,1;9094,2,1,-1,1;9126,1,1,-1,0;9158,2,1,-1,0;9189,1,1,-1,1;9189,3,1,-1,1;9221,3,1,-1,0;9237,1,1,-1,2;9252,2,1,-1,0;9268,1,1,-1,2;9284,0,1,-1,0;9300,1,1,-1,2;9315,3,1,-1,0;9347,1,1,-1,1;9347,3,1,-1,1;9379,2,1,-1,0;9410,0,1,-1,1;9410,1,1,-1,1;9442,2,1,-1,0;9473,0,1,-1,0;9489,2,1,-1,2;9505,1,1,-1,0;9521,0,1,-1,2;9537,3,1,-1,0;9552,2,1,-1,2;9568,1,1,-1,0;9600,0,1,-1,1;9600,3,1,-1,1;9631,1,1,-1,0;9663,0,1,-1,1;9663,3,1,-1,1;9694,1,1,-1,0;9726,3,1,-1,0;9742,2,1,-1,2;9758,1,1,-1,0;9773,3,1,-1,2;9789,0,1,-1,0;9805,2,1,-1,2;9821,1,1,-1,0;9868,3,1,-1,2;9884,1,1,-1,0;9900,0,1,-1,2;9915,2,1,-1,0;9963,1,2,6,2;10105,2,1,-1,0","h":"1,0,6947,7168;2,3,7200,7421;3,1,7452,7673;4,1,7705,7800;5,2,7705,7800;6,1,9963,10105"}