{"v":1,"fmt":"sldr-chart-v1","id":"brek-down","d":"Medium","m":8,"du":103.26,"tr":279,"ch":52,"mx":2,"of":13,"sr":[0.53425,0.5,0.18638,0.05136,0.039275],"n":"631,0,1,-1,0;663,0,1,-1,1;663,1,1,-1,1;694,3,1,-1,0;726,0,1,-1,1;726,1,1,-1,1;758,3,1,-1,0;789,1,1,-1,1;789,3,1,-1,1;821,0,1,-1,0;852,1,1,-1,1;852,3,1,-1,1;884,2,1,-1,0;915,0,1,-1,1;915,3,1,-1,1;947,1,1,-1,0;979,0,1,-1,1;979,3,1,-1,1;1010,2,1,-1,0;1042,3,1,-1,0;1073,0,1,-1,0;1105,0,1,-1,0;1137,3,1,-1,0;1168,1,1,-1,1;1168,3,1,-1,1;1200,0,1,-1,0;1231,1,1,-1,1;1231,3,1,-1,1;1263,0,1,-1,0;1294,0,1,-1,1;1294,1,1,-1,1;1326,3,1,-1,0;1358,0,1,-1,1;1358,1,1,-1,1;1389,2,1,-1,0;1421,0,1,-1,1;1421,3,1,-1,1;1452,1,1,-1,0;1484,0,1,-1,1;1484,3,1,-1,1;1515,2,1,-1,0;1547,0,1,-1,0;1579,3,1,-1,0;1610,3,1,-1,0;1642,2,1,-1,0;1673,0,1,-1,1;1673,3,1,-1,1;1705,0,1,-1,0;1737,0,1,-1,1;1737,1,1,-1,1;1768,3,1,-1,0;1800,1,1,-1,1;1800,3,1,-1,1;1831,1,1,-1,0;1863,1,1,-1,0;1894,2,1,-1,0;1926,3,1,-1,0;1958,0,1,-1,0;1989,2,1,-1,0;2021,1,1,-1,0;2052,3,1,-1,0;2084,0,1,-1,0;2115,1,1,-1,1;2115,3,1,-1,1;2147,2,1,-1,0;2179,0,1,-1,0;2210,3,1,-1,0;2242,2,1,-1,0;2273,1,1,-1,0;2305,0,1,-1,0;2337,3,1,-1,0;2368,0,1,-1,1;2368,1,1,-1,1;2400,2,1,-1,0;2431,3,1,-1,0;2463,1,1,-1,0;2494,0,1,-1,0;2526,1,1,-1,0;2558,3,1,-1,0;2589,2,1,-1,0;2621,0,1,-1,0;2652,3,1,-1,0;2684,1,1,-1,1;2684,3,1,-1,1;2715,0,1,-1,0;2747,0,1,-1,1;2747,1,1,-1,1;2779,3,1,-1,0;2810,1,1,-1,1;2810,3,1,-1,1;2842,0,1,-1,0;2873,0,1,-1,1;2873,1,1,-1,1;2905,2,1,-1,0;2937,0,1,-1,0;2968,3,1,-1,0;3000,2,1,-1,0;3031,1,1,-1,0;3063,0,1,-1,0;3094,3,1,-1,0;3126,0,1,-1,1;3126,1,1,-1,1;3158,2,1,-1,0;3189,3,1,-1,0;3221,0,1,-1,0;3252,2,1,-1,0;3284,1,1,-1,0;3315,3,1,-1,0;3347,0,1,-1,0;3379,1,1,-1,1;3379,3,1,-1,1;3410,2,1,-1,0;3442,0,1,-1,0;3473,1,1,-1,0;3505,3,1,-1,0;3537,1,1,-1,0;3568,0,1,-1,0;3600,2,1,-1,0;3631,3,1,-1,0;3663,2,1,-1,0;3694,2,1,-1,0;3726,2,1,-1,0;3758,2,1,-1,0;3789,1,1,-1,0;3821,1,1,-1,0;3852,1,1,-1,0;3884,1,1,-1,0;3915,0,1,-1,0;3947,3,1,-1,0;3979,2,1,-1,0;4010,2,2,1,0;4042,1,1,-1,0;4073,1,1,-1,0;4105,1,2,2,0;4168,0,1,-1,0;4200,0,1,-1,1;4200,1,1,-1,1;4231,3,1,-1,0;4263,1,1,-1,1;4263,3,1,-1,1;4294,2,1,-1,0;4326,0,1,-1,1;4326,3,1,-1,1;4358,1,1,-1,0;4389,0,1,-1,0;4421,3,1,-1,0;4452,0,1,-1,0;4484,1,1,-1,0;4515,1,2,3,0;4547,2,1,-1,0;4579,2,1,-1,0;4610,2,2,4,0;4673,0,1,-1,1;4673,1,1,-1,1;4705,3,1,-1,0;4737,1,1,-1,1;4737,3,1,-1,1;4768,0,1,-1,0;4800,2,1,-1,0;4831,0,1,-1,0;4863,1,1,-1,0;4926,0,1,-1,0;4958,2,1,-1,0;4989,1,1,-1,0;5021,0,1,-1,0;5052,1,1,-1,0;5084,3,1,-1,0;5115,1,1,-1,0;5147,2,1,-1,0;5179,1,1,-1,0;5210,1,1,-1,0;5242,1,1,-1,0;5273,0,1,-1,1;5273,3,1,-1,1;5305,1,1,-1,0;5337,0,1,-1,1;5337,3,1,-1,1;5368,1,1,-1,0;5400,0,1,-1,1;5400,3,1,-1,1;5431,2,1,-1,0;5463,3,1,-1,0;5494,1,1,-1,0;5526,0,1,-1,0;5558,3,1,-1,0;5589,2,1,-1,0;5621,0,1,-1,0;5652,1,1,-1,0;5684,0,1,-1,1;5684,3,1,-1,1;5715,1,1,-1,0;5747,0,1,-1,1;5747,3,1,-1,1;5779,1,1,-1,0;5810,0,1,-1,1;5810,1,1,-1,1;5842,1,1,-1,1;5842,3,1,-1,1;5873,0,1,-1,0;5905,1,1,-1,0;5937,0,1,-1,0;5968,2,1,-1,0;6000,1,1,-1,0;6031,0,1,-1,0;6063,1,1,-1,0;6094,3,1,-1,0;6126,1,1,-1,0;6158,2,1,-1,0;6189,1,1,-1,1;6189,3,1,-1,1;6221,0,1,-1,0;6252,0,1,-1,1;6252,1,1,-1,1;6284,3,1,-1,0;6315,2,1,-1,0;6347,3,1,-1,0;6379,1,1,-1,0;6410,0,1,-1,1;6410,3,1,-1,1;6442,2,1,-1,0;6473,3,1,-1,0;6505,1,1,-1,0;6537,0,1,-1,0;6568,3,1,-1,0;6600,2,1,-1,0;6631,0,1,-1,0;6663,1,1,-1,0;6694,2,1,-1,0;6726,0,1,-1,1;6726,3,1,-1,1;6758,1,1,-1,0;6789,0,1,-1,1;6789,3,1,-1,1;6821,2,1,-1,0;6852,0,1,-1,0;6884,1,1,-1,0;6947,0,2,5,1;6947,1,2,6,1;7010,3,1,-1,0;7026,1,1,-1,2;7058,0,1,-1,2;7089,3,1,-1,2;7121,0,1,-1,2;7137,1,1,-1,0;7200,1,2,7,1;7200,3,2,8,1;7263,0,1,-1,0;7279,1,1,-1,2;7310,3,1,-1,2;7342,0,1,-1,2;7373,3,1,-1,2;7389,1,1,-1,0;7452,0,2,9,1;7452,1,2,10,1;7515,3,1,-1,0;7531,1,1,-1,2;7563,0,1,-1,2;7594,3,1,-1,2;7626,0,1,-1,2;7642,1,1,-1,0;7673,1,1,-1,0;7705,2,1,-1,0;7737,3,1,-1,0;7768,1,1,-1,0;7800,0,1,-1,0;7831,0,1,-1,1;7831,1,1,-1,1;7863,1,1,-1,1;7863,3,1,-1,1;7894,0,1,-1,0;7926,1,1,-1,0;7958,3,2,11,0;8021,1,1,-1,0;8084,1,1,-1,0;8147,1,1,-1,0;8210,0,2,12,0;8273,1,1,-1,0;8337,1,1,-1,0;8400,1,1,-1,0;8463,3,2,13,0;8526,1,2,14,0;8589,0,2,15,0;8652,1,2,16,0;8715,3,1,-1,0;8747,0,1,-1,0;8779,1,1,-1,0;8810,0,1,-1,1;8810,1,1,-1,1;8842,3,1,-1,0;8873,1,1,-1,1;8873,3,1,-1,1;8905,0,1,-1,0;8937,0,1,-1,0;8968,3,1,-1,0;9000,2,1,-1,0;9031,3,1,-1,0;9063,1,1,-1,0;9094,2,1,-1,0;9126,1,1,-1,0;9158,3,1,-1,0;9189,0,1,-1,0;9221,1,1,-1,1;9221,3,1,-1,1;9252,0,1,-1,0;9284,1,1,-1,0;9315,0,1,-1,1;9315,3,1,-1,1;9347,2,1,-1,0;9379,2,1,-1,0;9410,2,1,-1,0;9442,0,1,-1,1;9442,3,1,-1,1;9473,0,1,-1,0;9505,2,1,-1,0;9537,0,1,-1,0;9568,1,1,-1,0;9600,2,1,-1,0;9631,1,1,-1,0;9663,0,1,-1,0;9694,3,1,-1,0;9726,0,1,-1,1;9726,1,1,-1,1;9758,3,1,-1,0;9789,1,1,-1,0;9821,0,1,-1,1;9821,3,1,-1,1;9852,2,1,-1,0;9884,0,1,-1,0;9915,1,1,-1,0;9963,3,2,17,2;10105,0,1,-1,0","h":"2,1,4105,4137;1,2,4010,4137;3,1,4515,4642;4,2,4610,4642;5,0,6947,6979;6,1,6947,6979;7,1,7200,7231;8,3,7200,7231;9,0,7452,7484;10,1,7452,7484;11,3,7958,8179;12,0,8210,8431;13,3,8463,8494;14,1,8526,8558;15,0,8589,8621;16,1,8652,8684;17,3,9963,10105"}