{"v":1,"fmt":"sldr-chart-v1","id":"ecstasy-midnight-blue-mix","d":"Challenge","m":11,"du":89.91,"tr":262,"ch":25,"mx":2,"of":126,"sr":[0.532013,0.5,0.09542,0.02439,0.439024],"n":"660,0,1,-1,1;660,3,1,-1,1;702,1,1,-1,0;722,2,1,-1,2;784,0,1,-1,0;805,3,1,-1,2;826,1,1,-1,0;867,1,1,-1,1;867,2,1,-1,1;908,3,1,-1,0;949,0,1,-1,0;970,1,1,-1,2;991,2,1,-1,0;1032,1,1,-1,1;1032,3,1,-1,1;1073,2,1,-1,0;1115,3,1,-1,0;1135,0,1,-1,2;1156,1,1,-1,0;1197,0,1,-1,1;1197,1,1,-1,1;1239,3,1,-1,0;1280,3,1,-1,0;1300,2,1,-1,2;1321,0,1,-1,0;1362,0,1,-1,1;1362,1,1,-1,1;1404,2,1,-1,0;1424,3,1,-1,2;1445,1,1,-1,0;1476,0,1,-1,2;1486,1,1,-1,0;1507,3,1,-1,2;1559,0,1,-1,2;1569,1,1,-1,0;1590,2,1,-1,2;1641,0,1,-1,2;1652,1,1,-1,0;1672,3,1,-1,2;1724,0,1,-1,2;1734,1,1,-1,0;1755,2,1,-1,2;1806,3,1,-1,2;1817,1,1,-1,0;1837,0,1,-1,2;1889,3,1,-1,2;1899,1,1,-1,0;1920,2,1,-1,2;1972,3,1,-1,2;1982,1,1,-1,0;2003,0,1,-1,2;2054,3,1,-1,2;2065,1,1,-1,0;2085,2,1,-1,2;2137,2,1,-1,2;2147,0,1,-1,0;2168,3,1,-1,2;2219,3,1,-1,2;2230,1,1,-1,0;2250,2,1,-1,2;2302,2,1,-1,2;2312,0,1,-1,0;2333,3,1,-1,2;2385,3,1,-1,2;2395,1,1,-1,0;2416,2,1,-1,2;2467,2,1,-1,2;2478,3,1,-1,0;2498,0,1,-1,2;2550,0,1,-1,2;2560,1,1,-1,0;2581,2,1,-1,2;2633,2,1,-1,2;2643,3,1,-1,0;2663,0,1,-1,2;2715,0,1,-1,2;2725,1,1,-1,0;2746,2,1,-1,2;2808,0,1,-1,1;2808,2,2,1,1;2839,0,1,-1,2;2870,0,1,-1,2;2891,0,1,-1,0;2922,0,1,-1,2;2953,0,1,-1,2;2973,0,2,2,1;2973,1,1,-1,1;3004,1,1,-1,2;3035,1,1,-1,2;3056,1,1,-1,0;3087,1,1,-1,2;3118,1,1,-1,2;3138,1,2,3,1;3138,3,1,-1,1;3169,3,1,-1,2;3200,3,1,-1,2;3221,3,1,-1,0;3252,3,1,-1,2;3283,3,1,-1,2;3304,2,1,-1,1;3304,3,2,4,1;3335,2,1,-1,2;3366,2,1,-1,2;3386,2,1,-1,0;3417,2,1,-1,2;3448,2,1,-1,2;3469,0,1,-1,0;3500,0,1,-1,2;3531,0,1,-1,2;3552,1,1,-1,0;3582,1,1,-1,2;3613,1,1,-1,2;3634,2,1,-1,0;3665,2,1,-1,2;3696,2,1,-1,2;3717,3,1,-1,0;3748,0,1,-1,2;3779,1,1,-1,2;3799,2,1,-1,0;3830,2,1,-1,2;3861,2,1,-1,2;3882,3,1,-1,0;3913,3,1,-1,2;3944,3,1,-1,2;3965,0,1,-1,0;3996,0,1,-1,2;4026,0,1,-1,2;4047,3,1,-1,0;4078,2,1,-1,2;4109,0,1,-1,2;4130,0,1,-1,0;4161,2,1,-1,2;4192,1,1,-1,2;4254,2,1,-1,1;4254,3,1,-1,1;4295,1,1,-1,0;4326,0,1,-1,2;4357,2,1,-1,2;4398,0,1,-1,2;4429,0,1,-1,2;4460,1,1,-1,0;4491,3,1,-1,2;4522,0,1,-1,3;4522,2,1,-1,3;4584,0,1,-1,1;4584,3,1,-1,1;4625,3,1,-1,0;4656,1,1,-1,2;4687,1,1,-1,2;4749,0,1,-1,1;4749,3,1,-1,1;4791,1,1,-1,0;4832,0,1,-1,1;4832,3,1,-1,1;4873,3,1,-1,0;4915,1,1,-1,1;4915,2,1,-1,1;4956,3,1,-1,0;4997,0,1,-1,1;4997,2,1,-1,1;5038,1,1,-1,1;5038,3,1,-1,1;5080,0,1,-1,0;5121,1,1,-1,0;5162,3,1,-1,0;5204,2,1,-1,0;5245,0,1,-1,1;5245,1,1,-1,1;5286,1,1,-1,0;5328,2,1,-1,0;5369,0,1,-1,0;5410,1,1,-1,1;5410,2,1,-1,1;5451,0,2,5,1;5451,3,1,-1,1;5493,1,1,-1,0;5534,3,1,-1,0;5575,1,1,-1,0;5617,3,1,-1,0;5658,1,1,-1,0;5699,3,1,-1,0;5741,1,1,-1,0;5782,2,1,-1,0;5813,2,1,-1,2;5844,2,1,-1,2;5906,2,1,-1,0;5947,1,1,-1,0;5978,1,1,-1,2;6009,1,1,-1,2;6071,1,1,-1,0;6102,1,1,-1,2;6112,0,1,-1,0;6154,3,1,-1,0;6185,1,1,-1,2;6195,0,1,-1,0;6236,3,1,-1,0;6267,3,1,-1,2;6278,0,1,-1,0;6319,1,1,-1,0;6350,3,1,-1,2;6360,0,1,-1,0;6401,1,1,-1,0;6432,2,1,-1,2;6443,1,1,-1,0;6484,3,1,-1,0;6515,2,1,-1,2;6525,1,1,-1,0;6567,3,1,-1,0;6598,0,1,-1,2;6608,1,1,-1,0;6649,2,1,-1,0;6680,0,1,-1,2;6691,1,1,-1,0;6732,2,1,-1,0;6763,1,1,-1,2;6773,0,1,-1,0;6794,3,1,-1,2;6845,1,1,-1,2;6856,0,1,-1,0;6876,3,1,-1,2;6928,3,1,-1,2;6938,0,1,-1,0;6959,1,1,-1,2;7011,3,1,-1,2;7021,0,1,-1,0;7042,1,1,-1,2;7093,2,1,-1,2;7104,1,1,-1,0;7124,3,1,-1,2;7176,2,1,-1,2;7186,1,1,-1,0;7207,3,1,-1,2;7258,0,1,-1,2;7269,1,1,-1,0;7289,2,1,-1,2;7341,0,1,-1,2;7351,1,1,-1,0;7372,2,1,-1,2;7434,0,1,-1,0;7514,1,1,-1,0;7594,3,1,-1,0;7673,1,1,-1,0;7753,0,1,-1,1;7753,2,1,-1,1;7793,1,1,-1,0;7833,2,1,-1,0;7853,3,1,-1,2;7873,1,1,-1,0;7893,2,1,-1,2;7913,0,1,-1,1;7913,3,1,-1,1;7953,1,1,-1,0;7993,2,1,-1,0;8013,3,1,-1,2;8033,0,1,-1,0;8053,1,1,-1,2;8073,1,1,-1,1;8073,2,1,-1,1;8112,0,1,-1,0;8152,3,1,-1,0;8172,2,1,-1,2;8192,1,1,-1,0;8212,0,1,-1,2;8232,0,1,-1,1;8232,3,1,-1,1;8272,2,1,-1,0;8312,3,1,-1,0;8332,0,1,-1,2;8352,1,1,-1,0;8372,2,1,-1,2;8392,3,1,-1,0;8412,2,1,-1,2;8432,1,1,-1,0;8452,0,1,-1,2;8472,1,1,-1,0;8492,0,1,-1,2;8512,3,1,-1,0;8532,0,1,-1,2;8552,2,1,-1,0;8571,1,1,-1,2;8591,3,1,-1,0;8611,2,1,-1,2;8631,3,1,-1,0;8651,0,1,-1,2;8671,2,1,-1,0;8691,1,2,6,3;8691,2,2,7,3","h":"1,2,2808,2891;2,0,2973,3056;3,1,3138,3221;4,3,3304,3386;5,0,5451,6071;6,1,8691,8831;7,2,8691,8831"}