{"v":1,"fmt":"sldr-chart-v1","id":"super-star-from-nonstop-megamix","d":"Challenge","m":10,"du":95.15,"tr":282,"ch":5,"mx":2,"of":124,"sr":[0.502715,0.5,0.01773,0.038328,0.432056],"n":"562,3,1,-1,0;656,0,1,-1,0;750,3,1,-1,0;797,0,1,-1,0;844,3,1,-1,0;937,0,1,-1,0;984,0,1,-1,0;1031,3,1,-1,0;1078,3,1,-1,0;1125,0,1,-1,0;1172,3,1,-1,0;1219,0,1,-1,0;1265,0,1,-1,0;1312,3,1,-1,0;1359,0,1,-1,0;1406,3,1,-1,0;1453,3,1,-1,0;1500,0,1,-1,0;1547,3,1,-1,0;1594,0,1,-1,0;1617,1,1,-1,2;1640,0,1,-1,0;1687,1,2,1,1;1687,3,2,2,1;1781,2,1,-1,0;1804,0,1,-1,2;1828,1,1,-1,0;1875,3,1,-1,0;1898,0,1,-1,2;1922,3,1,-1,0;1945,0,1,-1,2;1969,2,1,-1,0;1992,2,1,-1,2;2015,1,1,-1,1;2015,3,1,-1,1;2062,3,1,-1,0;2086,2,1,-1,2;2109,0,1,-1,0;2156,0,1,-1,0;2179,1,1,-1,2;2203,3,1,-1,0;2250,3,1,-1,0;2273,2,1,-1,2;2297,0,1,-1,0;2320,1,1,-1,2;2344,3,1,-1,0;2367,1,1,-1,2;2390,0,1,-1,0;2437,2,1,-1,0;2461,0,1,-1,2;2484,1,1,-1,0;2531,3,1,-1,0;2554,0,1,-1,2;2578,1,1,-1,0;2625,3,1,-1,0;2648,1,1,-1,2;2672,0,1,-1,0;2695,2,1,-1,2;2719,0,1,-1,0;2742,1,1,-1,2;2765,3,1,-1,0;2812,1,1,-1,0;2836,2,1,-1,2;2859,0,1,-1,0;2883,0,1,-1,2;2918,2,1,-1,2;2941,1,1,-1,2;2953,3,1,-1,0;2976,3,1,-1,2;3000,3,2,3,0;3187,0,1,-1,0;3211,1,1,-1,2;3234,2,1,-1,0;3258,3,1,-1,2;3293,1,1,-1,2;3316,0,1,-1,2;3328,3,1,-1,0;3375,2,1,-1,0;3398,3,1,-1,2;3422,1,1,-1,0;3445,3,1,-1,2;3480,0,1,-1,2;3504,1,1,-1,2;3515,2,1,-1,0;3562,2,1,-1,0;3586,0,1,-1,2;3609,3,1,-1,0;3633,1,1,-1,2;3668,2,1,-1,2;3691,3,1,-1,2;3703,0,1,-1,0;3750,1,2,4,1;3750,2,2,5,1;3844,3,1,-1,0;3867,2,1,-1,2;3890,1,1,-1,0;3937,2,1,-1,0;3961,0,1,-1,2;3984,3,1,-1,0;4008,3,1,-1,2;4019,0,1,-1,2;4078,1,1,-1,0;4125,2,1,-1,0;4148,0,1,-1,2;4172,1,1,-1,0;4195,0,1,-1,2;4230,2,1,-1,2;4254,1,1,-1,2;4265,3,1,-1,0;4289,3,1,-1,2;4312,2,1,-1,0;4336,1,1,-1,2;4359,0,1,-1,0;4383,3,1,-1,2;4394,2,1,-1,2;4429,1,1,-1,2;4453,1,1,-1,0;4500,0,1,-1,0;4523,2,1,-1,2;4547,3,1,-1,0;4570,3,1,-1,2;4582,1,2,6,2;4687,2,1,-1,0;4711,0,1,-1,2;4734,1,1,-1,0;4758,3,1,-1,2;4781,1,1,-1,0;4804,0,1,-1,2;4828,2,1,-1,0;4851,2,1,-1,2;4875,1,1,-1,0;4898,3,1,-1,2;4922,2,1,-1,0;4945,0,1,-1,2;4969,3,1,-1,0;4992,1,1,-1,2;5015,2,1,-1,0;5039,2,1,-1,2;5062,0,1,-1,0;5086,3,1,-1,2;5109,1,1,-1,0;5133,2,1,-1,2;5156,1,1,-1,0;5179,3,1,-1,2;5203,2,1,-1,0;5250,0,1,-1,0;5273,1,1,-1,2;5297,3,1,-1,0;5320,2,1,-1,2;5344,3,1,-1,0;5367,3,1,-1,2;5390,1,1,-1,0;5414,2,1,-1,2;5437,0,1,-1,0;5461,0,1,-1,2;5484,0,1,-1,0;5531,1,1,-1,0;5554,2,1,-1,2;5578,3,1,-1,0;5590,1,1,-1,2;5601,3,1,-1,2;5625,0,1,-1,0;5648,1,1,-1,2;5672,2,1,-1,0;5718,3,1,-1,0;5742,2,1,-1,2;5765,1,1,-1,0;5812,0,1,-1,0;5836,2,1,-1,2;5859,1,1,-1,0;5883,0,1,-1,2;5906,3,1,-1,0;5918,1,1,-1,2;5929,3,1,-1,2;5953,0,1,-1,0;6000,1,1,-1,0;6023,2,1,-1,2;6047,3,1,-1,0;6070,1,1,-1,2;6093,2,1,-1,0;6117,0,1,-1,2;6140,1,1,-1,0;6164,1,1,-1,2;6187,2,1,-1,0;6234,0,1,-1,0;6258,1,1,-1,2;6304,3,1,-1,2;6328,2,1,-1,0;6375,0,1,-1,0;6398,3,1,-1,2;6422,2,1,-1,0;6445,1,1,-1,2;6468,2,1,-1,0;6492,0,1,-1,2;6515,0,1,-1,0;6562,2,1,-1,0;6586,1,1,-1,2;6609,3,1,-1,0;6633,2,1,-1,2;6656,1,1,-1,0;6679,0,1,-1,2;6703,2,1,-1,0;6726,1,1,-1,2;6750,0,1,-1,0;6773,3,1,-1,2;6797,2,1,-1,0;6820,3,1,-1,2;6843,0,1,-1,0;6867,2,1,-1,2;6890,2,1,-1,0;6937,2,2,7,0;7125,0,2,8,0;7312,2,1,-1,0;7336,0,1,-1,2;7359,1,1,-1,0;7406,1,2,9,1;7406,2,2,10,1;7500,2,1,-1,0;7523,3,1,-1,2;7547,1,1,-1,0;7593,1,1,-1,1;7593,2,1,-1,1;7617,3,1,-1,2;7640,2,1,-1,0;7664,1,1,-1,2;7687,0,1,-1,0;7711,2,1,-1,2;7734,1,1,-1,0;7758,3,1,-1,2;7781,0,1,-1,0;7804,2,1,-1,2;7828,1,1,-1,0;7851,3,1,-1,2;7875,0,1,-1,0;7898,2,1,-1,2;7922,0,1,-1,0;7945,1,1,-1,2;7968,0,1,-1,0;7992,3,1,-1,2;8015,1,1,-1,0;8039,2,1,-1,2;8062,0,1,-1,0;8086,1,1,-1,2;8109,3,1,-1,0;8133,3,1,-1,2;8156,2,1,-1,0;8179,0,1,-1,2;8203,3,1,-1,0;8226,1,1,-1,2;8250,2,1,-1,0;8273,1,1,-1,2;8367,1,1,-1,2;8390,2,1,-1,0;8414,0,1,-1,2;8437,2,1,-1,0;8461,3,1,-1,2;8484,1,1,-1,0;8508,2,1,-1,2;8531,3,1,-1,0;8554,0,1,-1,2;8578,1,1,-1,0;8601,1,1,-1,2;8625,2,1,-1,0;8648,0,1,-1,2;8672,3,1,-1,0;8695,2,1,-1,2;8718,3,1,-1,0;8742,0,1,-1,2;8765,2,1,-1,0;8789,2,1,-1,2;8812,3,1,-1,0;8836,2,1,-1,2;8859,1,1,-1,0;8883,2,1,-1,2;8906,0,1,-1,0;8929,3,1,-1,2;8953,1,1,-1,0;8976,0,1,-1,2;9000,2,1,-1,0;9023,1,1,-1,2;9047,0,1,-1,0;9070,3,1,-1,2;9093,2,1,-1,0;9117,1,1,-1,2;9140,3,1,-1,0;9164,0,1,-1,2;9187,0,2,11,0","h":"1,1,1687,1734;2,3,1687,1734;3,3,3000,3140;4,1,3750,3797;5,2,3750,3797;6,1,4582,4640;7,2,6937,7078;8,0,7125,7265;9,1,7406,7453;10,2,7406,7453;11,0,9187,9281"}