{"v":1,"fmt":"sldr-chart-v1","id":"living-in-america","d":"Hard","m":7,"du":89.12,"tr":311,"ch":36,"mx":2,"of":111,"sr":[0.648938,0.5,0.115756,0.051873,0.319885],"n":"427,0,1,-1,0;445,3,1,-1,2;463,2,1,-1,0;498,1,1,-1,0;552,0,1,-1,2;640,3,1,-1,0;676,3,1,-1,0;711,2,2,1,0;782,0,1,-1,0;818,1,1,-1,0;853,2,1,-1,0;871,3,1,-1,2;889,2,1,-1,0;924,2,1,-1,0;942,0,1,-1,2;960,2,1,-1,0;995,1,1,-1,0;1013,3,1,-1,2;1031,1,1,-1,0;1066,1,1,-1,0;1084,0,1,-1,2;1102,1,1,-1,0;1137,0,2,2,1;1137,3,1,-1,1;1173,1,1,-1,0;1208,0,1,-1,1;1208,3,2,3,1;1244,1,1,-1,0;1279,3,1,-1,0;1297,0,1,-1,2;1315,0,1,-1,1;1315,3,1,-1,1;1350,0,1,-1,0;1368,3,1,-1,2;1386,0,1,-1,1;1386,3,1,-1,1;1421,2,1,-1,0;1439,3,1,-1,2;1457,2,1,-1,0;1492,2,1,-1,0;1510,0,1,-1,2;1528,2,1,-1,0;1563,1,1,-1,0;1581,3,1,-1,2;1599,1,1,-1,0;1634,1,1,-1,0;1652,0,1,-1,2;1670,1,1,-1,0;1705,0,1,-1,1;1705,3,2,4,1;1741,1,1,-1,0;1776,0,2,5,1;1776,3,1,-1,1;1812,1,1,-1,0;1847,2,1,-1,0;1865,1,1,-1,2;1883,0,1,-1,0;1901,1,1,-1,2;1918,2,1,-1,0;1936,0,1,-1,2;1954,1,1,-1,1;1954,3,1,-1,1;1989,3,1,-1,0;2025,0,1,-1,0;2060,2,1,-1,0;2078,1,1,-1,2;2114,2,1,-1,2;2149,2,1,-1,2;2167,1,1,-1,0;2185,3,1,-1,2;2202,1,1,-1,0;2220,2,1,-1,2;2238,1,1,-1,0;2273,0,1,-1,0;2309,3,1,-1,0;2345,1,1,-1,0;2362,2,1,-1,2;2398,1,1,-1,2;2433,1,1,-1,2;2451,2,1,-1,0;2469,0,1,-1,2;2487,2,1,-1,0;2504,1,1,-1,2;2522,2,1,-1,0;2558,1,1,-1,0;2593,2,1,-1,0;2629,0,1,-1,0;2646,3,1,-1,2;2682,0,1,-1,2;2717,0,1,-1,2;2735,3,1,-1,0;2753,2,1,-1,2;2771,3,1,-1,0;2788,0,1,-1,2;2806,3,1,-1,0;2842,2,1,-1,0;2877,1,1,-1,0;2913,3,1,-1,0;2930,0,1,-1,2;2966,3,1,-1,2;3001,0,1,-1,2;3019,3,1,-1,0;3037,2,1,-1,2;3055,1,1,-1,0;3072,0,1,-1,2;3090,3,1,-1,0;3126,1,1,-1,1;3126,2,1,-1,1;3161,1,1,-1,1;3161,3,1,-1,1;3197,1,1,-1,0;3214,2,1,-1,2;3250,1,1,-1,2;3285,0,1,-1,2;3303,3,1,-1,0;3321,1,1,-1,2;3339,2,1,-1,0;3356,0,1,-1,2;3374,3,1,-1,0;3410,1,1,-1,1;3410,2,1,-1,1;3445,0,1,-1,1;3445,1,1,-1,1;3481,3,1,-1,0;3498,0,1,-1,2;3534,3,1,-1,2;3569,1,1,-1,2;3587,0,1,-1,0;3605,3,1,-1,2;3623,1,1,-1,0;3640,2,1,-1,2;3658,1,1,-1,0;3694,1,2,6,1;3694,2,1,-1,1;3765,0,1,-1,0;3818,3,1,-1,2;3853,0,1,-1,2;3871,2,1,-1,0;3889,3,1,-1,2;3907,3,1,-1,0;3924,2,1,-1,2;3942,0,1,-1,0;3978,0,1,-1,1;3978,3,1,-1,1;4013,0,1,-1,1;4013,3,1,-1,1;4049,2,1,-1,0;4066,1,1,-1,2;4102,2,1,-1,2;4191,1,1,-1,1;4191,2,1,-1,1;4226,0,1,-1,1;4226,3,1,-1,1;4262,2,1,-1,0;4279,1,1,-1,2;4297,3,1,-1,0;4315,0,1,-1,2;4333,1,2,7,0;4386,2,1,-1,2;4439,2,1,-1,0;4475,3,1,-1,0;4492,2,1,-1,2;4510,0,1,-1,0;4546,2,1,-1,0;4563,1,1,-1,2;4581,3,1,-1,0;4599,0,1,-1,2;4617,2,2,8,0;4670,1,1,-1,2;4705,2,1,-1,2;4723,0,1,-1,0;4741,3,1,-1,2;4759,0,1,-1,0;4794,1,1,-1,0;4830,3,1,-1,0;4847,0,1,-1,2;4865,2,1,-1,0;4883,1,1,-1,2;4901,3,2,9,0;4954,0,1,-1,2;5043,1,1,-1,1;5043,3,1,-1,1;5078,0,1,-1,1;5078,1,1,-1,1;5114,0,1,-1,0;5131,3,1,-1,2;5149,1,1,-1,0;5167,2,1,-1,2;5185,0,2,10,0;5238,3,1,-1,2;5273,2,1,-1,2;5291,1,1,-1,0;5309,2,1,-1,2;5327,0,1,-1,0;5362,1,1,-1,1;5362,3,1,-1,1;5398,0,1,-1,0;5415,2,1,-1,2;5433,1,1,-1,0;5451,3,1,-1,2;5469,1,1,-1,0;5504,2,1,-1,0;5522,2,1,-1,2;5575,1,1,-1,1;5575,2,1,-1,1;5611,0,1,-1,0;5628,1,1,-1,2;5646,3,1,-1,0;5682,3,1,-1,0;5699,1,1,-1,2;5717,2,1,-1,0;5735,0,1,-1,2;5753,2,1,-1,0;5788,1,1,-1,0;5806,1,1,-1,2;5841,2,1,-1,2;5859,0,1,-1,0;5877,1,1,-1,2;5895,3,1,-1,0;5930,1,1,-1,0;5966,1,1,-1,0;5983,2,1,-1,2;6001,1,1,-1,0;6019,3,1,-1,2;6037,0,1,-1,0;6072,1,1,-1,0;6090,1,1,-1,2;6179,2,1,-1,1;6179,3,1,-1,1;6214,0,1,-1,1;6214,1,1,-1,1;6250,2,1,-1,0;6267,1,1,-1,2;6285,2,1,-1,0;6303,0,1,-1,2;6321,3,1,-1,0;6356,2,1,-1,0;6374,2,1,-1,2;6409,2,1,-1,2;6427,0,1,-1,0;6445,1,1,-1,2;6463,0,1,-1,0;6498,0,1,-1,1;6498,3,1,-1,1;6534,3,1,-1,0;6551,0,1,-1,2;6569,3,1,-1,0;6605,0,1,-1,0;6622,3,1,-1,2;6640,0,1,-1,0;6676,2,1,-1,0;6693,1,1,-1,2;6711,2,1,-1,0;6747,1,1,-1,0;6764,2,1,-1,2;6782,1,1,-1,0;6818,0,1,-1,1;6818,3,2,11,1;6853,1,1,-1,0;6889,0,2,12,1;6889,3,1,-1,1;6924,1,1,-1,0;6960,3,1,-1,0;6977,0,1,-1,2;6995,1,1,-1,0;7031,0,1,-1,0;7048,3,1,-1,2;7066,1,1,-1,0;7102,2,1,-1,0;7119,0,1,-1,2;7137,2,1,-1,0;7173,1,1,-1,0;7190,3,1,-1,2;7208,1,1,-1,0;7244,3,1,-1,0;7261,2,1,-1,2;7279,3,1,-1,0;7315,0,1,-1,0;7332,1,1,-1,2;7350,0,1,-1,0;7386,1,1,-1,1;7386,2,2,13,1;7421,0,1,-1,0;7457,1,2,14,1;7457,2,1,-1,1;7492,3,1,-1,0;7528,2,1,-1,0;7545,1,1,-1,2;7563,3,1,-1,0;7581,1,1,-1,2;7599,2,1,-1,0;7616,3,1,-1,2;7634,0,1,-1,0;7670,2,1,-1,0;7687,1,1,-1,2;7705,0,1,-1,0;7741,0,1,-1,0;7758,1,1,-1,2;7776,2,1,-1,0;7812,1,1,-1,0;7829,2,1,-1,2;7847,3,1,-1,0;7883,3,1,-1,0;7900,2,1,-1,2;7918,1,1,-1,0;7954,0,2,15,1;7954,2,1,-1,1;7989,1,1,-1,0;8025,1,1,-1,1;8025,3,2,16,1;8060,2,1,-1,0;8096,0,1,-1,0;8113,3,1,-1,2;8131,1,1,-1,0;8167,3,1,-1,0;8184,0,1,-1,2;8202,1,1,-1,0;8238,0,1,-1,0;8255,3,1,-1,2;8273,1,1,-1,1;8273,3,1,-1,1;8309,3,1,-1,0;8326,0,1,-1,2;8344,0,1,-1,1;8344,1,1,-1,1;8380,0,1,-1,0;8397,1,1,-1,2;8415,0,1,-1,1;8415,1,1,-1,1;8451,3,1,-1,0;8468,1,1,-1,2;8486,1,1,-1,1;8486,3,1,-1,1;8522,2,2,17,1;8522,3,1,-1,1;8557,1,1,-1,0;8593,0,1,-1,1;8593,1,2,18,1;8628,3,1,-1,0;8664,2,1,-1,0;8681,1,1,-1,2;8699,0,1,-1,0;8717,1,1,-1,2;8735,2,1,-1,0;8752,0,1,-1,2;8770,0,1,-1,1;8770,3,1,-1,1","h":"1,2,711,818;2,0,1137,1173;3,3,1208,1244;4,3,1705,1741;5,0,1776,1812;6,1,3694,3818;7,1,4333,4386;8,2,4617,4670;9,3,4901,4954;10,0,5185,5238;11,3,6818,6853;12,0,6889,6924;13,2,7386,7421;14,1,7457,7492;15,0,7954,7989;16,3,8025,8060;17,2,8522,8557;18,1,8593,8628"}