{"v":1,"fmt":"sldr-chart-v1","id":"living-in-america","d":"Medium","m":5,"du":89.12,"tr":232,"ch":36,"mx":2,"of":39,"sr":[0.501197,0.5,0.155172,0.014925,0.145522],"n":"427,0,1,-1,0;463,0,1,-1,0;498,1,1,-1,0;569,3,1,-1,0;605,3,1,-1,0;640,1,1,-1,0;676,1,1,-1,0;711,2,1,-1,0;747,2,1,-1,0;782,0,1,-1,1;782,3,1,-1,1;818,0,1,-1,1;818,3,1,-1,1;853,3,1,-1,0;889,3,1,-1,0;924,0,1,-1,0;960,0,1,-1,0;995,2,1,-1,0;1031,2,1,-1,0;1066,1,1,-1,0;1102,1,1,-1,0;1137,3,1,-1,0;1173,1,1,-1,1;1173,3,1,-1,1;1208,0,1,-1,0;1244,0,1,-1,1;1244,1,1,-1,1;1279,3,1,-1,0;1297,0,1,-1,2;1315,1,1,-1,0;1350,0,1,-1,0;1368,3,1,-1,2;1386,1,1,-1,0;1421,2,1,-1,0;1457,2,1,-1,0;1492,1,1,-1,0;1528,1,1,-1,0;1563,3,1,-1,0;1599,3,1,-1,0;1634,0,1,-1,0;1670,0,1,-1,0;1705,2,1,-1,0;1741,0,1,-1,1;1741,2,1,-1,1;1776,1,1,-1,0;1812,1,1,-1,1;1812,3,1,-1,1;1847,2,1,-1,0;1865,3,1,-1,2;1883,1,1,-1,0;1918,2,1,-1,0;1936,0,1,-1,2;1954,1,1,-1,0;1989,3,1,-1,0;2025,0,1,-1,0;2060,2,1,-1,0;2114,1,2,1,2;2202,3,1,-1,0;2238,3,1,-1,0;2273,0,1,-1,0;2309,3,1,-1,0;2345,1,1,-1,0;2398,2,2,2,2;2487,0,1,-1,0;2522,0,1,-1,0;2558,1,1,-1,0;2593,2,1,-1,0;2629,0,1,-1,0;2682,3,2,3,2;2771,0,1,-1,0;2806,0,1,-1,0;2842,2,1,-1,0;2877,1,1,-1,0;2913,3,1,-1,0;2966,0,1,-1,2;3019,3,1,-1,0;3037,2,1,-1,2;3055,1,1,-1,0;3090,3,1,-1,0;3126,0,1,-1,0;3161,3,1,-1,0;3197,1,1,-1,0;3250,2,1,-1,2;3285,0,1,-1,2;3303,3,1,-1,0;3339,2,1,-1,0;3374,1,1,-1,0;3410,2,1,-1,0;3445,1,1,-1,0;3481,3,1,-1,0;3534,0,1,-1,2;3569,1,1,-1,2;3587,0,1,-1,0;3623,1,1,-1,0;3658,2,1,-1,0;3694,0,2,4,1;3694,3,1,-1,1;3765,1,1,-1,0;3818,3,1,-1,2;3871,2,1,-1,0;3889,0,1,-1,2;3907,1,1,-1,0;3942,3,1,-1,0;3978,0,1,-1,1;3978,3,1,-1,1;4013,0,1,-1,1;4013,3,1,-1,1;4049,2,1,-1,0;4066,1,1,-1,2;4102,2,1,-1,2;4191,0,1,-1,1;4191,3,1,-1,1;4226,0,1,-1,1;4226,3,1,-1,1;4262,2,1,-1,0;4279,1,1,-1,2;4297,3,1,-1,0;4333,1,1,-1,0;4386,2,1,-1,2;4475,0,1,-1,1;4475,1,1,-1,1;4510,2,1,-1,1;4510,3,1,-1,1;4546,2,1,-1,0;4563,1,1,-1,2;4581,3,1,-1,0;4617,2,1,-1,0;4670,1,1,-1,2;4759,2,1,-1,1;4759,3,1,-1,1;4794,0,1,-1,1;4794,2,1,-1,1;4830,3,1,-1,0;4847,0,1,-1,2;4865,2,1,-1,0;4901,3,1,-1,0;4954,0,1,-1,2;5043,1,1,-1,1;5043,3,1,-1,1;5078,0,1,-1,1;5078,1,1,-1,1;5114,0,1,-1,0;5131,3,1,-1,2;5149,1,1,-1,0;5185,0,1,-1,0;5238,3,1,-1,2;5327,0,1,-1,1;5327,2,1,-1,1;5362,2,1,-1,1;5362,3,1,-1,1;5398,0,1,-1,0;5415,2,1,-1,2;5433,1,1,-1,0;5469,1,1,-1,0;5504,2,1,-1,0;5522,2,1,-1,2;5611,1,1,-1,1;5611,3,1,-1,1;5646,0,1,-1,1;5646,2,1,-1,1;5682,3,1,-1,0;5699,1,1,-1,2;5717,2,1,-1,0;5753,2,1,-1,0;5788,1,1,-1,0;5806,1,1,-1,2;5895,0,1,-1,1;5895,1,1,-1,1;5930,2,1,-1,1;5930,3,1,-1,1;5966,1,1,-1,0;5983,2,1,-1,2;6001,1,1,-1,0;6037,0,1,-1,0;6072,1,1,-1,0;6090,1,1,-1,2;6179,2,1,-1,1;6179,3,1,-1,1;6214,0,1,-1,1;6214,1,1,-1,1;6250,2,1,-1,0;6267,1,1,-1,2;6285,2,1,-1,0;6321,3,1,-1,0;6356,2,1,-1,0;6374,2,1,-1,2;6463,0,1,-1,1;6463,2,1,-1,1;6498,1,1,-1,1;6498,3,1,-1,1;6534,3,1,-1,0;6569,3,1,-1,0;6605,0,1,-1,0;6640,0,1,-1,0;6676,2,1,-1,0;6711,2,1,-1,0;6747,1,1,-1,0;6782,1,1,-1,0;6818,3,1,-1,0;6853,1,1,-1,1;6853,3,1,-1,1;6889,0,1,-1,0;6924,0,1,-1,1;6924,1,1,-1,1;6960,3,1,-1,0;6977,0,1,-1,2;6995,1,1,-1,0;7031,0,1,-1,0;7048,3,1,-1,2;7066,1,1,-1,0;7102,2,1,-1,0;7137,2,1,-1,0;7173,1,1,-1,0;7208,1,1,-1,0;7244,3,1,-1,0;7279,3,1,-1,0;7315,0,1,-1,0;7350,0,1,-1,0;7386,2,1,-1,0;7421,0,1,-1,1;7421,2,1,-1,1;7457,1,1,-1,0;7492,1,1,-1,1;7492,3,1,-1,1;7528,2,1,-1,0;7563,1,1,-1,0;7616,2,1,-1,2;7634,0,1,-1,1;7634,3,1,-1,1;7670,0,1,-1,0;7705,0,1,-1,0;7741,3,1,-1,0;7776,3,1,-1,0;7812,2,1,-1,0;7847,2,1,-1,0;7883,1,1,-1,0;7918,1,1,-1,0;7954,0,1,-1,0;7989,0,1,-1,1;7989,1,1,-1,1;8025,3,1,-1,0;8060,1,1,-1,1;8060,3,1,-1,1;8096,0,1,-1,0;8113,3,1,-1,2;8131,1,1,-1,0;8167,3,1,-1,0;8184,0,1,-1,2;8202,1,1,-1,0;8238,2,1,-1,0;8273,2,1,-1,0;8309,1,1,-1,0;8344,1,1,-1,0;8380,0,1,-1,0;8415,0,1,-1,0;8451,3,1,-1,0;8486,3,1,-1,0;8522,2,1,-1,0;8557,2,1,-1,1;8557,3,1,-1,1;8593,1,1,-1,0;8628,0,1,-1,1;8628,1,1,-1,1;8664,2,1,-1,0;8699,1,1,-1,0;8735,2,1,-1,0;8752,1,1,-1,2;8770,2,1,-1,0","h":"1,1,2114,2238;2,2,2398,2522;3,3,2682,2806;4,0,3694,3818"}