{"v":1,"fmt":"sldr-chart-v1","id":"spin-the-disc","d":"Hard","m":8,"du":95.55,"tr":292,"ch":9,"mx":2,"of":123,"sr":[0.525031,0.5,0.030822,0.043189,0.408638],"n":"555,0,1,-1,0;578,2,1,-1,2;601,1,1,-1,0;624,3,1,-1,2;647,0,1,-1,0;670,2,1,-1,2;693,1,1,-1,0;717,3,1,-1,2;740,2,2,1,0;924,3,1,-1,0;947,2,1,-1,2;970,1,1,-1,0;993,0,1,-1,2;1016,3,1,-1,0;1040,2,1,-1,2;1063,1,1,-1,0;1086,0,1,-1,2;1109,2,2,2,0;1293,0,1,-1,0;1316,3,1,-1,2;1340,1,1,-1,0;1363,2,1,-1,2;1386,0,1,-1,0;1409,2,1,-1,2;1432,1,1,-1,0;1455,3,1,-1,2;1478,3,1,-1,0;1501,1,1,-1,2;1524,2,1,-1,0;1547,0,1,-1,2;1570,2,1,-1,0;1593,1,1,-1,2;1616,3,1,-1,0;1640,0,1,-1,2;1663,3,2,3,0;1709,0,1,-1,0;1755,1,1,-1,0;1801,0,1,-1,0;1847,0,2,4,0;1893,3,1,-1,0;1940,1,1,-1,0;1986,3,1,-1,0;2032,1,2,5,0;2078,0,1,-1,0;2124,2,1,-1,0;2170,0,1,-1,0;2216,2,2,6,0;2263,1,1,-1,0;2309,3,1,-1,0;2355,1,1,-1,0;2401,3,2,7,0;2447,2,1,-1,0;2493,1,1,-1,0;2539,0,1,-1,0;2586,0,2,8,0;2632,2,1,-1,0;2678,1,1,-1,0;2724,3,1,-1,0;2770,1,2,9,0;2816,2,1,-1,0;2863,0,1,-1,0;2909,2,1,-1,0;2955,0,2,10,1;2955,3,2,11,1;3047,2,1,-1,0;3059,0,1,-1,2;3070,2,1,-1,2;3093,1,1,-1,0;3105,3,1,-1,2;3116,1,1,-1,2;3128,3,1,-1,2;3139,1,1,-1,0;3186,2,1,-1,0;3232,0,1,-1,0;3255,3,1,-1,2;3278,1,1,-1,0;3324,2,1,-1,0;3347,0,1,-1,2;3370,1,1,-1,0;3416,2,1,-1,0;3439,3,1,-1,2;3463,1,1,-1,0;3509,3,1,-1,0;3555,0,1,-1,0;3601,3,1,-1,0;3624,1,1,-1,2;3647,0,1,-1,0;3693,1,1,-1,0;3728,3,1,-1,2;3763,0,1,-1,2;3797,1,1,-1,2;3832,0,1,-1,1;3832,3,1,-1,1;3878,2,1,-1,1;3878,3,1,-1,1;3924,0,1,-1,1;3924,1,1,-1,1;3970,0,1,-1,0;3993,2,1,-1,2;4016,3,1,-1,0;4063,3,1,-1,0;4086,1,1,-1,2;4109,0,1,-1,0;4155,3,1,-1,0;4178,0,1,-1,2;4201,1,1,-1,0;4247,0,1,-1,1;4247,2,1,-1,1;4293,1,1,-1,1;4293,3,1,-1,1;4339,2,1,-1,0;4362,0,1,-1,2;4386,1,1,-1,0;4432,3,1,-1,0;4455,1,1,-1,2;4478,0,1,-1,0;4512,3,1,-1,2;4536,0,1,-1,2;4547,1,2,12,2;4616,0,1,-1,0;4639,3,1,-1,2;4662,1,1,-1,0;4709,3,1,-1,0;4732,0,1,-1,2;4755,1,1,-1,0;4801,2,1,-1,0;4824,3,1,-1,2;4847,1,1,-1,0;4870,2,1,-1,2;4893,0,1,-1,0;4916,1,1,-1,2;4939,2,1,-1,0;4986,3,1,-1,0;5009,0,1,-1,2;5032,1,1,-1,0;5078,3,1,-1,0;5101,1,1,-1,2;5124,0,1,-1,0;5170,2,1,-1,0;5193,0,1,-1,2;5216,1,1,-1,0;5239,3,1,-1,2;5262,1,1,-1,0;5309,0,1,-1,1;5309,3,1,-1,1;5355,0,1,-1,0;5378,2,1,-1,2;5401,3,1,-1,0;5447,0,1,-1,0;5470,1,1,-1,2;5493,3,1,-1,0;5539,0,1,-1,0;5562,2,1,-1,2;5586,1,1,-1,0;5609,3,1,-1,2;5632,2,1,-1,0;5655,1,1,-1,2;5678,0,1,-1,0;5724,3,1,-1,0;5747,0,1,-1,2;5770,2,1,-1,0;5793,1,1,-1,2;5816,0,1,-1,0;5839,1,1,-1,2;5862,3,1,-1,0;5885,0,1,-1,2;5909,1,1,-1,0;5932,2,1,-1,2;5955,1,1,-1,0;5978,0,1,-1,2;6001,3,1,-1,0;6012,0,1,-1,2;6035,1,1,-1,2;6070,2,1,-1,2;6093,3,1,-1,0;6116,0,1,-1,2;6139,1,1,-1,0;6162,2,1,-1,2;6185,1,1,-1,0;6209,2,1,-1,2;6232,3,1,-1,0;6255,1,1,-1,2;6278,0,1,-1,0;6301,1,1,-1,2;6324,3,1,-1,0;6347,0,1,-1,2;6370,1,1,-1,0;6393,3,1,-1,2;6416,1,1,-1,0;6439,0,1,-1,2;6462,2,1,-1,0;6485,0,1,-1,2;6509,1,1,-1,0;6532,2,1,-1,2;6555,3,1,-1,0;6578,1,1,-1,2;6601,3,1,-1,0;6624,0,1,-1,2;6647,1,1,-1,0;6670,2,1,-1,2;6693,3,1,-1,0;6716,1,1,-1,2;6739,0,1,-1,0;6762,1,1,-1,2;6785,2,1,-1,0;6809,1,1,-1,2;6832,3,1,-1,0;6855,0,1,-1,2;6878,2,1,-1,0;6901,1,1,-1,2;6924,3,1,-1,0;6947,0,1,-1,2;6970,2,1,-1,0;6993,1,1,-1,2;7016,3,1,-1,0;7039,2,1,-1,2;7062,1,1,-1,0;7085,0,1,-1,2;7109,3,1,-1,0;7132,2,1,-1,2;7155,1,1,-1,0;7178,0,1,-1,2;7201,3,1,-1,0;7224,1,1,-1,2;7247,2,1,-1,0;7270,0,1,-1,2;7293,3,1,-1,0;7316,1,1,-1,2;7339,2,1,-1,0;7362,0,1,-1,2;7385,1,1,-1,1;7385,2,1,-1,1;7455,0,1,-1,3;7455,3,1,-1,3;7524,1,1,-1,0;7535,2,1,-1,2;7547,1,1,-1,2;7570,3,1,-1,0;7593,0,1,-1,2;7616,1,1,-1,0;7639,3,1,-1,2;7662,1,1,-1,0;7685,1,1,-1,2;7708,2,1,-1,0;7732,3,1,-1,2;7755,0,1,-1,0;7778,3,1,-1,2;7801,1,1,-1,0;7824,0,1,-1,2;7847,1,1,-1,0;7870,1,1,-1,2;7893,2,1,-1,0;7916,0,1,-1,2;7939,3,1,-1,0;7962,2,1,-1,2;7985,1,1,-1,0;8008,0,1,-1,2;8032,2,1,-1,0;8055,1,1,-1,2;8078,3,1,-1,0;8101,0,1,-1,2;8124,3,1,-1,0;8147,1,1,-1,2;8170,0,1,-1,0;8193,2,1,-1,2;8216,0,1,-1,0;8239,1,1,-1,2;8262,3,1,-1,0;8285,2,1,-1,2;8308,3,1,-1,0;8332,0,1,-1,2;8355,1,1,-1,0;8378,3,1,-1,2;8401,1,1,-1,0;8424,0,1,-1,2;8447,3,1,-1,0;8470,3,1,-1,2;8493,0,1,-1,0;8516,3,1,-1,2;8539,1,1,-1,0;8562,0,1,-1,2;8585,1,1,-1,0;8608,3,1,-1,2;8632,0,1,-1,0;8655,0,1,-1,2;8678,3,1,-1,0;8701,2,1,-1,2;8724,3,1,-1,0;8747,0,1,-1,2;8770,1,1,-1,0;8793,0,1,-1,2;8816,2,1,-1,0;8839,2,1,-1,2;8862,0,1,-1,0;8885,2,1,-1,2;8908,0,1,-1,0;8932,3,1,-1,2;8955,2,1,-1,0;8978,0,1,-1,2;9001,2,1,-1,0;9024,3,2,13,2","h":"1,2,740,878;2,2,1109,1247;3,3,1663,1801;4,0,1847,1986;5,1,2032,2170;6,2,2216,2355;7,3,2401,2539;8,0,2586,2724;9,1,2770,2909;10,0,2955,3001;11,3,2955,3001;12,1,4547,4616;13,3,9024,9231"}