{"v":1,"fmt":"sldr-chart-v1","id":"spin-the-disc","d":"Medium","m":5,"du":95.55,"tr":191,"ch":17,"mx":2,"of":20,"sr":[0.362812,0.5,0.089005,0.019231,0.096154],"n":"555,0,1,-1,1;555,3,1,-1,1;601,0,1,-1,0;647,0,1,-1,0;693,0,1,-1,0;740,1,1,-1,0;878,1,1,-1,0;924,0,1,-1,1;924,3,1,-1,1;970,3,1,-1,0;1016,3,1,-1,0;1063,3,1,-1,0;1109,1,1,-1,0;1247,1,1,-1,0;1293,0,1,-1,1;1293,3,1,-1,1;1340,0,1,-1,0;1386,0,1,-1,0;1432,0,1,-1,0;1478,0,1,-1,0;1501,3,1,-1,2;1524,1,1,-1,0;1570,2,1,-1,0;1616,1,1,-1,0;1663,0,1,-1,1;1663,3,1,-1,1;1709,1,1,-1,0;1755,3,1,-1,0;1801,1,1,-1,0;1847,0,1,-1,0;1893,1,1,-1,0;1940,3,1,-1,0;1986,1,1,-1,0;2009,2,1,-1,2;2032,0,1,-1,0;2078,2,1,-1,0;2124,1,1,-1,0;2170,2,1,-1,0;2216,0,1,-1,0;2263,1,1,-1,0;2309,2,1,-1,0;2355,3,1,-1,0;2378,0,1,-1,2;2401,1,1,-1,0;2447,3,1,-1,0;2493,1,1,-1,0;2539,0,1,-1,0;2586,1,1,-1,0;2632,3,1,-1,0;2678,1,1,-1,0;2724,0,1,-1,0;2747,1,1,-1,2;2770,3,1,-1,0;2816,1,1,-1,0;2863,0,1,-1,0;2909,3,1,-1,0;2955,0,2,1,1;2955,3,2,2,1;3047,3,1,-1,0;3070,1,1,-1,2;3093,2,1,-1,0;3139,0,1,-1,0;3186,3,1,-1,0;3232,1,1,-1,0;3278,2,1,-1,0;3324,1,1,-1,0;3370,3,1,-1,0;3416,0,1,-1,0;3439,1,1,-1,2;3463,3,1,-1,0;3509,1,1,-1,0;3555,0,1,-1,0;3601,3,1,-1,0;3647,1,1,-1,0;3693,0,1,-1,1;3693,3,1,-1,1;3832,2,1,-1,0;3878,3,1,-1,0;3924,0,1,-1,0;3970,1,1,-1,0;4016,0,1,-1,0;4063,3,1,-1,0;4109,1,1,-1,0;4155,2,1,-1,0;4178,0,1,-1,2;4201,1,1,-1,0;4247,2,1,-1,0;4293,1,1,-1,0;4339,0,1,-1,0;4386,3,1,-1,0;4432,2,1,-1,0;4455,1,1,-1,2;4478,3,1,-1,0;4524,0,1,-1,0;4570,3,1,-1,0;4616,1,1,-1,1;4616,2,1,-1,1;4662,0,1,-1,1;4662,3,1,-1,1;4709,1,1,-1,1;4709,2,1,-1,1;4755,0,1,-1,1;4755,3,1,-1,1;4801,2,1,-1,0;4847,1,1,-1,0;4893,3,1,-1,0;4939,0,1,-1,0;4986,2,1,-1,0;5032,0,1,-1,0;5078,1,1,-1,0;5124,3,1,-1,0;5170,2,1,-1,0;5216,1,1,-1,0;5262,3,1,-1,0;5309,0,1,-1,0;5355,2,1,-1,1;5355,3,1,-1,1;5401,0,1,-1,1;5401,1,1,-1,1;5447,2,1,-1,1;5447,3,1,-1,1;5493,0,1,-1,1;5493,1,1,-1,1;5539,2,1,-1,0;5586,3,1,-1,0;5632,0,1,-1,0;5678,1,1,-1,0;5724,2,1,-1,0;5770,3,1,-1,0;5816,1,1,-1,0;5862,0,1,-1,0;5909,2,1,-1,0;5955,1,1,-1,0;6001,1,1,-1,1;6001,2,1,-1,1;6070,3,1,-1,2;6093,0,1,-1,0;6139,2,1,-1,0;6185,1,1,-1,0;6232,3,1,-1,0;6278,0,1,-1,0;6324,1,1,-1,0;6370,2,1,-1,0;6416,3,1,-1,0;6462,1,1,-1,0;6509,2,1,-1,0;6555,0,1,-1,0;6601,3,1,-1,0;6647,1,2,3,0;6785,2,1,-1,0;6832,3,1,-1,0;6878,0,1,-1,0;6924,1,1,-1,0;6970,2,1,-1,0;7016,3,1,-1,0;7062,1,1,-1,0;7109,2,1,-1,0;7155,0,1,-1,0;7201,3,1,-1,0;7247,1,1,-1,0;7293,2,1,-1,0;7339,0,1,-1,0;7385,0,1,-1,1;7385,3,1,-1,1;7455,1,1,-1,3;7455,2,1,-1,3;7524,3,1,-1,0;7547,0,1,-1,2;7570,1,1,-1,0;7616,2,1,-1,0;7662,1,1,-1,0;7708,2,1,-1,0;7732,3,1,-1,2;7755,1,1,-1,0;7801,3,1,-1,0;7847,0,1,-1,0;7893,3,1,-1,0;7916,1,1,-1,2;7939,0,1,-1,0;7985,1,1,-1,0;8032,2,1,-1,0;8078,0,1,-1,0;8101,3,1,-1,2;8124,1,1,-1,0;8170,3,1,-1,0;8216,0,1,-1,0;8262,2,1,-1,0;8285,0,1,-1,2;8308,1,1,-1,0;8355,0,1,-1,0;8401,3,1,-1,0;8447,2,1,-1,0;8470,1,1,-1,2;8493,0,1,-1,0;8539,2,1,-1,0;8585,1,1,-1,0;8632,2,1,-1,0;8655,1,1,-1,2;8678,3,1,-1,0;8724,0,1,-1,0;8770,2,1,-1,0;8816,0,1,-1,0;8839,3,1,-1,2;8862,1,1,-1,0;8908,2,1,-1,0;8955,0,1,-1,0;9001,3,1,-1,0;9024,2,2,4,2","h":"1,0,2955,3001;2,3,2955,3001;3,1,6647,6785;4,2,9024,9231"}