{"v":1,"fmt":"sldr-chart-v1","id":"long-train-runnin","d":"Hard","m":8,"du":86.74,"tr":234,"ch":28,"mx":2,"of":127,"sr":[0.50342,0.5,0.119658,0.041985,0.484733],"n":"570,0,1,-1,0;617,2,1,-1,0;688,0,1,-1,2;700,2,1,-1,2;712,1,1,-1,0;724,3,1,-1,2;759,3,1,-1,0;807,2,1,-1,0;878,3,1,-1,2;890,2,1,-1,2;901,1,1,-1,0;913,0,2,1,2;949,1,1,-1,0;996,2,1,-1,0;1067,0,1,-1,2;1079,2,1,-1,2;1091,1,1,-1,0;1103,3,2,2,2;1138,1,1,-1,0;1186,2,1,-1,0;1257,3,1,-1,2;1269,2,1,-1,2;1281,1,1,-1,0;1292,0,2,3,2;1328,1,1,-1,0;1375,2,1,-1,0;1423,1,1,-1,1;1423,3,2,4,1;1470,2,2,5,0;1517,1,1,-1,0;1565,1,1,-1,0;1612,1,1,-1,0;1707,0,1,-1,0;1731,2,1,-1,2;1743,0,1,-1,2;1766,2,1,-1,2;1790,0,1,-1,2;1897,3,1,-1,0;1920,2,1,-1,2;1932,3,1,-1,2;1956,2,1,-1,2;1980,3,1,-1,2;2086,0,1,-1,0;2110,2,1,-1,2;2134,3,1,-1,0;2157,2,1,-1,2;2181,0,1,-1,0;2252,2,1,-1,2;2264,1,1,-1,2;2276,3,1,-1,0;2299,1,1,-1,2;2323,2,1,-1,0;2335,0,1,-1,2;2359,1,1,-1,2;2430,0,1,-1,2;2442,2,1,-1,2;2453,1,1,-1,2;2465,3,1,-1,0;2489,2,1,-1,2;2525,0,1,-1,3;2525,1,1,-1,3;2560,2,1,-1,0;2596,0,1,-1,3;2596,3,1,-1,3;2631,1,1,-1,3;2631,3,1,-1,3;2679,1,1,-1,2;2714,1,1,-1,3;2714,2,1,-1,3;2750,3,1,-1,0;2785,2,1,-1,3;2785,3,1,-1,3;2821,1,1,-1,3;2821,2,1,-1,3;2844,3,1,-1,0;2892,0,1,-1,1;2892,1,1,-1,1;2939,3,1,-1,0;2987,1,1,-1,0;3034,2,1,-1,0;3081,2,1,-1,0;3188,1,1,-1,2;3200,3,1,-1,2;3212,1,1,-1,2;3224,2,2,6,0;3271,0,1,-1,0;3318,1,1,-1,0;3366,3,1,-1,0;3413,1,1,-1,0;3461,0,1,-1,0;3508,3,1,-1,0;3603,2,1,-1,0;3626,1,1,-1,2;3650,3,1,-1,0;3674,0,1,-1,2;3698,1,1,-1,0;3721,2,1,-1,2;3745,0,1,-1,0;3769,3,1,-1,2;3792,2,1,-1,0;3816,1,1,-1,2;3840,3,1,-1,0;3863,0,1,-1,2;3887,1,1,-1,0;3982,1,1,-1,1;3982,3,2,7,1;4029,2,1,-1,0;4100,3,1,-1,2;4112,2,1,-1,2;4124,1,1,-1,0;4136,3,1,-1,2;4171,0,1,-1,1;4171,1,2,8,1;4219,3,1,-1,0;4290,1,1,-1,2;4302,3,1,-1,2;4314,0,1,-1,0;4325,1,1,-1,2;4361,0,2,9,1;4361,2,1,-1,1;4408,1,1,-1,0;4480,0,1,-1,2;4491,1,1,-1,2;4503,2,1,-1,0;4515,0,1,-1,2;4551,2,2,10,1;4551,3,1,-1,1;4598,0,1,-1,0;4669,2,1,-1,2;4681,0,1,-1,2;4693,3,1,-1,0;4705,2,1,-1,2;4764,2,1,-1,2;4799,2,1,-1,2;4835,0,1,-1,0;4870,1,1,-1,2;4906,1,1,-1,3;4906,3,1,-1,3;4953,1,1,-1,2;4989,1,1,-1,2;5025,0,1,-1,0;5060,1,1,-1,2;5096,0,1,-1,3;5096,1,1,-1,3;5119,0,1,-1,0;5167,1,1,-1,1;5167,2,1,-1,1;5238,3,1,-1,2;5250,0,1,-1,2;5261,2,1,-1,0;5273,1,1,-1,2;5309,3,1,-1,0;5356,1,1,-1,1;5356,2,1,-1,1;5427,3,1,-1,2;5439,0,1,-1,2;5451,2,1,-1,0;5463,1,1,-1,2;5498,3,1,-1,0;5522,2,1,-1,2;5546,1,1,-1,0;5570,0,1,-1,2;5593,2,1,-1,0;5617,3,1,-1,2;5641,1,1,-1,0;5688,2,1,-1,0;5712,0,1,-1,2;5735,1,1,-1,0;5783,0,1,-1,1;5783,3,1,-1,1;5830,1,1,-1,1;5830,3,1,-1,1;5878,2,1,-1,0;5925,1,1,-1,1;5925,2,1,-1,1;5996,2,1,-1,2;6008,1,1,-1,2;6020,2,1,-1,0;6032,0,1,-1,2;6067,3,1,-1,0;6115,0,1,-1,1;6115,3,1,-1,1;6257,1,1,-1,0;6280,0,1,-1,2;6304,3,1,-1,0;6328,1,1,-1,2;6352,2,1,-1,0;6423,0,1,-1,2;6434,3,1,-1,2;6446,1,1,-1,0;6470,3,1,-1,2;6494,0,1,-1,0;6517,1,1,-1,2;6541,2,1,-1,0;6612,1,1,-1,2;6624,2,1,-1,2;6636,1,1,-1,0;6683,1,1,-1,0;6731,1,1,-1,0;6778,1,1,-1,0;6802,0,1,-1,2;6825,1,1,-1,0;6849,3,1,-1,2;6873,2,1,-1,0;6897,1,1,-1,2;6920,0,1,-1,0;6979,0,1,-1,2;6991,2,1,-1,2;7003,1,1,-1,2;7015,3,1,-1,0;7039,2,1,-1,2;7074,2,1,-1,2;7110,1,1,-1,1;7110,2,1,-1,1;7145,3,1,-1,2;7181,0,1,-1,3;7181,1,1,-1,3;7205,2,1,-1,0;7228,1,1,-1,2;7264,1,1,-1,2;7299,1,1,-1,1;7299,3,1,-1,1;7335,2,1,-1,2;7370,0,1,-1,3;7370,1,1,-1,3;7394,1,1,-1,0;7442,2,1,-1,1;7442,3,1,-1,1;7513,1,1,-1,2;7524,2,1,-1,2;7536,1,1,-1,0;7548,0,1,-1,2;7584,2,1,-1,0;7631,0,1,-1,1;7631,2,1,-1,1;7738,1,1,-1,2;7750,0,1,-1,2;7761,1,1,-1,2;7773,2,2,11,0;7821,3,1,-1,0;7868,1,1,-1,0;7915,0,1,-1,0;7963,1,1,-1,0;8010,3,1,-1,0;8058,0,1,-1,0;8152,0,1,-1,1;8152,3,1,-1,1;8188,3,1,-1,2;8200,0,1,-1,0;8224,2,1,-1,2;8271,2,1,-1,2;8283,0,1,-1,2;8295,2,1,-1,0;8306,1,1,-1,2;8342,1,1,-1,1;8342,2,1,-1,1;8378,2,1,-1,2;8389,1,1,-1,0;8413,0,1,-1,2;8460,0,1,-1,2;8472,1,1,-1,2;8484,3,1,-1,0","h":"1,0,913,996;2,3,1103,1186;3,0,1292,1375;4,3,1423,1470;5,2,1470,1612;6,2,3224,3461;7,3,3982,4029;8,1,4171,4219;9,0,4361,4408;10,2,4551,4598;11,2,7773,8010"}