{"v":1,"fmt":"sldr-chart-v1","id":"long-train-runnin","d":"Medium","m":5,"du":86.74,"tr":152,"ch":39,"mx":2,"of":39,"sr":[0.366997,0.5,0.256579,0.026178,0.204188],"n":"522,1,1,-1,0;570,0,1,-1,0;617,2,1,-1,0;712,1,1,-1,0;759,2,1,-1,0;807,0,1,-1,1;807,3,1,-1,1;949,1,1,-1,0;996,0,1,-1,1;996,2,1,-1,1;1091,0,1,-1,0;1138,1,1,-1,0;1186,2,1,-1,1;1186,3,1,-1,1;1281,3,1,-1,0;1328,1,1,-1,0;1375,0,1,-1,1;1375,2,1,-1,1;1423,1,1,-1,0;1470,2,2,1,1;1470,3,1,-1,1;1517,1,1,-1,0;1565,1,1,-1,0;1612,1,1,-1,0;1707,2,1,-1,0;1754,3,1,-1,0;1802,2,1,-1,0;1897,1,1,-1,0;1944,0,1,-1,0;1991,1,1,-1,0;2086,0,1,-1,0;2134,2,1,-1,0;2181,0,1,-1,0;2276,3,1,-1,0;2323,1,1,-1,0;2371,3,1,-1,0;2489,2,1,-1,2;2525,2,1,-1,2;2560,2,1,-1,0;2596,2,1,-1,2;2631,0,1,-1,3;2631,3,1,-1,3;2679,0,1,-1,2;2714,0,1,-1,2;2750,0,1,-1,0;2785,0,1,-1,2;2821,1,1,-1,3;2821,2,1,-1,3;2844,2,1,-1,0;2892,0,1,-1,1;2892,3,1,-1,1;2987,2,1,-1,0;3034,1,1,-1,0;3081,0,1,-1,1;3081,3,1,-1,1;3176,3,1,-1,0;3224,1,2,2,1;3224,2,2,3,1;3508,0,1,-1,1;3508,3,1,-1,1;3603,1,1,-1,1;3603,2,1,-1,1;3650,0,1,-1,0;3698,3,1,-1,0;3745,1,1,-1,0;3792,3,1,-1,0;3840,0,1,-1,0;3887,2,1,-1,0;3934,2,1,-1,0;3982,1,1,-1,0;4029,0,1,-1,1;4029,2,1,-1,1;4077,1,1,-1,0;4124,3,1,-1,0;4171,1,1,-1,0;4219,2,1,-1,1;4219,3,1,-1,1;4266,1,1,-1,0;4314,0,1,-1,0;4361,1,1,-1,0;4408,0,1,-1,1;4408,2,1,-1,1;4456,1,1,-1,0;4503,3,1,-1,0;4551,1,1,-1,0;4598,2,1,-1,1;4598,3,1,-1,1;4645,1,1,-1,0;4693,0,1,-1,0;4764,2,1,-1,2;4799,2,1,-1,2;4835,2,1,-1,0;4870,2,1,-1,2;4906,0,1,-1,3;4906,3,1,-1,3;4953,0,1,-1,2;4989,0,1,-1,2;5025,0,1,-1,0;5060,0,1,-1,2;5096,1,1,-1,3;5096,2,1,-1,3;5119,2,1,-1,0;5167,0,1,-1,1;5167,3,1,-1,1;5214,3,1,-1,0;5261,1,1,-1,0;5309,1,1,-1,0;5356,0,1,-1,1;5356,3,1,-1,1;5404,1,1,-1,0;5451,0,1,-1,0;5498,2,1,-1,0;5546,2,1,-1,0;5593,0,1,-1,0;5641,0,1,-1,0;5688,1,1,-1,0;5735,1,1,-1,0;5783,3,1,-1,0;5830,3,1,-1,0;5878,2,1,-1,0;5925,0,1,-1,1;5925,3,1,-1,1;5972,2,1,-1,0;6020,2,1,-1,0;6067,1,1,-1,0;6115,0,1,-1,1;6115,3,1,-1,1;6162,1,1,-1,0;6209,1,1,-1,0;6257,1,1,-1,0;6280,0,1,-1,2;6304,3,1,-1,0;6328,1,1,-1,2;6352,2,1,-1,0;6399,2,1,-1,0;6446,1,1,-1,0;6470,3,1,-1,2;6494,0,1,-1,0;6517,1,1,-1,2;6541,2,1,-1,0;6588,2,1,-1,0;6636,1,1,-1,0;6683,1,1,-1,0;6731,1,1,-1,0;6778,1,1,-1,0;6825,0,1,-1,1;6825,2,1,-1,1;6873,0,1,-1,1;6873,1,1,-1,1;6920,0,1,-1,1;6920,3,1,-1,1;6968,1,1,-1,1;6968,3,1,-1,1;7039,2,1,-1,3;7039,3,1,-1,3;7074,2,1,-1,3;7074,3,1,-1,3;7110,2,1,-1,1;7110,3,1,-1,1;7145,2,1,-1,3;7145,3,1,-1,3;7181,1,1,-1,2;7228,0,1,-1,3;7228,1,1,-1,3;7264,0,1,-1,3;7264,1,1,-1,3;7299,0,1,-1,1;7299,1,1,-1,1;7335,0,1,-1,3;7335,1,1,-1,3;7370,3,1,-1,2;7394,1,1,-1,0;7442,0,1,-1,1;7442,3,1,-1,1;7489,2,1,-1,0;7536,0,1,-1,0;7584,1,1,-1,0;7631,0,1,-1,1;7631,3,1,-1,1;7773,1,2,4,1;7773,2,2,5,1;8058,0,1,-1,1;8058,3,1,-1,1;8105,1,1,-1,0;8152,1,1,-1,1;8152,3,1,-1,1;8247,3,1,-1,0;8342,2,1,-1,0;8389,2,1,-1,0;8460,0,1,-1,2;8484,3,1,-1,0","h":"1,2,1470,1612;2,1,3224,3461;3,2,3224,3461;4,1,7773,8010;5,2,7773,8010"}