{"v":1,"fmt":"sldr-chart-v1","id":"drop-out-from-nonstop-megamix","d":"Challenge","m":12,"du":88.19,"tr":281,"ch":14,"mx":2,"of":127,"sr":[0.557508,0.5,0.049822,0.013559,0.430508],"n":"558,2,1,-1,0;604,0,1,-1,1;604,3,1,-1,1;650,3,1,-1,0;673,1,1,-1,2;696,0,1,-1,0;742,3,1,-1,0;766,0,1,-1,2;789,1,1,-1,0;835,0,1,-1,0;858,3,1,-1,2;881,1,1,-1,0;927,0,1,-1,0;950,1,1,-1,2;973,2,1,-1,0;996,3,1,-1,2;1019,0,1,-1,0;1042,3,1,-1,2;1066,1,1,-1,0;1112,0,1,-1,0;1135,0,1,-1,2;1158,0,1,-1,0;1181,3,1,-1,2;1192,1,1,-1,2;1204,3,1,-1,0;1216,1,1,-1,2;1227,3,1,-1,2;1250,0,1,-1,0;1296,0,1,-1,0;1319,3,1,-1,2;1342,1,1,-1,0;1389,0,1,-1,0;1435,0,1,-1,1;1435,1,1,-1,1;1481,3,1,-1,0;1504,0,1,-1,2;1527,1,1,-1,0;1573,3,1,-1,0;1619,1,1,-1,1;1619,3,1,-1,1;1666,0,1,-1,0;1689,3,1,-1,2;1712,1,1,-1,0;1758,3,1,-1,0;1781,0,1,-1,2;1804,1,1,-1,0;1850,0,1,-1,0;1873,3,1,-1,2;1896,1,1,-1,0;1942,3,1,-1,0;1966,0,1,-1,2;1989,1,1,-1,0;2035,2,1,-1,0;2081,3,1,-1,0;2127,1,1,-1,0;2173,1,1,-1,0;2219,0,1,-1,0;2242,3,1,-1,2;2266,1,1,-1,0;2312,2,1,-1,0;2358,2,1,-1,0;2404,3,1,-1,0;2427,0,1,-1,2;2450,1,1,-1,0;2496,2,1,-1,0;2542,2,1,-1,0;2589,0,1,-1,0;2612,3,1,-1,2;2635,1,1,-1,0;2681,3,1,-1,0;2704,0,1,-1,2;2727,3,1,-1,0;2750,0,1,-1,2;2773,3,1,-1,0;2796,0,1,-1,2;2819,1,1,-1,0;2866,2,2,1,0;2958,0,1,-1,0;2992,1,1,-1,2;3027,3,1,-1,2;3073,0,1,-1,2;3096,1,1,-1,0;3142,3,1,-1,0;3177,1,1,-1,2;3212,0,1,-1,2;3258,3,1,-1,2;3281,1,1,-1,0;3327,2,1,-1,0;3350,0,1,-1,2;3419,2,1,-1,0;3442,3,1,-1,2;3512,2,1,-1,0;3535,0,1,-1,2;3604,2,1,-1,0;3627,3,1,-1,2;3650,0,1,-1,0;3696,0,1,-1,0;3731,1,1,-1,2;3766,2,1,-1,2;3812,3,1,-1,2;3835,0,1,-1,1;3835,1,1,-1,1;3881,2,1,-1,0;3916,3,1,-1,2;3950,1,1,-1,2;3996,0,1,-1,2;4019,1,1,-1,1;4019,3,1,-1,1;4066,3,1,-1,0;4100,1,1,-1,2;4135,2,1,-1,2;4181,0,1,-1,2;4204,1,1,-1,1;4204,3,1,-1,1;4250,2,1,-1,0;4285,0,1,-1,2;4319,1,1,-1,2;4366,3,1,-1,2;4389,0,1,-1,1;4389,1,1,-1,1;4435,3,1,-1,0;4458,0,1,-1,2;4481,2,1,-1,0;4504,1,1,-1,2;4527,2,1,-1,0;4573,2,1,-1,0;4619,0,1,-1,1;4619,3,1,-1,1;4666,2,1,-1,0;4712,3,1,-1,0;4758,3,1,-1,0;4781,3,1,-1,2;4804,3,1,-1,0;4827,0,1,-1,2;4850,1,1,-1,0;4873,2,1,-1,2;4896,1,1,-1,0;4942,1,1,-1,0;4989,0,1,-1,1;4989,3,1,-1,1;5035,1,1,-1,0;5081,0,1,-1,1;5081,3,1,-1,1;5127,1,2,2,0;5358,3,1,-1,0;5404,1,1,-1,0;5450,0,1,-1,0;5496,0,1,-1,1;5496,1,1,-1,1;5542,3,1,-1,0;5589,1,1,-1,1;5589,3,1,-1,1;5635,0,1,-1,0;5658,3,1,-1,2;5681,1,1,-1,0;5727,2,1,-1,0;5750,3,1,-1,2;5773,1,1,-1,0;5819,2,1,-1,0;5842,3,1,-1,2;5866,2,1,-1,0;5912,2,1,-1,0;5935,3,1,-1,2;5958,0,1,-1,0;5981,2,1,-1,2;6004,1,1,-1,0;6027,3,1,-1,2;6050,0,1,-1,0;6096,0,1,-1,0;6142,1,1,-1,0;6189,3,1,-1,0;6235,1,1,-1,1;6235,3,1,-1,1;6281,0,1,-1,0;6327,0,1,-1,1;6327,1,1,-1,1;6373,3,1,-1,0;6396,0,1,-1,2;6419,1,1,-1,0;6466,2,1,-1,0;6489,0,1,-1,2;6512,1,1,-1,0;6558,2,1,-1,0;6581,0,1,-1,2;6604,2,1,-1,0;6650,2,1,-1,0;6673,0,1,-1,2;6696,3,1,-1,0;6719,2,1,-1,2;6742,1,1,-1,0;6766,0,1,-1,2;6789,3,1,-1,0;6835,3,1,-1,0;6858,0,1,-1,2;6881,3,1,-1,0;6904,0,1,-1,2;6927,3,1,-1,0;6950,1,1,-1,2;6973,3,1,-1,0;6996,0,1,-1,2;7019,3,1,-1,0;7042,0,1,-1,2;7066,3,1,-1,0;7089,0,1,-1,2;7112,1,1,-1,0;7135,0,1,-1,2;7158,3,1,-1,0;7181,0,1,-1,2;7204,2,1,-1,0;7227,0,1,-1,2;7250,3,1,-1,0;7273,2,1,-1,2;7296,3,1,-1,0;7319,1,1,-1,2;7342,3,1,-1,0;7366,0,1,-1,2;7389,1,1,-1,0;7412,0,1,-1,2;7435,3,1,-1,0;7458,1,2,3,2;7481,2,2,4,0;7573,2,1,-1,0;7585,1,1,-1,2;7596,2,1,-1,2;7608,1,1,-1,2;7619,0,1,-1,0;7631,3,1,-1,2;7642,0,1,-1,2;7654,3,1,-1,2;7666,2,1,-1,0;7677,1,1,-1,2;7689,2,1,-1,2;7700,1,1,-1,2;7712,0,1,-1,0;7723,3,1,-1,2;7735,0,1,-1,2;7746,3,1,-1,2;7758,1,1,-1,0;7769,3,1,-1,2;7781,1,1,-1,2;7792,3,1,-1,2;7804,0,1,-1,0;7816,3,1,-1,2;7827,0,1,-1,2;7839,3,1,-1,2;7850,0,1,-1,0;7862,1,1,-1,2;7873,0,1,-1,2;7885,1,1,-1,2;7896,2,1,-1,0;7908,3,1,-1,2;7919,2,1,-1,2;7931,3,1,-1,2;7942,0,1,-1,0;7954,3,1,-1,2;7966,0,1,-1,2;7977,3,1,-1,2;7989,1,1,-1,0;8000,2,1,-1,2;8012,1,1,-1,2;8023,2,1,-1,2;8035,0,1,-1,0;8046,3,1,-1,2;8058,0,1,-1,2;8069,3,1,-1,2;8081,2,1,-1,0;8092,1,1,-1,2;8104,2,1,-1,2;8116,1,1,-1,2;8127,0,1,-1,0;8139,2,1,-1,2;8150,0,1,-1,2;8162,2,1,-1,2;8173,1,1,-1,0;8185,3,1,-1,2;8196,1,1,-1,2;8208,3,1,-1,2;8219,2,1,-1,0;8231,1,1,-1,2;8242,2,1,-1,2;8254,1,1,-1,2;8266,2,1,-1,0;8312,0,1,-1,0;8335,0,1,-1,2;8358,1,1,-1,0;8381,1,1,-1,2;8404,3,1,-1,0;8427,3,1,-1,2;8450,1,1,-1,0;8473,1,1,-1,2;8496,0,1,-1,0;8519,1,1,-1,2;8542,3,1,-1,0;8566,1,1,-1,2;8589,0,1,-1,0","h":"1,2,2866,2912;2,1,5127,5312;3,1,7458,7527;4,2,7481,7527"}