{"v":1,"fmt":"sldr-chart-v1","id":"look-at-us-daddy-dj-remix","d":"Hard","m":7,"du":90.45,"tr":294,"ch":12,"mx":2,"of":151,"sr":[0.563847,0.5,0.040816,0.035948,0.493464],"n":"537,2,2,1,0;626,3,1,-1,0;671,1,1,-1,0;715,0,2,2,0;804,1,2,3,0;893,0,1,-1,1;893,3,2,4,1;983,0,2,5,0;1027,3,1,-1,0;1072,0,1,-1,0;1161,1,1,-1,0;1228,3,1,-1,2;1250,1,1,-1,0;1317,2,2,6,2;1406,0,1,-1,2;1428,1,1,-1,0;1495,2,2,7,2;1584,3,1,-1,2;1606,1,1,-1,0;1651,3,1,-1,0;1695,1,1,-1,0;1740,0,1,-1,0;1784,1,1,-1,0;1829,3,1,-1,0;1851,2,1,-1,2;1873,3,1,-1,0;1896,0,1,-1,2;1918,1,1,-1,0;1940,2,1,-1,2;1963,3,1,-1,0;2007,0,1,-1,0;2029,1,1,-1,2;2074,2,1,-1,2;2096,3,1,-1,0;2118,0,1,-1,2;2141,1,1,-1,0;2163,0,1,-1,2;2208,3,1,-1,2;2252,0,1,-1,2;2274,1,1,-1,0;2319,0,1,-1,1;2319,3,1,-1,1;2363,0,1,-1,0;2386,1,1,-1,2;2408,0,1,-1,0;2430,3,1,-1,2;2453,2,1,-1,0;2475,1,1,-1,2;2497,0,1,-1,0;2542,3,1,-1,0;2564,1,1,-1,2;2586,2,1,-1,0;2608,0,1,-1,2;2631,3,1,-1,0;2653,0,1,-1,2;2675,1,1,-1,0;2720,0,1,-1,0;2742,1,1,-1,2;2787,3,1,-1,2;2809,1,1,-1,0;2853,2,1,-1,0;2876,1,1,-1,2;2920,2,1,-1,2;2965,0,1,-1,2;2987,1,1,-1,0;3032,0,2,8,1;3032,3,2,9,1;3121,1,1,-1,0;3165,3,1,-1,0;3210,3,1,-1,0;3232,3,1,-1,2;3254,1,1,-1,0;3265,3,1,-1,2;3299,0,1,-1,0;3332,0,1,-1,2;3366,1,1,-1,2;3388,0,1,-1,0;3410,3,1,-1,2;3432,0,1,-1,0;3444,1,1,-1,2;3477,3,1,-1,0;3510,3,1,-1,2;3544,1,1,-1,2;3566,3,1,-1,0;3588,0,1,-1,2;3611,3,1,-1,0;3622,1,1,-1,2;3655,2,1,-1,0;3689,2,1,-1,2;3711,2,1,-1,2;3722,0,1,-1,2;3744,3,1,-1,0;3767,1,1,-1,2;3800,1,1,-1,2;3833,3,1,-1,0;3867,3,1,-1,2;3889,1,1,-1,2;3900,3,1,-1,2;3922,0,1,-1,0;3945,0,1,-1,2;3978,1,1,-1,2;4012,2,1,-1,0;4045,2,1,-1,2;4078,3,1,-1,2;4101,0,1,-1,0;4123,3,1,-1,2;4145,1,1,-1,0;4156,3,1,-1,2;4190,2,1,-1,0;4223,0,1,-1,2;4257,3,1,-1,2;4279,1,1,-1,0;4301,3,1,-1,2;4323,0,1,-1,0;4335,1,1,-1,2;4368,0,1,-1,0;4401,3,1,-1,2;4424,3,1,-1,2;4435,1,1,-1,2;4457,1,1,-1,0;4479,3,1,-1,2;4502,3,1,-1,0;4513,2,1,-1,2;4546,3,1,-1,0;4580,1,1,-1,2;4613,2,1,-1,2;4635,0,1,-1,0;4657,2,1,-1,2;4680,0,1,-1,0;4702,1,1,-1,2;4724,2,1,-1,0;4758,3,1,-1,2;4791,1,1,-1,2;4802,3,1,-1,2;4813,1,1,-1,0;4836,2,1,-1,2;4858,0,1,-1,0;4880,1,1,-1,2;4902,0,1,-1,0;4936,0,1,-1,2;4969,2,1,-1,2;4980,1,1,-1,2;4992,2,1,-1,0;5014,3,1,-1,2;5036,1,1,-1,0;5058,3,1,-1,2;5081,2,1,-1,0;5114,3,1,-1,2;5147,0,1,-1,2;5159,1,1,-1,2;5170,0,1,-1,0;5192,2,1,-1,2;5214,1,1,-1,0;5237,3,1,-1,2;5259,2,1,-1,0;5292,1,1,-1,2;5326,0,1,-1,2;5337,1,1,-1,2;5348,0,1,-1,0;5370,1,1,-1,2;5392,0,1,-1,0;5415,3,1,-1,2;5437,1,1,-1,0;5459,3,1,-1,2;5470,2,1,-1,2;5504,3,1,-1,2;5526,1,1,-1,0;5548,2,1,-1,2;5571,1,1,-1,0;5593,3,1,-1,2;5615,0,1,-1,0;5637,3,1,-1,2;5649,1,1,-1,2;5682,2,1,-1,2;5704,0,1,-1,0;5727,3,1,-1,2;5749,1,1,-1,0;5771,3,1,-1,2;5793,0,1,-1,0;5816,2,1,-1,2;5827,1,1,-1,2;5860,3,1,-1,2;5882,3,1,-1,0;5927,2,1,-1,1;5927,3,1,-1,1;5972,0,1,-1,0;6016,0,1,-1,1;6016,1,1,-1,1;6061,0,1,-1,1;6061,3,1,-1,1;6105,2,1,-1,0;6127,0,1,-1,2;6150,1,1,-1,0;6172,0,1,-1,2;6194,3,1,-1,0;6217,1,1,-1,2;6239,2,1,-1,0;6283,0,1,-1,0;6306,1,1,-1,2;6350,2,1,-1,2;6372,3,1,-1,0;6395,1,1,-1,2;6417,3,1,-1,0;6439,0,1,-1,2;6484,0,1,-1,2;6528,3,1,-1,2;6551,1,1,-1,0;6595,1,1,-1,1;6595,3,1,-1,1;6640,0,1,-1,0;6662,1,1,-1,2;6684,0,1,-1,0;6707,2,1,-1,2;6729,3,1,-1,0;6751,0,1,-1,2;6773,1,1,-1,0;6818,3,1,-1,0;6840,2,1,-1,2;6862,3,1,-1,0;6885,1,1,-1,2;6907,2,1,-1,0;6929,0,1,-1,2;6951,1,1,-1,0;6996,3,1,-1,0;7018,2,1,-1,2;7063,0,1,-1,2;7085,1,1,-1,0;7130,2,1,-1,0;7152,1,1,-1,2;7196,2,1,-1,2;7241,1,1,-1,2;7263,2,1,-1,0;7308,0,1,-1,1;7308,1,1,-1,1;7352,1,1,-1,1;7352,3,1,-1,1;7397,2,1,-1,1;7397,3,1,-1,1;7441,0,1,-1,1;7441,2,1,-1,1;7486,2,1,-1,0;7508,0,1,-1,2;7531,1,1,-1,0;7542,0,1,-1,2;7553,1,1,-1,2;7575,0,1,-1,0;7597,1,1,-1,2;7620,2,1,-1,0;7642,3,1,-1,2;7664,1,1,-1,0;7709,1,1,-1,0;7731,3,1,-1,2;7753,1,1,-1,0;7776,3,1,-1,2;7787,2,1,-1,2;7798,3,1,-1,0;7820,1,1,-1,2;7842,2,1,-1,0;7865,0,1,-1,2;7887,1,1,-1,0;7898,0,1,-1,2;7909,1,1,-1,2;7931,0,1,-1,0;7954,3,1,-1,2;7976,1,1,-1,0;7998,3,1,-1,2;8021,2,1,-1,0;8065,3,1,-1,0;8087,1,1,-1,2;8110,3,1,-1,0;8132,2,1,-1,2;8143,3,1,-1,2;8176,1,1,-1,2;8199,2,1,-1,0;8221,0,1,-1,2;8243,1,1,-1,0;8254,0,1,-1,2;8266,1,1,-1,2;8288,0,1,-1,0;8310,1,1,-1,2;8332,2,1,-1,0;8355,3,1,-1,2;8377,2,1,-1,0;8421,3,1,-1,0;8433,1,1,-1,2;8444,3,1,-1,2;8466,1,1,-1,0;8488,3,1,-1,2;8511,2,1,-1,0;8533,1,1,-1,2;8555,0,1,-1,0;8577,2,1,-1,2;8600,0,1,-1,0;8611,1,1,-1,2;8644,2,1,-1,0;8678,3,1,-1,2;8711,1,1,-1,2;8733,3,1,-1,0;8756,1,1,-1,2;8789,3,1,-1,2;8822,0,1,-1,0;8856,2,1,-1,2;8878,0,1,-1,2;8889,3,1,-1,2;8911,0,2,10,1;8911,3,2,11,1","h":"1,2,537,582;2,0,715,760;3,1,804,849;4,3,893,938;5,0,983,1027;6,2,1317,1361;7,2,1495,1539;9,3,3032,3076;8,0,3032,3165;10,0,8911,9045;11,3,8911,9045"}