{"v":1,"fmt":"sldr-chart-v1","id":"look-at-us-daddy-dj-remix","d":"Medium","m":6,"du":92.23,"tr":177,"ch":39,"mx":2,"of":70,"sr":[0.390329,0.5,0.220339,0.037037,0.324074],"n":"537,3,1,-1,0;626,0,1,-1,0;671,1,1,-1,0;715,1,1,-1,1;715,3,1,-1,1;804,0,1,-1,1;804,1,1,-1,1;893,0,1,-1,1;893,3,1,-1,1;983,0,1,-1,0;1027,3,1,-1,0;1072,1,1,-1,0;1161,1,1,-1,0;1205,0,1,-1,0;1250,3,1,-1,0;1339,3,1,-1,0;1383,1,1,-1,0;1428,0,2,1,1;1428,3,2,2,1;1606,3,1,-1,0;1651,2,1,-1,1;1651,3,1,-1,1;1695,0,1,-1,0;1740,0,1,-1,1;1740,1,1,-1,1;1784,3,1,-1,0;1829,3,1,-1,0;1873,0,1,-1,0;1918,0,1,-1,0;1963,3,1,-1,0;2007,2,1,-1,0;2052,0,1,-1,0;2096,1,1,-1,0;2141,2,1,-1,0;2185,2,1,-1,0;2230,1,1,-1,0;2274,1,1,-1,0;2319,2,1,-1,0;2363,0,1,-1,0;2408,1,1,-1,0;2453,3,1,-1,0;2497,3,2,3,0;2586,1,2,4,0;2675,0,1,-1,0;2720,0,1,-1,1;2720,1,1,-1,1;2764,3,1,-1,0;2809,2,1,-1,1;2809,3,1,-1,1;2853,1,1,-1,1;2853,2,1,-1,1;2898,1,1,-1,1;2898,2,1,-1,1;2943,0,1,-1,1;2943,3,1,-1,1;2987,0,1,-1,1;2987,3,1,-1,1;3032,1,2,5,1;3032,2,2,6,1;3210,3,1,-1,0;3299,3,1,-1,0;3343,1,1,-1,0;3388,0,1,-1,0;3477,0,1,-1,0;3522,1,1,-1,0;3566,2,1,-1,0;3655,2,1,-1,0;3700,3,1,-1,0;3744,1,1,-1,0;3833,1,1,-1,0;3878,0,1,-1,0;3922,3,1,-1,0;4012,3,1,-1,0;4056,1,1,-1,0;4101,0,1,-1,1;4101,3,1,-1,1;4190,1,1,-1,0;4234,3,1,-1,0;4279,0,1,-1,0;4368,2,1,-1,1;4368,3,1,-1,1;4412,0,1,-1,1;4412,1,1,-1,1;4457,2,1,-1,0;4502,0,1,-1,1;4502,2,1,-1,1;4546,1,1,-1,1;4546,3,1,-1,1;4591,3,1,-1,0;4613,0,1,-1,2;4635,3,1,-1,0;4657,2,1,-1,2;4702,2,1,-1,2;4747,3,1,-1,2;4791,2,1,-1,2;4836,0,1,-1,2;4880,0,1,-1,3;4880,1,1,-1,3;4925,3,1,-1,2;4969,1,1,-1,3;4969,3,1,-1,3;5014,1,1,-1,2;5058,1,1,-1,2;5103,0,1,-1,2;5147,1,1,-1,2;5192,1,1,-1,3;5192,3,1,-1,3;5237,1,1,-1,3;5237,3,1,-1,3;5281,0,1,-1,3;5281,2,1,-1,3;5326,0,1,-1,3;5326,2,1,-1,3;5370,3,1,-1,2;5415,1,1,-1,2;5459,0,1,-1,2;5504,3,1,-1,2;5548,0,1,-1,2;5593,1,1,-1,2;5637,3,1,-1,2;5682,0,1,-1,2;5727,2,1,-1,2;5771,0,1,-1,2;5793,3,1,-1,0;5838,2,1,-1,0;5882,2,1,-1,1;5882,3,1,-1,1;5927,2,1,-1,1;5927,3,1,-1,1;5972,0,1,-1,1;5972,1,1,-1,1;6016,0,1,-1,1;6016,1,1,-1,1;6061,3,1,-1,0;6105,1,1,-1,0;6150,0,1,-1,0;6172,3,1,-1,2;6194,1,1,-1,0;6239,0,1,-1,0;6283,1,1,-1,0;6328,3,1,-1,0;6350,0,1,-1,2;6372,1,1,-1,0;6417,2,1,-1,0;6462,2,1,-1,0;6506,1,1,-1,0;6551,1,1,-1,0;6595,0,1,-1,0;6640,0,1,-1,1;6640,2,1,-1,1;6684,3,1,-1,0;6729,2,1,-1,1;6729,3,1,-1,1;6773,2,1,-1,0;6818,0,1,-1,0;6862,1,1,-1,0;6885,0,1,-1,2;6907,2,1,-1,0;6951,1,1,-1,0;6996,3,1,-1,0;7041,1,1,-1,0;7063,3,1,-1,2;7085,2,1,-1,0;7130,3,1,-1,0;7174,3,1,-1,0;7219,0,1,-1,0;7263,0,1,-1,0;7308,2,1,-1,0;7352,3,1,-1,0;7397,0,1,-1,0;7441,1,1,-1,0;7486,1,1,-1,0;7508,0,1,-1,2;7553,0,1,-1,3;7553,1,1,-1,3;7597,3,1,-1,2;7642,1,1,-1,3;7642,3,1,-1,3;7686,2,1,-1,2;7731,0,1,-1,3;7731,2,1,-1,3;7776,1,1,-1,2;7820,1,1,-1,3;7820,3,1,-1,3;7865,3,1,-1,2;7909,2,1,-1,2;7954,1,1,-1,2;7998,0,1,-1,2;8021,1,1,-1,0;8043,0,1,-1,2;8087,1,1,-1,2;8132,2,1,-1,2;8176,3,1,-1,2;8221,0,1,-1,2;8266,1,1,-1,2;8310,3,1,-1,2;8355,2,1,-1,3;8355,3,1,-1,3;8399,3,1,-1,2;8444,2,1,-1,2;8488,0,1,-1,2;8533,0,1,-1,3;8533,1,1,-1,3;8577,3,1,-1,2;8622,0,1,-1,2;8644,2,1,-1,0;8666,0,1,-1,2;8689,3,1,-1,0;8733,3,1,-1,0;8778,0,1,-1,1;8778,2,1,-1,1;8822,0,1,-1,0;8867,1,1,-1,1;8867,3,1,-1,1;8911,0,2,7,1;8911,3,2,8,1","h":"1,0,1428,1562;2,3,1428,1562;3,3,2497,2542;4,1,2586,2631;5,1,3032,3165;6,2,3032,3165;7,0,8911,9045;8,3,8911,9045"}