{"v":1,"fmt":"sldr-chart-v1","id":"silent-hill-3rd-christmas-mix","d":"Challenge","m":10,"du":99.36,"tr":232,"ch":17,"mx":2,"of":66,"sr":[0.417673,0.5,0.073276,0.204819,0.26506],"n":"768,2,2,1,0;960,0,1,-1,0;984,3,1,-1,2;1008,1,1,-1,0;1032,3,1,-1,2;1056,0,1,-1,0;1080,1,1,-1,2;1104,0,1,-1,0;1128,2,1,-1,2;1152,1,1,-1,0;1176,1,1,-1,2;1200,3,1,-1,0;1224,3,1,-1,2;1248,0,1,-1,0;1272,0,1,-1,2;1296,2,1,-1,0;1320,2,1,-1,2;1344,0,1,-1,0;1368,3,1,-1,2;1392,2,1,-1,0;1416,1,1,-1,2;1440,0,1,-1,0;1464,1,1,-1,2;1488,2,1,-1,0;1512,3,1,-1,2;1536,2,1,-1,0;1560,0,1,-1,2;1584,2,1,-1,0;1608,3,1,-1,2;1632,0,1,-1,0;1656,2,1,-1,2;1680,0,1,-1,1;1680,3,1,-1,1;1728,2,2,2,0;1776,0,2,3,0;1824,3,2,4,0;1872,1,2,5,0;1920,2,2,6,0;1968,1,2,7,0;2016,3,2,8,0;2064,0,2,9,0;2112,2,2,10,0;2160,3,2,11,0;2208,1,2,12,0;2256,3,2,13,0;2304,2,2,14,0;2352,0,2,15,0;2400,1,2,16,0;2448,0,2,17,0;2496,2,2,18,0;2544,0,2,19,0;2592,2,2,20,0;2640,1,2,21,0;2688,3,2,22,0;2736,0,2,23,0;2784,3,2,24,0;2832,2,2,25,0;2880,1,2,26,0;2928,0,2,27,0;2976,1,2,28,0;3024,3,2,29,0;3072,1,2,30,0;3120,0,2,31,0;3168,3,2,32,0;3216,0,2,33,0;3264,3,2,34,0;3456,2,2,35,0;3648,1,1,-1,1;3648,3,2,36,1;3696,1,1,-1,0;3744,1,1,-1,0;3792,1,1,-1,0;3840,0,2,37,1;3840,2,1,-1,1;3888,2,1,-1,0;3936,2,1,-1,0;3984,2,1,-1,0;4032,2,1,-1,0;4056,0,1,-1,2;4080,1,1,-1,0;4128,2,1,-1,0;4152,0,1,-1,2;4176,2,1,-1,0;4224,2,1,-1,0;4248,3,1,-1,2;4272,1,1,-1,0;4320,2,1,-1,0;4344,3,1,-1,2;4368,2,1,-1,0;4416,0,1,-1,1;4416,3,1,-1,1;4464,1,1,-1,1;4464,2,1,-1,1;4512,0,1,-1,0;4536,3,1,-1,2;4560,1,1,-1,0;4584,2,1,-1,2;4608,1,1,-1,0;4656,0,1,-1,1;4656,2,1,-1,1;4704,1,1,-1,1;4704,3,1,-1,1;4752,1,1,-1,1;4752,2,1,-1,1;4800,0,2,38,1;4800,3,1,-1,1;4824,3,1,-1,2;4848,3,1,-1,0;4872,3,1,-1,2;4896,3,1,-1,0;4944,3,1,-1,0;4992,1,1,-1,1;4992,2,2,39,1;5016,1,1,-1,2;5040,1,1,-1,0;5064,1,1,-1,2;5088,1,1,-1,0;5136,1,1,-1,0;5184,0,1,-1,1;5184,3,2,40,1;5208,0,1,-1,2;5232,0,1,-1,0;5280,1,2,41,1;5280,2,1,-1,1;5304,2,1,-1,2;5328,2,1,-1,0;5376,3,1,-1,0;5400,1,1,-1,2;5424,0,1,-1,0;5448,1,1,-1,2;5472,3,1,-1,0;5496,2,1,-1,2;5520,0,1,-1,0;5544,2,1,-1,2;5568,3,2,42,0;5616,0,1,-1,0;5664,0,1,-1,0;5760,1,2,43,0;5808,3,1,-1,0;5856,3,1,-1,0;5952,2,2,44,0;6000,1,1,-1,0;6048,1,1,-1,0;6144,0,2,45,0;6192,2,1,-1,0;6240,2,1,-1,0;6288,2,1,-1,0;6336,2,1,-1,0;6360,0,1,-1,2;6384,1,1,-1,0;6408,3,1,-1,2;6432,1,1,-1,0;6456,0,1,-1,2;6480,2,1,-1,0;6528,2,1,-1,0;6552,3,1,-1,2;6576,1,1,-1,0;6600,0,1,-1,2;6624,1,1,-1,0;6648,3,1,-1,2;6672,2,1,-1,0;6720,0,1,-1,0;6744,1,1,-1,2;6768,3,1,-1,0;6792,1,1,-1,2;6816,3,1,-1,0;6840,1,1,-1,2;6864,0,1,-1,0;6888,1,1,-1,2;6912,0,1,-1,0;6960,3,1,-1,0;7008,1,1,-1,0;7056,2,1,-1,0;7104,1,1,-1,0;7128,3,1,-1,2;7152,2,1,-1,0;7200,1,1,-1,0;7224,0,1,-1,2;7248,1,1,-1,0;7296,2,1,-1,0;7320,0,1,-1,2;7344,1,1,-1,0;7368,2,1,-1,2;7392,3,1,-1,0;7416,0,1,-1,2;7440,2,1,-1,0;7488,3,1,-1,0;7512,0,1,-1,2;7536,1,1,-1,0;7584,2,1,-1,0;7608,1,1,-1,2;7632,3,1,-1,0;7680,3,1,-1,0;7704,2,1,-1,2;7728,1,1,-1,0;7752,0,1,-1,2;7776,3,1,-1,0;7800,2,1,-1,2;7824,1,1,-1,0;7848,0,1,-1,2;7872,3,2,46,0;7920,1,1,-1,0;7968,1,1,-1,0;8016,1,1,-1,0;8064,0,2,47,0;8112,1,1,-1,0;8160,1,1,-1,0;8208,1,1,-1,0;8256,2,1,-1,0;8280,0,1,-1,2;8304,1,1,-1,0;8328,2,1,-1,2;8352,3,1,-1,0;8376,1,1,-1,2;8400,2,1,-1,0;8424,1,1,-1,2;8448,0,2,48,1;8448,3,2,49,1;8640,1,1,-1,1;8640,3,1,-1,1;8688,0,1,-1,1;8688,2,1,-1,1;8736,1,1,-1,0;8760,3,1,-1,2;8784,2,1,-1,0;8832,0,1,-1,1;8832,1,1,-1,1;8880,2,1,-1,1;8880,3,1,-1,1;8928,1,1,-1,0;8952,0,1,-1,2;8976,3,1,-1,0;9024,2,1,-1,0;9048,0,1,-1,2;9072,1,1,-1,0;9096,2,1,-1,2;9120,3,1,-1,0;9144,2,1,-1,2;9168,0,1,-1,0;9192,2,1,-1,2;9216,3,1,-1,0;9240,0,1,-1,2;9264,1,1,-1,0;9288,3,1,-1,2;9312,1,1,-1,0;9336,0,1,-1,2;9360,3,1,-1,0;9384,1,2,50,2;9456,2,2,51,0","h":"1,2,768,912;2,2,1728,1776;3,0,1776,1824;4,3,1824,1872;5,1,1872,1920;6,2,1920,1968;7,1,1968,2016;8,3,2016,2064;9,0,2064,2112;10,2,2112,2160;11,3,2160,2208;12,1,2208,2256;13,3,2256,2304;14,2,2304,2352;15,0,2352,2400;16,1,2400,2448;17,0,2448,2496;18,2,2496,2544;19,0,2544,2592;20,2,2592,2640;21,1,2640,2688;22,3,2688,2736;23,0,2736,2784;24,3,2784,2832;25,2,2832,2880;26,1,2880,2928;27,0,2928,2976;28,1,2976,3024;29,3,3024,3072;30,1,3072,3120;31,0,3120,3168;32,3,3168,3216;34,3,3264,3408;33,0,3216,3600;35,2,3456,3600;36,3,3648,3792;37,0,3840,3984;38,0,4800,4944;39,2,4992,5136;40,3,5184,5232;41,1,5280,5328;42,3,5568,5712;43,1,5760,5904;44,2,5952,6096;45,0,6144,6288;46,3,7872,8016;47,0,8064,8208;48,0,8448,8592;49,3,8448,8592;51,2,9456,9552;50,1,9384,9600"}