{"v":1,"fmt":"sldr-chart-v1","id":"destiny","d":"Hard","m":10,"du":101.82,"tr":332,"ch":54,"mx":2,"of":156,"sr":[0.631834,0.5,0.162651,0.031088,0.404145],"n":"774,2,1,-1,0;793,0,1,-1,2;813,1,1,-1,0;852,2,1,-1,0;871,3,1,-1,2;890,1,1,-1,0;929,2,1,-1,0;948,0,1,-1,2;968,3,1,-1,0;987,1,1,-1,2;1006,2,1,-1,0;1026,0,1,-1,2;1045,1,1,-1,0;1084,3,1,-1,0;1103,0,1,-1,2;1123,1,1,-1,0;1161,0,1,-1,0;1181,3,1,-1,2;1200,1,1,-1,0;1239,3,1,-1,0;1258,2,1,-1,2;1277,1,1,-1,0;1297,0,1,-1,2;1335,3,1,-1,2;1355,1,1,-1,0;1394,3,1,-1,0;1432,1,1,-1,0;1471,2,1,-1,0;1490,0,1,-1,2;1510,1,1,-1,0;1548,0,1,-1,0;1587,1,1,-1,0;1626,2,1,-1,0;1645,3,1,-1,2;1665,1,1,-1,0;1703,3,1,-1,0;1742,1,1,-1,0;1781,0,1,-1,0;1819,1,1,-1,0;1858,2,1,-1,0;1897,2,1,-1,0;1936,2,1,-1,0;1974,0,1,-1,1;1974,3,1,-1,1;2013,2,1,-1,0;2052,0,1,-1,1;2052,3,1,-1,1;2090,2,1,-1,0;2129,0,1,-1,1;2129,1,1,-1,1;2168,2,1,-1,0;2207,0,1,-1,1;2207,3,1,-1,1;2245,2,1,-1,0;2284,1,1,-1,1;2284,3,1,-1,1;2323,2,1,-1,0;2342,0,1,-1,2;2361,1,1,-1,0;2400,3,1,-1,0;2419,0,1,-1,2;2439,1,1,-1,0;2478,2,1,-1,0;2497,0,1,-1,2;2516,1,1,-1,0;2536,2,1,-1,2;2555,3,1,-1,0;2574,0,1,-1,2;2594,1,1,-1,0;2632,1,2,1,1;2632,2,2,2,1;2710,3,1,-1,0;2729,0,1,-1,2;2749,1,1,-1,0;2787,1,2,3,1;2787,2,2,4,1;2865,0,1,-1,0;2884,3,1,-1,2;2903,1,1,-1,0;2942,0,1,-1,0;2961,1,1,-1,2;2981,2,1,-1,0;3020,3,1,-1,0;3039,1,1,-1,2;3058,2,1,-1,0;3097,0,1,-1,0;3116,1,1,-1,2;3136,2,1,-1,0;3155,3,1,-1,2;3174,1,1,-1,0;3194,0,1,-1,2;3213,1,1,-1,0;3252,0,1,-1,0;3271,1,1,-1,3;3271,3,1,-1,3;3310,1,1,-1,3;3310,3,1,-1,3;3349,0,1,-1,2;3368,2,1,-1,0;3387,2,1,-1,2;3407,1,1,-1,0;3426,1,1,-1,3;3426,3,1,-1,3;3465,1,1,-1,3;3465,3,1,-1,3;3504,3,1,-1,2;3523,0,1,-1,0;3542,1,1,-1,2;3562,2,1,-1,0;3581,0,1,-1,3;3581,3,1,-1,3;3620,0,1,-1,3;3620,3,1,-1,3;3658,2,1,-1,2;3678,2,1,-1,0;3716,3,1,-1,0;3736,0,1,-1,2;3775,2,1,-1,2;3813,0,1,-1,2;3833,3,1,-1,0;3852,1,1,-1,2;3871,2,1,-1,0;3910,0,1,-1,1;3910,3,1,-1,1;3949,2,1,-1,0;3968,0,1,-1,2;3987,1,1,-1,0;4026,0,1,-1,1;4026,3,1,-1,1;4046,1,1,-1,2;4065,2,1,-1,0;4104,1,1,-1,1;4104,2,1,-1,1;4123,0,1,-1,2;4142,3,1,-1,0;4181,0,1,-1,0;4200,3,1,-1,2;4220,0,1,-1,0;4239,2,1,-1,2;4258,1,1,-1,0;4278,3,1,-1,2;4297,3,1,-1,0;4336,3,1,-1,0;4355,0,1,-1,2;4375,3,1,-1,0;4394,2,1,-1,2;4413,1,1,-1,0;4433,0,1,-1,2;4452,0,1,-1,0;4491,2,1,-1,0;4510,1,1,-1,2;4529,3,2,5,0;4588,0,1,-1,2;4607,0,1,-1,0;4684,1,1,-1,0;4742,0,1,-1,2;4762,0,1,-1,0;4800,2,1,-1,0;4839,1,1,-1,0;4878,2,1,-1,0;4897,0,1,-1,2;4917,1,1,-1,0;4955,0,1,-1,0;4975,2,1,-1,2;4994,3,1,-1,0;5013,2,1,-1,2;5033,0,1,-1,0;5052,1,1,-1,2;5071,3,1,-1,0;5110,1,1,-1,0;5139,0,1,-1,2;5168,3,1,-1,2;5265,3,1,-1,0;5284,0,1,-1,2;5304,2,1,-1,0;5323,3,1,-1,2;5342,2,1,-1,0;5362,0,1,-1,2;5381,1,1,-1,0;5420,0,1,-1,1;5420,3,1,-1,1;5449,0,1,-1,3;5449,3,1,-1,3;5478,2,1,-1,2;5497,1,1,-1,0;5526,3,1,-1,2;5555,0,1,-1,2;5575,0,1,-1,1;5575,3,1,-1,1;5652,2,1,-1,0;5672,0,1,-1,2;5691,1,1,-1,0;5710,2,1,-1,2;5730,0,1,-1,1;5730,3,1,-1,1;5768,1,1,-1,1;5768,2,1,-1,1;5807,2,1,-1,0;5817,0,1,-1,2;5846,1,1,-1,1;5846,3,1,-1,1;5884,0,1,-1,1;5884,3,1,-1,1;5923,0,1,-1,1;5923,1,1,-1,1;5962,0,1,-1,0;5972,3,1,-1,2;6001,1,1,-1,1;6001,3,1,-1,1;6039,0,1,-1,1;6039,3,1,-1,1;6078,2,1,-1,1;6078,3,1,-1,1;6117,1,1,-1,0;6126,0,1,-1,2;6155,1,1,-1,1;6155,3,1,-1,1;6194,2,1,-1,0;6214,0,1,-1,2;6233,1,1,-1,0;6252,3,1,-1,2;6272,1,1,-1,0;6291,0,1,-1,2;6310,2,1,-1,0;6349,0,1,-1,0;6368,1,1,-1,2;6388,0,1,-1,0;6407,2,2,6,2;6446,1,1,-1,2;6465,1,1,-1,0;6504,3,1,-1,0;6523,0,1,-1,2;6543,1,1,-1,0;6562,2,2,7,2;6601,3,1,-1,2;6620,3,1,-1,0;6659,3,1,-1,0;6678,2,1,-1,2;6697,1,1,-1,0;6717,0,2,8,2;6756,2,1,-1,2;6775,2,1,-1,0;6794,2,1,-1,2;6833,1,1,-1,3;6833,3,1,-1,3;6862,0,1,-1,3;6862,3,1,-1,3;6891,0,1,-1,1;6891,1,1,-1,1;6920,0,1,-1,3;6920,3,1,-1,3;6949,0,1,-1,3;6949,3,1,-1,3;6968,1,1,-1,1;6968,2,1,-1,1;7007,0,1,-1,1;7007,3,1,-1,1;7046,2,1,-1,0;7056,0,1,-1,2;7085,1,1,-1,0;7123,0,1,-1,1;7123,3,1,-1,1;7162,1,1,-1,1;7162,3,1,-1,1;7201,3,1,-1,0;7210,2,1,-1,2;7239,1,1,-1,0;7278,0,1,-1,0;7298,2,1,-1,2;7317,1,1,-1,0;7356,3,1,-1,0;7365,0,1,-1,2;7394,1,1,-1,0;7433,2,1,-1,0;7452,3,1,-1,2;7472,1,1,-1,0;7511,3,1,-1,0;7520,0,1,-1,2;7549,1,1,-1,0;7588,3,1,-1,0;7607,2,1,-1,2;7627,1,1,-1,0;7665,1,1,-1,0;7685,0,1,-1,2;7704,2,1,-1,0;7743,0,1,-1,0;7762,2,1,-1,2;7782,3,1,-1,0;7801,2,1,-1,2;7820,0,1,-1,0;7840,1,1,-1,2;7859,3,1,-1,0;7898,0,1,-1,1;7898,1,1,-1,1;7936,3,1,-1,0;7956,2,1,-1,2;7975,1,1,-1,0;7994,0,1,-1,2;8014,3,1,-1,0;8053,1,1,-1,1;8053,3,1,-1,1;8091,0,1,-1,0;8111,2,1,-1,2;8130,1,1,-1,0;8149,3,1,-1,2;8169,0,1,-1,0;8207,2,1,-1,0;8227,1,1,-1,2;8246,3,1,-1,0;8265,1,1,-1,2;8285,2,1,-1,0;8304,1,1,-1,2;8324,3,1,-1,0;8343,1,1,-1,2;8362,2,1,-1,0;8382,0,1,-1,2;8401,2,1,-1,0;8420,1,1,-1,2;8440,2,1,-1,0;8459,0,1,-1,2;8478,2,1,-1,0;8498,1,1,-1,2;8517,3,1,-1,0;8536,2,1,-1,2;8556,3,1,-1,0;8575,0,1,-1,2;8595,3,1,-1,0;8614,2,1,-1,2;8633,3,1,-1,0;8653,0,1,-1,2;8672,1,1,-1,0;8691,2,1,-1,2;8711,1,1,-1,0;8730,3,1,-1,2;8749,1,1,-1,0;8769,2,1,-1,2;8788,1,1,-1,0;8807,3,1,-1,2;8846,1,1,-1,3;8846,2,1,-1,3;8866,1,1,-1,1;8866,2,1,-1,1;8924,1,1,-1,2;8943,1,1,-1,0;8962,0,1,-1,2;9001,1,1,-1,3;9001,2,1,-1,3;9020,0,1,-1,1;9020,3,1,-1,1;9078,3,1,-1,2;9098,0,1,-1,0;9117,1,1,-1,2;9137,0,1,-1,0;9175,3,1,-1,0;9195,1,1,-1,3;9195,3,1,-1,3;9253,2,1,-1,0;9291,0,1,-1,0;9311,0,1,-1,3;9311,3,1,-1,3;9369,2,1,-1,0;9408,2,1,-1,0;9446,0,1,-1,1;9446,3,1,-1,1;9475,0,1,-1,3;9475,1,1,-1,3;9504,0,2,9,3;9504,3,2,10,3;9601,1,1,-1,1;9601,2,1,-1,1;9630,0,1,-1,3;9630,1,1,-1,3;9659,1,2,11,3;9659,2,2,12,3;9756,1,1,-1,1;9756,2,1,-1,1;9785,0,1,-1,2;9814,3,1,-1,2;9843,2,1,-1,2;9872,1,1,-1,0;9891,1,1,-1,2;9911,0,1,-1,0;9940,1,1,-1,3;9940,2,1,-1,3;9969,0,1,-1,3;9969,3,1,-1,3","h":"1,1,2632,2671;2,2,2632,2671;3,1,2787,2826;4,2,2787,2826;5,3,4529,4762;6,2,6407,6465;7,2,6562,6620;8,0,6717,6794;9,0,9504,9562;10,3,9504,9562;11,1,9659,9717;12,2,9659,9717"}