{"v":1,"fmt":"sldr-chart-v1","id":"destiny","d":"Medium","m":7,"du":101.82,"tr":239,"ch":20,"mx":2,"of":42,"sr":[0.423951,0.5,0.083682,0.061776,0.162162],"n":"774,2,1,-1,0;813,0,1,-1,1;813,3,1,-1,1;852,2,1,-1,0;871,0,1,-1,2;890,1,1,-1,0;929,2,1,-1,0;968,0,1,-1,1;968,3,1,-1,1;1006,2,1,-1,0;1026,0,1,-1,2;1045,1,1,-1,0;1084,3,1,-1,0;1123,3,1,-1,0;1161,0,1,-1,0;1200,0,1,-1,0;1239,2,1,-1,0;1277,1,1,-1,1;1277,3,1,-1,1;1316,2,1,-1,0;1335,0,1,-1,2;1355,1,1,-1,0;1394,3,2,1,0;1548,1,2,2,0;1703,2,1,-1,0;1742,2,1,-1,0;1781,0,1,-1,0;1819,0,1,-1,0;1858,3,2,3,0;1936,2,1,-1,0;1974,2,1,-1,0;2013,0,1,-1,0;2052,1,1,-1,1;2052,3,1,-1,1;2090,0,1,-1,0;2129,1,1,-1,1;2129,3,1,-1,1;2168,0,1,-1,0;2207,1,1,-1,0;2245,0,1,-1,0;2265,3,1,-1,2;2284,1,1,-1,0;2323,3,1,-1,0;2361,0,1,-1,1;2361,1,1,-1,1;2400,3,1,-1,0;2439,0,1,-1,1;2439,1,1,-1,1;2478,2,1,-1,0;2497,3,1,-1,2;2516,2,1,-1,0;2555,0,1,-1,0;2574,1,1,-1,2;2594,0,1,-1,0;2632,0,2,4,1;2632,3,1,-1,1;2671,3,1,-1,0;2710,1,1,-1,0;2749,1,1,-1,0;2787,3,1,-1,0;2826,1,1,-1,0;2865,3,1,-1,0;2903,1,1,-1,0;2942,0,1,-1,1;2942,3,2,5,1;2981,0,1,-1,0;3020,1,1,-1,0;3058,1,1,-1,0;3097,0,1,-1,0;3136,1,1,-1,0;3174,0,1,-1,0;3213,1,1,-1,0;3252,3,2,6,0;3291,0,1,-1,0;3368,0,1,-1,0;3407,0,2,7,0;3445,3,1,-1,0;3523,3,1,-1,0;3600,1,1,-1,0;3678,1,1,-1,0;3716,2,1,-1,0;3755,2,1,-1,0;3794,2,1,-1,0;3833,0,1,-1,1;3833,3,1,-1,1;3871,2,1,-1,0;3910,1,1,-1,0;3949,2,1,-1,0;3968,0,1,-1,2;3987,1,1,-1,0;4026,3,1,-1,0;4065,1,1,-1,0;4104,0,1,-1,0;4142,1,1,-1,0;4181,2,2,8,0;4258,1,1,-1,0;4297,1,1,-1,0;4336,0,1,-1,0;4375,1,1,-1,0;4413,3,1,-1,0;4452,1,1,-1,0;4491,0,2,9,0;4568,1,1,-1,0;4607,1,1,-1,0;4646,3,2,10,0;4723,1,1,-1,0;4762,1,1,-1,0;4800,0,1,-1,0;4839,3,1,-1,0;4878,2,1,-1,0;4897,0,1,-1,2;4917,1,1,-1,0;4955,3,1,-1,0;4994,0,1,-1,0;5033,2,1,-1,0;5052,0,1,-1,2;5071,1,1,-1,0;5110,3,2,11,0;5265,0,1,-1,0;5304,0,1,-1,0;5342,2,1,-1,0;5362,0,1,-1,2;5381,1,1,-1,0;5420,3,1,-1,0;5449,3,1,-1,2;5478,3,1,-1,2;5497,0,1,-1,0;5526,0,1,-1,2;5555,0,1,-1,2;5575,1,1,-1,0;5652,1,1,-1,0;5691,1,1,-1,0;5730,0,1,-1,1;5730,3,1,-1,1;5768,1,1,-1,1;5768,2,1,-1,1;5807,2,1,-1,0;5826,0,1,-1,2;5846,1,1,-1,0;5884,3,2,12,0;5962,1,1,-1,0;6001,1,1,-1,0;6039,0,2,13,0;6117,1,1,-1,0;6155,1,1,-1,0;6194,2,1,-1,0;6233,0,1,-1,1;6233,3,1,-1,1;6272,1,1,-1,1;6272,2,1,-1,1;6310,0,1,-1,1;6310,3,1,-1,1;6349,2,2,14,0;6426,2,1,-1,0;6446,0,1,-1,2;6465,1,1,-1,0;6504,2,2,15,0;6581,2,1,-1,0;6601,3,1,-1,2;6620,1,1,-1,0;6659,3,2,16,0;6736,0,1,-1,0;6775,1,1,-1,0;6833,3,1,-1,2;6862,3,1,-1,2;6891,0,1,-1,0;6920,0,1,-1,2;6949,1,1,-1,2;6968,1,1,-1,0;7007,1,1,-1,0;7046,2,1,-1,0;7065,0,1,-1,2;7085,1,1,-1,0;7123,3,1,-1,0;7201,0,1,-1,0;7239,1,1,-1,0;7278,3,1,-1,0;7317,2,1,-1,0;7356,1,1,-1,0;7394,0,1,-1,0;7433,3,1,-1,0;7472,3,1,-1,0;7511,2,1,-1,0;7530,1,1,-1,2;7549,0,1,-1,0;7588,3,1,-1,0;7627,2,1,-1,0;7665,1,1,-1,0;7685,0,1,-1,2;7704,2,1,-1,0;7743,3,1,-1,0;7820,0,1,-1,0;7859,2,1,-1,0;7898,1,1,-1,0;7936,3,1,-1,0;7975,2,1,-1,0;8014,1,1,-1,0;8053,0,1,-1,0;8091,0,1,-1,0;8130,3,1,-1,0;8149,2,1,-1,2;8169,1,1,-1,0;8207,0,1,-1,1;8207,3,1,-1,1;8246,1,1,-1,0;8285,3,1,-1,0;8304,0,1,-1,2;8324,1,1,-1,0;8362,2,1,-1,0;8382,0,1,-1,2;8401,3,1,-1,0;8440,2,1,-1,0;8459,0,1,-1,2;8478,3,1,-1,0;8517,2,1,-1,0;8556,1,1,-1,0;8595,3,1,-1,0;8614,0,1,-1,2;8633,1,1,-1,0;8672,3,1,-1,0;8691,0,1,-1,2;8711,1,1,-1,0;8749,0,1,-1,1;8749,3,1,-1,1;8788,1,1,-1,0;8827,2,1,-1,0;8866,0,1,-1,1;8866,3,1,-1,1;8924,1,1,-1,2;8943,1,1,-1,0;8982,0,1,-1,0;9020,1,1,-1,1;9020,2,1,-1,1;9078,3,1,-1,2;9098,3,1,-1,0;9137,0,1,-1,0;9175,1,1,-1,0;9214,3,1,-1,0;9253,1,1,-1,1;9253,3,1,-1,1;9291,0,1,-1,0;9330,1,1,-1,0;9369,3,1,-1,0;9408,1,1,-1,0;9446,0,1,-1,0;9475,0,1,-1,2;9504,0,1,-1,2;9601,3,1,-1,0;9630,3,1,-1,2;9659,3,1,-1,2;9756,2,1,-1,0;9785,0,1,-1,2;9814,1,1,-1,2;9843,2,1,-1,2;9872,3,1,-1,0;9891,3,1,-1,2;9911,0,1,-1,0;9940,1,1,-1,2;9969,1,1,-1,2","h":"1,3,1394,1510;2,1,1548,1665;3,3,1858,1897;4,0,2632,2903;5,3,2942,3213;6,3,3252,3368;7,0,3407,3523;8,2,4181,4220;9,0,4491,4529;10,3,4646,4684;11,3,5110,5226;12,3,5884,5923;13,0,6039,6078;14,2,6349,6388;15,2,6504,6543;16,3,6659,6697"}