{"v":1,"fmt":"sldr-chart-v1","id":"baby-love-me","d":"Hard","m":8,"du":85.42,"tr":380,"ch":24,"mx":2,"of":205,"sr":[0.788262,0.5,0.063158,0.024752,0.507426],"n":"452,3,1,-1,0;461,2,1,-1,2;480,2,1,-1,2;489,3,1,-1,0;508,0,1,-1,2;527,3,2,1,0;564,0,1,-1,0;602,2,1,-1,0;620,0,1,-1,2;639,3,1,-1,0;658,1,1,-1,2;695,0,1,-1,3;695,3,1,-1,3;714,0,1,-1,1;714,3,1,-1,1;752,0,1,-1,0;761,2,1,-1,2;780,2,1,-1,2;789,0,1,-1,0;808,3,1,-1,2;827,0,2,2,0;864,3,1,-1,0;902,3,1,-1,0;911,2,1,-1,2;930,2,1,-1,2;939,3,1,-1,0;958,0,1,-1,2;977,2,2,3,0;1014,1,1,-1,0;1052,3,1,-1,0;1061,1,1,-1,2;1080,1,1,-1,2;1089,3,1,-1,0;1108,0,1,-1,2;1127,2,2,4,0;1164,1,1,-1,0;1202,2,1,-1,0;1220,0,1,-1,2;1239,3,1,-1,0;1258,1,1,-1,2;1277,3,1,-1,0;1295,0,1,-1,3;1295,3,1,-1,3;1352,3,1,-1,0;1370,0,1,-1,2;1389,1,1,-1,0;1408,1,1,-1,2;1427,0,1,-1,0;1445,3,1,-1,2;1464,1,1,-1,0;1483,1,1,-1,2;1502,3,1,-1,0;1520,2,1,-1,2;1539,1,1,-1,0;1558,1,1,-1,2;1577,0,1,-1,0;1595,2,1,-1,2;1614,1,1,-1,0;1651,3,1,-1,0;1670,2,1,-1,2;1689,1,1,-1,0;1726,0,1,-1,0;1745,2,1,-1,2;1764,1,1,-1,0;1801,3,1,-1,0;1820,0,1,-1,2;1839,3,1,-1,0;1858,1,1,-1,2;1876,2,1,-1,0;1895,0,1,-1,2;1914,0,1,-1,1;1914,3,1,-1,1;1951,2,1,-1,0;1970,1,1,-1,2;1989,1,1,-1,0;2026,0,1,-1,0;2045,3,1,-1,2;2064,3,1,-1,0;2101,3,1,-1,0;2120,2,1,-1,2;2139,2,1,-1,0;2176,1,1,-1,0;2195,0,1,-1,2;2214,0,1,-1,0;2251,3,1,-1,0;2270,2,1,-1,2;2289,1,1,-1,0;2308,0,1,-1,2;2326,0,1,-1,0;2345,1,1,-1,2;2364,2,1,-1,0;2383,3,1,-1,2;2401,3,1,-1,0;2420,1,1,-1,2;2439,2,1,-1,0;2458,0,1,-1,2;2476,3,1,-1,0;2495,0,1,-1,3;2495,3,1,-1,3;2551,2,1,-1,1;2551,3,1,-1,1;2570,2,1,-1,2;2589,2,1,-1,0;2608,2,1,-1,2;2626,1,1,-1,0;2645,2,1,-1,2;2664,3,1,-1,0;2683,2,1,-1,2;2720,0,1,-1,3;2720,1,1,-1,3;2739,2,1,-1,0;2758,0,1,-1,2;2776,1,1,-1,0;2795,2,1,-1,2;2814,3,1,-1,0;2833,2,1,-1,2;2851,3,1,-1,0;2870,1,1,-1,2;2889,2,1,-1,0;2908,3,1,-1,2;2926,2,1,-1,0;2945,0,1,-1,2;2964,1,1,-1,0;2983,2,1,-1,2;3020,0,1,-1,2;3039,3,1,-1,0;3058,0,1,-1,2;3076,3,1,-1,0;3095,1,1,-1,2;3114,2,1,-1,0;3151,0,1,-1,1;3151,2,1,-1,1;3170,2,1,-1,2;3189,2,1,-1,0;3208,2,1,-1,2;3226,1,1,-1,0;3245,3,1,-1,2;3264,3,1,-1,0;3283,3,1,-1,2;3301,2,1,-1,1;3301,3,1,-1,1;3320,1,1,-1,2;3339,1,1,-1,0;3358,1,1,-1,2;3376,0,1,-1,0;3395,2,1,-1,2;3414,1,1,-1,0;3433,1,1,-1,2;3451,3,1,-1,0;3470,2,1,-1,2;3489,1,1,-1,0;3508,0,1,-1,2;3526,0,1,-1,0;3545,1,1,-1,2;3564,2,1,-1,0;3583,0,2,5,3;3583,3,2,6,3;3695,0,1,-1,3;3695,3,1,-1,3;3714,0,1,-1,1;3714,3,1,-1,1;3751,3,1,-1,0;3770,2,1,-1,2;3789,0,1,-1,0;3808,2,1,-1,2;3826,3,1,-1,0;3845,0,1,-1,3;3845,3,1,-1,3;3883,0,1,-1,3;3883,3,1,-1,3;3920,0,1,-1,2;3939,3,1,-1,0;3958,3,1,-1,2;3976,0,1,-1,0;3995,1,1,-1,2;4033,0,1,-1,3;4033,3,1,-1,3;4070,2,1,-1,2;4089,1,1,-1,0;4108,0,1,-1,2;4126,3,1,-1,0;4145,2,1,-1,2;4164,1,1,-1,0;4183,0,1,-1,2;4201,3,1,-1,0;4220,1,1,-1,2;4239,2,1,-1,0;4258,3,1,-1,2;4276,2,1,-1,0;4295,0,1,-1,2;4314,1,1,-1,0;4351,0,1,-1,0;4370,2,1,-1,2;4389,3,1,-1,0;4408,2,1,-1,2;4426,0,1,-1,0;4445,0,1,-1,3;4445,3,1,-1,3;4483,0,1,-1,3;4483,3,1,-1,3;4520,3,1,-1,2;4539,0,1,-1,0;4558,0,1,-1,2;4576,3,1,-1,0;4595,1,1,-1,2;4633,1,1,-1,3;4633,3,1,-1,3;4670,0,1,-1,3;4670,1,1,-1,3;4689,3,1,-1,0;4708,0,1,-1,2;4726,3,1,-1,0;4745,2,1,-1,2;4783,3,1,-1,2;4801,0,1,-1,0;4820,2,1,-1,2;4839,1,1,-1,0;4858,3,1,-1,2;4876,0,1,-1,0;4895,1,1,-1,2;4951,2,1,-1,0;4970,3,1,-1,2;4989,1,1,-1,0;5008,0,1,-1,2;5026,1,1,-1,0;5045,3,1,-1,2;5064,2,1,-1,0;5083,1,1,-1,2;5101,0,1,-1,0;5120,2,1,-1,2;5139,1,1,-1,0;5158,3,1,-1,2;5176,2,1,-1,0;5195,3,1,-1,2;5214,1,1,-1,0;5233,0,1,-1,2;5251,1,1,-1,0;5270,2,1,-1,2;5289,0,1,-1,0;5308,1,1,-1,2;5326,3,1,-1,0;5345,1,1,-1,2;5364,2,1,-1,0;5383,3,1,-1,2;5401,1,1,-1,0;5420,0,1,-1,2;5439,1,1,-1,0;5458,3,1,-1,2;5476,2,1,-1,0;5495,1,1,-1,2;5514,0,1,-1,0;5551,2,1,-1,0;5570,0,1,-1,2;5589,0,1,-1,0;5608,2,1,-1,2;5626,1,1,-1,0;5645,3,1,-1,2;5664,3,1,-1,0;5683,1,1,-1,2;5701,3,1,-1,0;5720,2,1,-1,2;5739,2,1,-1,0;5758,3,1,-1,2;5776,0,1,-1,0;5795,1,1,-1,2;5814,1,1,-1,0;5833,0,1,-1,2;5851,3,1,-1,0;5870,0,1,-1,2;5889,0,1,-1,0;5908,1,1,-1,2;5926,0,1,-1,0;5945,2,1,-1,2;5964,1,1,-1,0;5983,3,1,-1,2;6001,0,1,-1,0;6020,1,1,-1,2;6039,0,1,-1,0;6058,2,1,-1,2;6076,0,1,-1,1;6076,3,1,-1,1;6095,0,1,-1,3;6095,3,1,-1,3;6151,3,1,-1,0;6161,2,1,-1,2;6179,2,1,-1,2;6189,3,1,-1,0;6208,0,1,-1,2;6226,3,1,-1,0;6264,0,1,-1,0;6301,0,1,-1,0;6311,2,1,-1,2;6329,2,1,-1,2;6339,0,1,-1,0;6358,3,1,-1,2;6376,0,1,-1,0;6414,3,1,-1,0;6451,3,1,-1,0;6461,1,1,-1,2;6479,1,1,-1,2;6489,3,1,-1,0;6508,0,1,-1,2;6526,3,1,-1,0;6564,0,1,-1,0;6601,0,1,-1,0;6620,2,1,-1,2;6639,1,1,-1,0;6658,3,1,-1,2;6695,0,1,-1,3;6695,3,1,-1,3;6714,0,1,-1,1;6714,3,1,-1,1;6751,0,1,-1,0;6761,2,1,-1,2;6770,0,1,-1,2;6779,2,1,-1,2;6789,1,1,-1,0;6808,3,1,-1,2;6826,0,2,7,0;6901,3,1,-1,0;6911,2,1,-1,2;6920,3,1,-1,2;6929,2,1,-1,2;6939,1,1,-1,0;6958,0,1,-1,2;6976,3,2,8,0;7051,0,1,-1,0;7061,1,1,-1,2;7070,0,1,-1,2;7079,1,1,-1,2;7089,2,1,-1,0;7108,3,1,-1,2;7126,2,1,-1,0;7164,1,1,-1,0;7201,0,1,-1,0;7220,2,1,-1,2;7239,1,1,-1,0;7258,3,1,-1,2;7276,2,1,-1,0;7295,1,1,-1,2;7314,1,1,-1,0;7333,1,1,-1,2;7351,2,1,-1,0;7361,3,1,-1,2;7379,0,1,-1,2;7389,1,1,-1,0;7408,0,1,-1,2;7426,3,2,9,0;7483,1,1,-1,2;7501,2,1,-1,0;7511,0,1,-1,2;7529,3,1,-1,2;7539,1,1,-1,0;7558,3,1,-1,2;7576,0,2,10,0;7633,1,1,-1,2;7651,0,1,-1,0;7661,1,1,-1,2;7679,3,1,-1,2;7689,1,1,-1,0;7708,3,1,-1,2;7726,0,1,-1,0;7764,3,1,-1,0;7801,2,1,-1,0;7820,3,1,-1,2;7839,1,1,-1,0;7858,0,1,-1,2;7895,3,1,-1,2;7914,0,1,-1,1;7914,3,1,-1,1;7951,2,1,-1,0;7961,0,1,-1,2;7970,2,1,-1,2;7979,0,1,-1,2;7989,1,1,-1,0;8008,3,1,-1,2;8026,1,1,-1,0;8064,3,1,-1,0;8101,2,1,-1,0;8111,3,1,-1,2;8120,2,1,-1,2;8129,3,1,-1,2;8139,1,1,-1,0;8158,0,1,-1,2;8176,1,1,-1,0;8214,0,1,-1,0;8251,1,1,-1,0;8261,2,1,-1,2;8270,1,1,-1,2;8279,2,1,-1,2;8289,1,1,-1,0;8307,2,1,-1,2;8326,3,1,-1,0;8364,0,1,-1,0;8401,3,1,-1,0;8411,0,1,-1,2;8420,3,1,-1,2;8429,0,1,-1,2;8439,3,1,-1,0;8448,0,1,-1,2;8457,3,1,-1,2;8467,0,1,-1,2;8476,2,1,-1,0;8495,1,1,-1,2","h":"1,3,527,564;2,0,827,864;3,2,977,1014;4,2,1127,1164;5,0,3583,3676;6,3,3583,3676;7,0,6826,6864;8,3,6976,7014;9,3,7426,7464;10,0,7576,7614"}