{"v":1,"fmt":"sldr-chart-v1","id":"baby-love-me","d":"Medium","m":5,"du":85.14,"tr":216,"ch":45,"mx":2,"of":30,"sr":[0.510923,0.5,0.208333,0.153257,0.114943],"n":"452,3,1,-1,0;527,0,1,-1,0;602,3,1,-1,0;677,0,1,-1,0;752,2,1,-1,1;752,3,1,-1,1;789,2,1,-1,1;789,3,1,-1,1;827,0,2,1,0;864,1,1,-1,0;902,0,1,-1,1;902,2,1,-1,1;939,0,1,-1,1;939,2,1,-1,1;977,3,2,2,0;1014,1,1,-1,0;1052,0,2,3,0;1089,1,1,-1,0;1127,3,2,4,0;1164,1,1,-1,0;1202,0,2,5,1;1202,3,2,6,1;1352,3,1,-1,0;1370,0,1,-1,2;1389,1,1,-1,0;1427,0,1,-1,0;1445,3,1,-1,2;1464,1,1,-1,0;1502,3,1,-1,0;1539,1,1,-1,0;1577,0,1,-1,0;1614,2,1,-1,0;1651,0,1,-1,0;1670,3,1,-1,2;1689,1,1,-1,0;1726,0,1,-1,0;1745,3,1,-1,2;1764,1,1,-1,0;1801,0,1,-1,0;1839,1,1,-1,0;1876,3,1,-1,0;1914,2,1,-1,0;1951,2,1,-1,0;1970,0,1,-1,2;1989,1,1,-1,0;2026,2,1,-1,0;2045,3,1,-1,2;2064,1,1,-1,0;2101,3,1,-1,0;2139,3,1,-1,0;2176,0,1,-1,0;2214,0,1,-1,0;2251,3,2,7,0;2289,1,1,-1,0;2326,0,2,8,0;2364,2,1,-1,0;2401,0,2,9,1;2401,3,2,10,1;2551,1,1,-1,0;2589,0,2,11,0;2626,3,2,12,0;2701,3,2,13,0;2776,3,2,14,0;2851,2,1,-1,0;2889,3,2,15,0;2926,0,2,16,0;3001,0,2,17,0;3076,0,2,18,0;3151,3,1,-1,0;3170,1,1,-1,2;3189,3,1,-1,0;3226,0,1,-1,0;3245,1,1,-1,2;3264,0,1,-1,0;3301,2,1,-1,0;3320,0,1,-1,2;3339,2,1,-1,0;3376,3,1,-1,0;3395,0,1,-1,2;3414,3,1,-1,0;3451,0,1,-1,0;3489,0,1,-1,0;3526,3,1,-1,0;3564,3,1,-1,0;3601,0,2,19,1;3601,3,2,20,1;3751,2,1,-1,1;3751,3,1,-1,1;3789,2,1,-1,1;3789,3,1,-1,1;3826,0,1,-1,1;3826,1,1,-1,1;3864,0,1,-1,1;3864,1,1,-1,1;3901,0,1,-1,1;3901,2,1,-1,1;3939,0,1,-1,1;3939,2,1,-1,1;3976,1,1,-1,1;3976,3,1,-1,1;4014,1,1,-1,1;4014,3,1,-1,1;4051,1,1,-1,0;4089,0,1,-1,0;4126,2,1,-1,0;4164,3,1,-1,0;4201,0,1,-1,1;4201,3,1,-1,1;4239,1,1,-1,0;4276,0,1,-1,1;4276,3,1,-1,1;4314,1,1,-1,0;4351,0,1,-1,1;4351,2,1,-1,1;4389,0,1,-1,1;4389,2,1,-1,1;4426,1,1,-1,1;4426,3,1,-1,1;4464,1,1,-1,1;4464,3,1,-1,1;4501,2,1,-1,1;4501,3,1,-1,1;4539,2,1,-1,1;4539,3,1,-1,1;4576,0,1,-1,1;4576,1,1,-1,1;4614,0,1,-1,1;4614,1,1,-1,1;4651,3,1,-1,0;4689,1,1,-1,0;4726,0,1,-1,0;4764,1,1,-1,0;4801,0,1,-1,1;4801,2,1,-1,1;4839,3,1,-1,0;4876,2,1,-1,1;4876,3,1,-1,1;4914,0,1,-1,0;4951,3,1,-1,0;4970,1,1,-1,2;4989,3,1,-1,0;5026,0,2,21,0;5064,1,1,-1,0;5101,0,1,-1,0;5120,1,1,-1,2;5139,0,1,-1,0;5176,3,2,22,0;5214,1,1,-1,0;5251,3,1,-1,0;5270,1,1,-1,2;5289,0,1,-1,0;5326,0,1,-1,0;5345,1,1,-1,2;5364,3,1,-1,0;5401,0,2,23,1;5401,3,2,24,1;5476,1,2,25,1;5476,2,2,26,1;5551,0,1,-1,0;5570,3,1,-1,2;5589,1,1,-1,0;5608,3,1,-1,2;5626,0,1,-1,0;5664,3,1,-1,0;5701,3,1,-1,0;5720,0,1,-1,2;5739,2,1,-1,0;5758,0,1,-1,2;5776,3,1,-1,0;5814,0,1,-1,0;5851,3,1,-1,0;5889,1,1,-1,1;5889,3,1,-1,1;5926,0,1,-1,0;5964,0,1,-1,1;5964,1,1,-1,1;6001,0,2,27,1;6001,3,2,28,1;6151,0,1,-1,1;6151,1,1,-1,1;6189,0,1,-1,1;6189,1,1,-1,1;6226,3,2,29,0;6264,1,1,-1,0;6301,2,1,-1,1;6301,3,1,-1,1;6339,2,1,-1,1;6339,3,1,-1,1;6376,0,2,30,0;6414,1,1,-1,0;6451,3,2,31,0;6489,1,1,-1,0;6526,0,2,32,0;6564,2,1,-1,0;6601,2,2,33,1;6601,3,2,34,1;6714,2,1,-1,1;6714,3,1,-1,1;6751,0,1,-1,1;6751,2,1,-1,1;6789,0,1,-1,1;6789,2,1,-1,1;6826,3,2,35,0;6864,1,1,-1,0;6901,1,1,-1,1;6901,3,1,-1,1;6939,1,1,-1,1;6939,3,1,-1,1;6976,0,2,36,0;7014,2,1,-1,0;7051,3,1,-1,0;7070,0,1,-1,2;7089,3,1,-1,0;7126,0,1,-1,0;7145,3,1,-1,2;7164,0,1,-1,0;7201,2,1,-1,0;7239,3,1,-1,0;7276,1,1,-1,0;7314,0,1,-1,0;7351,0,1,-1,0;7370,1,1,-1,2;7389,0,1,-1,0;7408,3,1,-1,2;7426,0,1,-1,0;7464,3,1,-1,0;7501,3,1,-1,0;7520,1,1,-1,2;7539,3,1,-1,0;7558,0,1,-1,2;7576,3,1,-1,0;7614,0,1,-1,0;7651,2,1,-1,1;7651,3,1,-1,1;7689,0,1,-1,0;7726,0,1,-1,1;7726,2,1,-1,1;7764,3,1,-1,0;7801,3,2,37,0;7839,1,1,-1,0;7876,0,2,38,0;7951,2,1,-1,0;7970,0,1,-1,2;7989,1,1,-1,0;8008,0,1,-1,2;8026,3,1,-1,0;8064,0,1,-1,0;8101,2,1,-1,0;8120,3,1,-1,2;8139,1,1,-1,0;8158,3,1,-1,2;8176,0,1,-1,0;8214,3,1,-1,0;8251,3,1,-1,0;8270,0,1,-1,2;8289,3,1,-1,0;8326,0,1,-1,0;8345,3,1,-1,2;8364,0,1,-1,0;8401,0,2,39,1;8401,3,2,40,1","h":"1,0,827,864;2,3,977,1014;3,0,1052,1089;4,3,1127,1164;5,0,1202,1314;6,3,1202,1314;7,3,2251,2289;8,0,2326,2364;9,0,2401,2514;10,3,2401,2514;12,3,2626,2664;13,3,2701,2739;11,0,2589,2814;14,3,2776,2814;16,0,2926,2964;17,0,3001,3039;18,0,3076,3114;15,3,2889,3114;19,0,3601,3714;20,3,3601,3714;21,0,5026,5064;22,3,5176,5214;23,0,5401,5439;24,3,5401,5439;25,1,5476,5514;26,2,5476,5514;27,0,6001,6114;28,3,6001,6114;29,3,6226,6264;30,0,6376,6414;31,3,6451,6489;32,0,6526,6564;33,2,6601,6676;34,3,6601,6676;35,3,6826,6864;36,0,6976,7014;38,0,7876,7914;37,3,7801,7914;39,0,8401,8514;40,3,8401,8514"}