{"v":1,"fmt":"sldr-chart-v1","id":"candy","d":"Hard","m":10,"du":94.34,"tr":317,"ch":27,"mx":2,"of":95,"sr":[0.607731,0.5,0.085174,0.061047,0.276163],"n":"667,3,1,-1,0;700,3,1,-1,0;734,1,1,-1,0;750,3,1,-1,2;784,2,1,-1,2;817,2,1,-1,2;850,2,1,-1,2;867,1,1,-1,0;900,3,1,-1,0;950,0,1,-1,2;967,1,1,-1,0;984,0,1,-1,2;1000,2,1,-1,0;1034,3,1,-1,0;1050,1,1,-1,2;1084,2,1,-1,2;1100,0,1,-1,0;1134,3,1,-1,0;1167,1,1,-1,1;1167,3,1,-1,1;1200,0,1,-1,0;1250,0,1,-1,2;1284,3,1,-1,2;1300,1,1,-1,0;1334,3,1,-1,0;1384,3,1,-1,2;1417,0,1,-1,2;1434,1,1,-1,0;1467,2,2,1,0;1517,1,1,-1,2;1534,3,1,-1,0;1567,0,1,-1,0;1600,0,2,2,0;1650,1,1,-1,2;1667,2,1,-1,0;1700,3,1,-1,0;1734,3,2,3,0;1784,1,1,-1,2;1800,2,1,-1,0;1834,0,1,-1,0;1867,0,2,4,0;1917,3,1,-1,2;1934,2,1,-1,0;1967,1,1,-1,0;2000,0,2,5,1;2000,1,1,-1,1;2034,3,2,6,0;2067,1,1,-1,0;2100,0,2,7,0;2134,2,1,-1,0;2167,3,2,8,0;2200,2,1,-1,0;2234,0,2,9,0;2267,1,1,-1,0;2300,3,2,10,0;2334,2,1,-1,0;2367,0,2,11,0;2400,1,2,12,0;2434,0,2,13,0;2467,3,1,-1,0;2484,1,1,-1,2;2500,2,1,-1,0;2534,0,1,-1,0;2567,0,1,-1,0;2600,1,1,-1,0;2617,2,1,-1,2;2634,1,1,-1,0;2650,3,1,-1,2;2667,2,1,-1,0;2700,3,1,-1,0;2717,1,1,-1,2;2750,0,1,-1,2;2767,1,1,-1,0;2800,3,1,-1,0;2834,3,1,-1,0;2867,2,1,-1,0;2900,2,1,-1,0;2917,0,1,-1,2;2934,1,1,-1,0;2967,3,1,-1,0;2984,2,1,-1,2;3017,0,1,-1,2;3034,2,1,-1,0;3067,1,1,-1,0;3100,2,1,-1,0;3134,1,1,-1,0;3167,1,1,-1,0;3184,0,1,-1,2;3217,3,1,-1,2;3234,2,1,-1,0;3250,1,1,-1,2;3284,1,1,-1,2;3300,0,1,-1,0;3317,3,1,-1,2;3334,2,1,-1,0;3367,3,1,-1,0;3384,1,1,-1,2;3417,1,1,-1,2;3450,2,1,-1,2;3467,0,1,-1,0;3500,3,1,-1,0;3517,1,1,-1,2;3550,2,1,-1,2;3567,0,1,-1,0;3600,0,1,-1,0;3634,3,1,-1,0;3667,1,1,-1,1;3667,3,1,-1,1;3700,2,1,-1,0;3717,0,1,-1,2;3750,0,1,-1,2;3767,1,1,-1,0;3800,1,1,-1,1;3800,2,1,-1,1;3834,2,1,-1,1;3834,3,1,-1,1;3867,3,1,-1,0;3900,0,1,-1,0;3934,0,1,-1,1;3934,1,1,-1,1;3967,2,1,-1,0;3984,3,1,-1,2;4017,3,1,-1,2;4034,1,1,-1,0;4067,1,1,-1,1;4067,2,1,-1,1;4100,0,1,-1,1;4100,2,1,-1,1;4134,2,1,-1,1;4134,3,2,14,1;4167,1,1,-1,0;4200,2,1,-1,0;4234,0,1,-1,0;4267,0,2,15,1;4267,2,1,-1,1;4300,1,1,-1,0;4334,2,1,-1,0;4367,3,1,-1,0;4400,0,1,-1,0;4434,2,1,-1,0;4450,3,1,-1,2;4467,2,1,-1,0;4500,1,1,-1,0;4517,2,1,-1,2;4550,3,1,-1,2;4567,1,1,-1,0;4584,2,1,-1,2;4600,0,1,-1,0;4634,1,1,-1,1;4634,3,1,-1,1;4667,3,1,-1,0;4700,0,1,-1,0;4734,0,1,-1,1;4734,1,1,-1,1;4767,2,1,-1,0;4784,3,1,-1,2;4817,3,1,-1,2;4834,1,1,-1,0;4867,1,1,-1,1;4867,2,1,-1,1;4900,0,1,-1,1;4900,2,1,-1,1;4934,0,1,-1,0;4967,3,1,-1,0;5000,1,1,-1,1;5000,3,1,-1,1;5034,2,1,-1,0;5050,0,1,-1,2;5084,0,1,-1,2;5100,1,1,-1,0;5134,1,1,-1,1;5134,2,1,-1,1;5167,2,1,-1,1;5167,3,1,-1,1;5200,0,2,16,1;5200,2,1,-1,1;5234,1,1,-1,0;5267,2,1,-1,0;5300,3,1,-1,0;5334,2,1,-1,1;5334,3,2,17,1;5367,1,1,-1,0;5400,2,1,-1,0;5434,0,1,-1,0;5467,3,1,-1,0;5500,2,1,-1,0;5517,0,1,-1,2;5534,2,1,-1,0;5567,1,1,-1,0;5584,2,1,-1,2;5617,0,1,-1,2;5634,1,1,-1,0;5650,2,1,-1,2;5667,3,1,-1,0;5700,0,1,-1,1;5700,1,1,-1,1;5734,1,1,-1,1;5734,3,1,-1,1;5767,3,1,-1,0;5784,2,1,-1,2;5834,0,1,-1,0;5850,2,1,-1,2;5900,3,1,-1,0;5917,1,1,-1,2;5967,0,1,-1,0;5984,1,1,-1,2;6034,3,1,-1,0;6050,2,1,-1,2;6100,0,1,-1,0;6117,1,1,-1,2;6167,3,1,-1,0;6184,1,1,-1,2;6217,2,1,-1,2;6234,0,1,-1,0;6250,2,1,-1,2;6267,1,1,-1,0;6300,3,1,-1,0;6317,2,1,-1,2;6334,3,1,-1,0;6367,0,1,-1,0;6384,2,1,-1,2;6400,0,1,-1,0;6434,3,1,-1,0;6450,1,1,-1,2;6467,3,1,-1,0;6500,0,1,-1,0;6517,1,1,-1,2;6534,0,1,-1,0;6567,3,1,-1,0;6584,0,1,-1,2;6600,3,1,-1,0;6634,3,1,-1,0;6650,1,1,-1,2;6667,2,1,-1,0;6684,0,1,-1,2;6700,1,1,-1,0;6717,3,1,-1,2;6734,1,1,-1,0;6750,0,1,-1,2;6767,3,1,-1,0;6800,2,1,-1,0;6834,0,1,-1,0;6867,1,1,-1,0;6900,3,1,-1,0;6917,2,1,-1,2;6950,0,1,-1,2;6967,2,1,-1,0;7000,1,1,-1,0;7034,1,1,-1,0;7067,2,1,-1,0;7100,3,1,-1,0;7134,1,1,-1,0;7167,0,1,-1,0;7184,2,1,-1,2;7217,3,1,-1,2;7234,2,1,-1,0;7267,1,1,-1,0;7300,1,1,-1,0;7334,2,1,-1,0;7350,0,1,-1,2;7367,2,1,-1,0;7400,1,1,-1,0;7417,3,1,-1,2;7434,1,1,-1,0;7467,3,1,-1,0;7484,0,1,-1,2;7500,3,1,-1,0;7534,1,1,-1,0;7567,1,1,-1,0;7600,2,1,-1,0;7634,3,1,-1,0;7667,1,1,-1,0;7700,1,1,-1,0;7717,3,1,-1,2;7750,2,1,-1,2;7767,0,1,-1,0;7800,0,1,-1,1;7800,1,1,-1,1;7834,1,1,-1,1;7834,3,1,-1,1;7867,2,1,-1,0;7900,3,1,-1,0;7934,1,1,-1,0;7967,0,1,-1,0;7984,2,1,-1,2;8017,3,1,-1,2;8034,2,1,-1,0;8067,1,1,-1,0;8100,1,1,-1,0;8117,3,1,-1,2;8134,2,1,-1,0;8167,0,1,-1,0;8200,1,1,-1,0;8234,3,1,-1,0;8250,2,1,-1,2;8284,0,1,-1,2;8300,2,1,-1,0;8334,1,1,-1,0;8367,1,1,-1,0;8384,0,1,-1,2;8400,3,1,-1,0;8434,1,1,-1,0;8450,0,1,-1,2;8467,1,1,-1,0;8484,3,1,-1,2;8500,2,1,-1,0;8534,3,1,-1,0;8550,1,1,-1,2;8567,3,1,-1,0;8600,0,1,-1,0;8634,0,1,-1,1;8634,3,1,-1,1;8667,2,1,-1,0;8684,1,1,-1,2;8700,0,1,-1,0;8717,1,1,-1,2;8734,3,1,-1,0;8767,3,1,-1,0;8784,1,1,-1,2;8817,1,1,-1,2;8834,2,1,-1,0;8850,0,1,-1,2;8867,1,1,-1,0;8900,2,1,-1,0;8934,0,1,-1,1;8934,1,2,18,1;8967,3,1,-1,0;9000,0,1,-1,0;9034,2,1,-1,0;9067,0,1,-1,1;9067,2,2,19,1;9100,3,1,-1,0;9134,0,1,-1,0;9167,1,1,-1,0;9200,2,1,-1,0;9217,3,1,-1,2;9234,1,1,-1,0;9250,0,1,-1,2;9267,1,1,-1,0;9284,3,1,-1,2;9300,2,1,-1,0;9317,1,1,-1,2;9334,0,2,20,1;9334,3,2,21,1","h":"1,2,1467,1517;2,0,1600,1650;3,3,1734,1784;4,0,1867,1917;5,0,2000,2034;6,3,2034,2067;7,0,2100,2134;8,3,2167,2200;9,0,2234,2267;10,3,2300,2334;11,0,2367,2400;12,1,2400,2434;13,0,2434,2467;14,3,4134,4234;15,0,4267,4367;16,0,5200,5300;17,3,5334,5434;18,1,8934,9034;19,2,9067,9167;20,0,9334,9434;21,3,9334,9434"}