{"v":1,"fmt":"sldr-chart-v1","id":"candy","d":"Medium","m":7,"du":95.67,"tr":230,"ch":42,"mx":2,"of":8,"sr":[0.473851,0.5,0.182609,0.080882,0.029412],"n":"667,0,1,-1,0;734,0,1,-1,0;800,3,1,-1,0;867,3,1,-1,0;934,1,1,-1,1;934,3,1,-1,1;1000,0,1,-1,1;1000,3,1,-1,1;1067,1,1,-1,0;1100,1,1,-1,0;1134,0,1,-1,1;1134,3,1,-1,1;1200,0,1,-1,0;1250,3,1,-1,2;1300,1,1,-1,1;1300,3,1,-1,1;1334,3,1,-1,0;1384,0,1,-1,2;1434,0,1,-1,1;1434,1,1,-1,1;1467,2,1,-1,0;1517,0,1,-1,2;1534,1,1,-1,0;1600,2,1,-1,0;1650,3,1,-1,2;1667,1,1,-1,0;1734,1,1,-1,0;1784,3,1,-1,2;1800,0,1,-1,0;1867,1,1,-1,0;1917,0,1,-1,2;1934,3,1,-1,0;2000,1,1,-1,1;2000,3,2,1,1;2034,0,1,-1,0;2067,1,1,-1,0;2100,0,1,-1,0;2134,1,1,-1,0;2167,0,1,-1,0;2200,1,1,-1,0;2234,0,1,-1,1;2234,3,1,-1,1;2267,0,2,2,1;2267,1,1,-1,1;2300,3,1,-1,0;2334,1,1,-1,0;2367,3,1,-1,0;2400,1,1,-1,0;2434,3,1,-1,0;2467,1,1,-1,0;2500,0,1,-1,1;2500,3,1,-1,1;2534,1,1,-1,0;2584,2,1,-1,2;2600,3,1,-1,0;2634,0,1,-1,0;2667,1,1,-1,0;2717,2,1,-1,2;2734,0,1,-1,0;2767,3,1,-1,0;2800,1,1,-1,0;2834,0,1,-1,0;2867,1,1,-1,0;2900,0,1,-1,0;2934,1,1,-1,0;2967,3,1,-1,0;3000,1,1,-1,0;3034,3,1,-1,0;3067,2,1,-1,0;3100,0,1,-1,0;3134,1,1,-1,0;3167,3,1,-1,0;3200,2,1,-1,0;3234,0,1,-1,0;3267,1,1,-1,0;3300,3,1,-1,0;3334,2,1,-1,0;3367,2,1,-1,0;3400,2,1,-1,0;3434,2,1,-1,0;3467,0,2,3,1;3467,3,2,4,1;3567,0,1,-1,1;3567,3,1,-1,1;3600,2,1,-1,0;3634,0,1,-1,0;3667,1,1,-1,0;3700,0,1,-1,1;3700,1,1,-1,1;3734,2,1,-1,0;3767,3,1,-1,0;3800,1,1,-1,0;3834,1,1,-1,1;3834,3,1,-1,1;3867,0,1,-1,0;3900,1,1,-1,0;3934,3,1,-1,0;3967,1,1,-1,0;4000,3,1,-1,0;4034,3,1,-1,0;4067,0,1,-1,1;4067,3,1,-1,1;4134,1,2,5,0;4200,1,2,6,0;4300,2,1,-1,0;4334,2,1,-1,0;4367,2,1,-1,0;4400,3,1,-1,0;4434,1,1,-1,0;4467,0,1,-1,0;4500,1,1,-1,0;4534,2,1,-1,0;4567,3,1,-1,0;4600,1,1,-1,0;4634,0,1,-1,0;4667,1,1,-1,0;4700,0,1,-1,0;4734,2,1,-1,0;4767,1,1,-1,1;4767,3,1,-1,1;4800,1,1,-1,0;4834,3,1,-1,0;4867,2,1,-1,0;4900,0,1,-1,1;4900,1,1,-1,1;4934,3,1,-1,0;4967,1,1,-1,0;5000,0,1,-1,0;5034,1,1,-1,0;5067,3,1,-1,0;5100,3,1,-1,0;5134,0,1,-1,1;5134,3,1,-1,1;5200,2,2,7,0;5267,2,2,8,0;5367,1,1,-1,0;5400,1,1,-1,0;5434,1,1,-1,0;5467,0,1,-1,0;5500,1,1,-1,0;5534,3,1,-1,0;5567,1,1,-1,0;5600,2,1,-1,0;5634,0,1,-1,0;5667,1,1,-1,0;5700,3,1,-1,0;5734,2,1,-1,0;5767,0,1,-1,1;5767,2,1,-1,1;5800,3,1,-1,0;5834,1,1,-1,1;5834,3,1,-1,1;5867,0,1,-1,0;5900,0,1,-1,1;5900,1,1,-1,1;5934,2,1,-1,0;5967,2,1,-1,1;5967,3,1,-1,1;6000,0,1,-1,0;6034,0,1,-1,1;6034,2,1,-1,1;6067,1,1,-1,0;6100,1,1,-1,1;6100,3,1,-1,1;6134,2,1,-1,0;6167,2,1,-1,1;6167,3,1,-1,1;6200,1,1,-1,0;6234,0,1,-1,1;6234,1,1,-1,1;6267,2,2,9,0;6300,3,1,-1,0;6334,1,1,-1,0;6367,3,1,-1,0;6400,1,1,-1,0;6434,3,1,-1,0;6467,1,1,-1,0;6500,1,1,-1,1;6500,2,1,-1,1;6534,1,2,10,0;6567,3,1,-1,0;6600,0,1,-1,0;6634,3,1,-1,0;6667,0,1,-1,0;6700,3,1,-1,0;6734,0,1,-1,0;6767,1,1,-1,1;6767,2,1,-1,1;6800,3,1,-1,0;6834,0,1,-1,0;6867,1,1,-1,0;6900,1,1,-1,1;6900,3,1,-1,1;6934,0,1,-1,0;6967,3,1,-1,0;7000,1,1,-1,0;7034,0,1,-1,1;7034,1,1,-1,1;7067,3,1,-1,0;7100,1,1,-1,1;7100,3,1,-1,1;7134,0,1,-1,0;7167,0,1,-1,1;7167,1,1,-1,1;7200,2,1,-1,0;7234,3,1,-1,0;7267,1,1,-1,0;7334,0,2,11,1;7334,1,2,12,1;7400,1,2,13,1;7400,3,2,14,1;7500,2,1,-1,0;7534,2,1,-1,0;7567,2,1,-1,0;7600,2,1,-1,0;7634,0,1,-1,0;7667,1,1,-1,0;7700,3,1,-1,0;7734,2,1,-1,0;7767,0,1,-1,0;7800,1,1,-1,0;7834,0,1,-1,1;7834,3,1,-1,1;7867,0,1,-1,0;7900,3,1,-1,0;7934,2,1,-1,0;7967,1,1,-1,1;7967,2,1,-1,1;8000,3,1,-1,0;8034,0,1,-1,0;8067,2,1,-1,0;8100,1,1,-1,1;8100,2,1,-1,1;8134,0,1,-1,0;8167,3,1,-1,0;8200,2,1,-1,0;8234,1,1,-1,0;8267,3,1,-1,0;8300,3,1,-1,0;8334,2,1,-1,0;8400,0,2,15,1;8400,3,2,16,1;8467,0,2,17,1;8467,1,2,18,1;8567,3,1,-1,0;8600,3,1,-1,0;8634,3,1,-1,0;8667,3,1,-1,0;8700,1,1,-1,0;8734,0,1,-1,0;8767,2,1,-1,0;8800,3,1,-1,0;8834,1,1,-1,0;8867,0,1,-1,0;8900,0,1,-1,1;8900,3,1,-1,1;8934,1,2,19,1;8934,3,1,-1,1;8967,2,1,-1,0;9000,3,1,-1,0;9034,2,1,-1,0;9067,0,1,-1,1;9067,1,2,20,1;9100,2,1,-1,0;9134,0,1,-1,0;9167,2,1,-1,0;9200,3,1,-1,0;9234,0,1,-1,0;9267,1,1,-1,0;9300,2,1,-1,0;9334,0,2,21,1;9334,3,2,22,1","h":"1,3,2000,2200;2,0,2267,2467;3,0,3467,3534;4,3,3467,3534;5,1,4134,4167;6,1,4200,4267;7,2,5200,5234;8,2,5267,5334;9,2,6267,6467;10,1,6534,6734;11,0,7334,7367;12,1,7334,7367;13,1,7400,7467;14,3,7400,7467;15,0,8400,8434;16,3,8400,8434;17,0,8467,8534;18,1,8467,8534;19,1,8934,9034;20,1,9067,9167;21,0,9334,9434;22,3,9334,9434"}