{"v":1,"fmt":"sldr-chart-v1","id":"trance-de-janeiro-samba-de-janeiro-2002-epic-vocal-remix","d":"Hard","m":8,"du":90.64,"tr":288,"ch":9,"mx":2,"of":125,"sr":[0.546117,0.5,0.03125,0.0,0.420875],"n":"498,2,1,-1,0;529,1,1,-1,2;560,3,1,-1,2;581,2,1,-1,0;612,2,1,-1,2;643,3,1,-1,2;664,1,1,-1,0;695,1,1,-1,2;726,1,1,-1,2;746,3,1,-1,0;777,0,1,-1,2;808,1,1,-1,2;829,2,1,-1,0;860,1,1,-1,2;891,0,1,-1,2;912,2,1,-1,0;943,2,1,-1,2;974,0,1,-1,2;995,1,1,-1,0;1026,1,1,-1,2;1057,1,1,-1,2;1077,0,1,-1,0;1108,0,1,-1,2;1140,0,1,-1,2;1160,3,1,-1,0;1191,1,1,-1,2;1222,2,1,-1,2;1243,0,1,-1,0;1274,3,1,-1,2;1305,0,1,-1,2;1326,1,1,-1,0;1357,1,1,-1,2;1388,1,1,-1,2;1408,3,1,-1,0;1440,1,1,-1,2;1471,0,1,-1,2;1491,2,1,-1,0;1522,1,1,-1,2;1553,3,1,-1,2;1574,2,1,-1,0;1605,2,1,-1,2;1636,1,1,-1,2;1657,0,1,-1,0;1688,0,1,-1,2;1719,0,1,-1,2;1740,3,1,-1,0;1771,3,1,-1,2;1802,3,1,-1,2;1822,2,1,-1,0;1864,1,1,-1,0;1905,0,1,-1,1;1905,3,1,-1,1;1946,1,1,-1,1;1946,2,1,-1,1;1988,3,1,-1,0;2019,0,1,-1,2;2029,1,1,-1,0;2071,2,1,-1,0;2102,2,1,-1,2;2112,1,1,-1,0;2153,0,1,-1,0;2184,3,1,-1,2;2195,1,1,-1,0;2236,2,1,-1,0;2267,2,1,-1,2;2277,0,1,-1,0;2319,3,1,-1,0;2350,2,1,-1,2;2360,3,1,-1,0;2402,2,1,-1,0;2433,2,1,-1,2;2443,3,1,-1,0;2484,0,1,-1,0;2515,2,1,-1,2;2526,0,1,-1,0;2567,3,1,-1,0;2598,3,1,-1,2;2608,2,1,-1,0;2650,0,1,-1,0;2681,3,1,-1,2;2691,1,1,-1,0;2733,1,1,-1,0;2764,1,1,-1,2;2774,0,1,-1,0;2815,0,1,-1,0;2846,3,1,-1,2;2857,2,1,-1,0;2898,1,1,-1,0;2929,1,1,-1,2;2940,0,1,-1,0;2981,0,1,-1,0;3012,3,1,-1,2;3022,1,1,-1,0;3064,2,1,-1,0;3095,2,1,-1,2;3105,0,1,-1,0;3146,0,1,-1,0;3177,3,1,-1,2;3188,2,1,-1,0;3229,0,1,-1,0;3260,0,1,-1,2;3271,2,1,-1,0;3312,0,1,-1,0;3333,1,1,-1,2;3353,2,1,-1,0;3374,3,1,-1,2;3395,0,1,-1,0;3436,2,1,-1,0;3457,0,1,-1,2;3477,1,1,-1,0;3519,0,1,-1,0;3560,2,1,-1,0;3571,1,1,-1,2;3602,3,1,-1,0;3633,0,1,-1,2;3643,3,1,-1,0;3674,1,1,-1,2;3684,2,1,-1,0;3715,0,1,-1,2;3726,3,1,-1,0;3767,2,1,-1,0;3788,0,1,-1,2;3808,1,1,-1,0;3850,3,1,-1,0;3891,0,1,-1,0;3902,1,1,-1,2;3933,3,1,-1,0;3964,1,1,-1,2;3974,2,1,-1,0;4005,0,1,-1,2;4015,1,1,-1,0;4046,0,1,-1,2;4057,3,1,-1,0;4098,2,1,-1,0;4119,3,1,-1,2;4140,1,1,-1,0;4181,0,1,-1,0;4222,2,1,-1,0;4233,0,1,-1,2;4264,1,1,-1,0;4295,3,1,-1,2;4305,1,1,-1,0;4336,1,1,-1,2;4346,2,1,-1,0;4377,2,1,-1,2;4388,0,1,-1,0;4429,3,1,-1,0;4450,1,1,-1,2;4471,3,1,-1,0;4512,1,1,-1,0;4553,3,1,-1,0;4564,0,1,-1,2;4595,1,1,-1,0;4626,1,1,-1,2;4636,0,1,-1,0;4667,0,1,-1,2;4677,1,1,-1,0;4708,3,1,-1,2;4719,1,1,-1,0;4760,2,1,-1,0;4781,2,1,-1,2;4802,1,1,-1,0;4843,0,1,-1,0;4884,2,1,-1,0;4895,1,1,-1,2;4926,3,1,-1,0;4957,3,1,-1,2;4967,0,1,-1,0;4998,0,1,-1,2;5008,1,1,-1,0;5040,1,1,-1,2;5050,0,1,-1,0;5091,2,1,-1,0;5112,3,1,-1,2;5133,1,1,-1,0;5174,2,1,-1,0;5215,0,1,-1,0;5226,1,1,-1,2;5257,2,1,-1,0;5288,3,1,-1,2;5298,1,1,-1,0;5329,1,1,-1,2;5340,2,1,-1,0;5371,0,1,-1,2;5381,3,1,-1,0;5464,0,1,-1,1;5464,3,1,-1,1;5505,1,1,-1,1;5505,3,1,-1,1;5546,0,1,-1,1;5546,3,1,-1,1;5588,0,1,-1,1;5588,1,1,-1,1;5795,1,1,-1,0;5826,0,1,-1,2;5836,3,1,-1,0;5877,1,1,-1,0;5919,2,1,-1,0;5960,3,1,-1,0;5991,2,1,-1,2;6002,1,1,-1,0;6043,0,1,-1,0;6084,3,1,-1,0;6126,2,1,-1,0;6157,0,1,-1,2;6167,3,1,-1,0;6208,2,1,-1,0;6250,1,1,-1,0;6291,3,1,-1,0;6322,1,1,-1,2;6333,2,1,-1,0;6374,0,1,-1,0;6415,3,1,-1,0;6457,2,1,-1,0;6488,0,1,-1,2;6498,3,1,-1,0;6540,2,1,-1,0;6581,1,1,-1,0;6622,3,1,-1,0;6653,1,1,-1,2;6664,2,1,-1,0;6705,0,1,-1,0;6746,3,1,-1,0;6788,1,1,-1,0;6819,0,1,-1,2;6829,3,1,-1,0;6871,1,1,-1,0;6912,2,1,-1,0;6953,3,1,-1,0;6984,2,1,-1,2;6995,1,1,-1,0;7036,0,1,-1,0;7067,2,1,-1,2;7077,1,1,-1,0;7119,3,1,-1,0;7150,2,1,-1,2;7160,1,1,-1,0;7202,0,1,-1,0;7233,2,1,-1,2;7243,1,1,-1,0;7284,3,1,-1,0;7315,1,1,-1,2;7346,0,1,-1,2;7367,2,1,-1,0;7398,2,1,-1,2;7429,0,1,-1,2;7450,1,1,-1,0;7481,3,1,-1,2;7512,1,1,-1,2;7533,0,1,-1,0;7564,3,1,-1,2;7595,2,1,-1,2;7615,3,1,-1,0;7646,1,1,-1,2;7677,3,1,-1,2;7698,0,1,-1,0;7729,2,1,-1,2;7760,1,1,-1,2;7781,3,1,-1,0;7812,0,1,-1,2;7843,1,1,-1,2;7864,3,1,-1,0;7895,1,1,-1,2;7926,0,1,-1,2;7946,3,1,-1,0;7977,3,1,-1,2;8008,1,1,-1,2;8029,2,1,-1,0;8060,2,1,-1,2;8091,0,1,-1,2;8112,1,1,-1,0;8143,1,1,-1,2;8174,3,1,-1,2;8195,1,1,-1,0;8226,1,1,-1,2;8257,0,1,-1,2;8277,3,1,-1,0;8308,1,1,-1,2;8340,2,1,-1,2;8360,0,1,-1,0;8391,0,1,-1,2;8422,3,1,-1,2;8443,3,1,-1,0;8474,2,1,-1,2;8505,2,1,-1,2;8526,1,1,-1,0;8557,1,1,-1,2;8588,0,1,-1,2;8608,1,1,-1,0;8650,0,1,-1,1;8650,3,1,-1,1;8691,1,1,-1,1;8691,2,1,-1,1;8722,3,1,-1,2;8753,0,1,-1,2;8774,1,1,-1,1;8774,2,1,-1,1","h":""}