{"v":1,"fmt":"sldr-chart-v1","id":"trance-de-janeiro-samba-de-janeiro-2002-epic-vocal-remix","d":"Medium","m":4,"du":92.29,"tr":198,"ch":74,"mx":2,"of":0,"sr":[0.491205,0.5,0.373737,0.007353,0.0],"n":"498,2,1,-1,0;540,0,1,-1,0;581,1,1,-1,0;622,0,1,-1,0;664,0,1,-1,0;705,0,1,-1,0;746,3,1,-1,0;788,0,1,-1,0;829,1,1,-1,0;871,0,1,-1,0;912,2,1,-1,0;953,0,1,-1,0;995,0,1,-1,0;1036,3,1,-1,0;1077,0,1,-1,0;1119,3,1,-1,0;1160,2,1,-1,0;1202,0,1,-1,0;1243,3,1,-1,0;1284,0,1,-1,0;1326,3,1,-1,0;1367,2,1,-1,0;1408,3,1,-1,0;1450,1,1,-1,0;1491,2,1,-1,0;1533,3,1,-1,0;1574,0,1,-1,0;1615,0,1,-1,0;1657,3,1,-1,0;1698,3,1,-1,0;1740,1,1,-1,0;1781,0,1,-1,0;1822,1,1,-1,0;1864,1,1,-1,0;1905,1,1,-1,0;1988,1,1,-1,0;2029,0,1,-1,1;2029,3,1,-1,1;2071,0,1,-1,0;2112,0,1,-1,1;2112,1,1,-1,1;2153,2,1,-1,0;2195,1,1,-1,1;2195,3,1,-1,1;2236,0,1,-1,0;2277,0,1,-1,1;2277,1,1,-1,1;2319,3,1,-1,0;2360,0,1,-1,1;2360,3,1,-1,1;2402,2,1,-1,0;2443,2,1,-1,1;2443,3,1,-1,1;2484,3,1,-1,0;2526,1,1,-1,1;2526,3,1,-1,1;2567,0,1,-1,0;2608,0,1,-1,1;2608,1,1,-1,1;2650,2,1,-1,0;2691,0,1,-1,1;2691,3,1,-1,1;2733,0,1,-1,0;2774,0,1,-1,1;2774,1,1,-1,1;2815,1,1,-1,0;2857,1,1,-1,1;2857,3,1,-1,1;2898,1,1,-1,0;2940,0,1,-1,1;2940,1,1,-1,1;2981,0,1,-1,0;3022,0,1,-1,1;3022,2,1,-1,1;3064,3,1,-1,0;3105,2,1,-1,1;3105,3,1,-1,1;3146,1,1,-1,0;3188,2,1,-1,0;3229,0,1,-1,0;3271,2,1,-1,0;3312,0,1,-1,0;3353,0,1,-1,0;3395,0,1,-1,0;3436,2,1,-1,0;3477,0,1,-1,1;3477,3,1,-1,1;3519,1,1,-1,0;3560,2,1,-1,0;3602,1,1,-1,0;3643,0,1,-1,1;3643,1,1,-1,1;3684,0,1,-1,1;3684,3,1,-1,1;3726,1,1,-1,1;3726,3,1,-1,1;3767,1,1,-1,0;3808,0,1,-1,1;3808,3,1,-1,1;3850,1,1,-1,0;3891,2,1,-1,0;3933,0,1,-1,0;3974,1,1,-1,1;3974,3,1,-1,1;4015,0,1,-1,1;4015,3,1,-1,1;4057,0,1,-1,1;4057,1,1,-1,1;4098,3,1,-1,0;4140,1,1,-1,1;4140,2,1,-1,1;4181,0,1,-1,0;4222,3,1,-1,0;4264,2,1,-1,0;4305,0,1,-1,1;4305,1,1,-1,1;4346,0,1,-1,1;4346,2,1,-1,1;4388,0,1,-1,1;4388,3,1,-1,1;4429,1,1,-1,0;4471,1,1,-1,1;4471,2,1,-1,1;4512,3,1,-1,0;4553,2,1,-1,0;4595,0,1,-1,0;4636,1,1,-1,1;4636,3,1,-1,1;4677,2,1,-1,1;4677,3,1,-1,1;4719,0,1,-1,1;4719,3,1,-1,1;4760,2,1,-1,0;4802,0,1,-1,1;4802,2,1,-1,1;4843,3,1,-1,0;4884,1,1,-1,0;4926,1,1,-1,0;4967,0,1,-1,1;4967,1,1,-1,1;5008,1,1,-1,1;5008,3,1,-1,1;5050,0,1,-1,1;5050,1,1,-1,1;5091,3,1,-1,0;5133,1,1,-1,1;5133,3,1,-1,1;5174,1,1,-1,0;5215,0,1,-1,0;5257,1,1,-1,0;5298,0,1,-1,1;5298,1,1,-1,1;5340,2,1,-1,1;5340,3,1,-1,1;5381,1,1,-1,1;5381,3,1,-1,1;5422,0,1,-1,1;5422,2,1,-1,1;5464,0,1,-1,1;5464,3,1,-1,1;5505,2,1,-1,0;5546,2,1,-1,0;5588,2,1,-1,0;5629,1,1,-1,0;5712,2,1,-1,0;5795,2,1,-1,0;5836,0,1,-1,1;5836,1,1,-1,1;5877,3,1,-1,0;5919,1,1,-1,1;5919,3,1,-1,1;5960,2,1,-1,0;6002,2,1,-1,1;6002,3,1,-1,1;6043,1,1,-1,0;6084,0,1,-1,1;6084,1,1,-1,1;6126,2,1,-1,0;6167,1,1,-1,1;6167,3,1,-1,1;6208,3,1,-1,0;6250,0,1,-1,1;6250,1,1,-1,1;6291,2,1,-1,0;6333,1,1,-1,1;6333,3,1,-1,1;6374,1,1,-1,0;6415,0,1,-1,1;6415,3,1,-1,1;6457,2,1,-1,0;6498,0,1,-1,1;6498,1,1,-1,1;6540,3,1,-1,0;6581,2,1,-1,1;6581,3,1,-1,1;6622,1,1,-1,0;6664,1,1,-1,1;6664,2,1,-1,1;6705,2,1,-1,0;6746,0,1,-1,1;6746,2,1,-1,1;6788,3,1,-1,0;6829,1,1,-1,1;6829,3,1,-1,1;6871,2,1,-1,0;6912,0,1,-1,1;6912,1,1,-1,1;6953,0,1,-1,0;6995,3,1,-1,0;7036,2,1,-1,0;7077,1,1,-1,0;7119,0,1,-1,0;7160,1,1,-1,0;7202,2,1,-1,0;7243,3,1,-1,0;7284,2,1,-1,0;7326,0,1,-1,1;7326,2,1,-1,1;7367,1,1,-1,0;7408,1,1,-1,1;7408,3,1,-1,1;7450,0,1,-1,0;7491,0,1,-1,1;7491,1,1,-1,1;7533,3,1,-1,0;7574,1,1,-1,1;7574,3,1,-1,1;7615,3,1,-1,0;7657,0,1,-1,1;7657,1,1,-1,1;7698,2,1,-1,0;7740,0,1,-1,1;7740,3,1,-1,1;7781,3,1,-1,0;7822,1,1,-1,1;7822,2,1,-1,1;7864,0,1,-1,0;7905,1,1,-1,1;7905,3,1,-1,1;7946,2,1,-1,0;7988,1,1,-1,1;7988,3,1,-1,1;8029,2,1,-1,0;8071,0,1,-1,1;8071,1,1,-1,1;8112,0,1,-1,0;8153,2,1,-1,1;8153,3,1,-1,1;8195,3,1,-1,0;8236,1,1,-1,1;8236,3,1,-1,1;8277,2,1,-1,0;8319,1,1,-1,1;8319,2,1,-1,1;8360,0,1,-1,0;8402,0,1,-1,1;8402,1,1,-1,1;8443,0,1,-1,1;8443,2,1,-1,1;8484,0,1,-1,1;8484,3,1,-1,1;8526,1,1,-1,1;8526,3,1,-1,1;8567,0,1,-1,1;8567,3,1,-1,1;8608,2,1,-1,0;8650,2,1,-1,0;8691,0,1,-1,1;8691,1,1,-1,1;8733,2,1,-1,0;8774,0,2,1,1;8774,3,2,2,1","h":"1,0,8774,8981;2,3,8774,8981"}