{"v":1,"fmt":"sldr-chart-v1","id":"maxx-unlimited","d":"Easy","m":10,"du":97.95,"tr":222,"ch":105,"mx":2,"of":28,"sr":[0.556406,0.5,0.472973,0.232416,0.085627],"n":"720,0,1,-1,0;760,0,1,-1,0;800,3,1,-1,0;840,3,1,-1,0;880,2,1,-1,0;920,2,1,-1,0;960,1,1,-1,0;1000,1,1,-1,0;1020,1,1,-1,0;1040,0,1,-1,0;1080,3,1,-1,0;1120,2,1,-1,0;1160,1,1,-1,0;1200,1,1,-1,0;1240,2,1,-1,0;1280,0,1,-1,0;1300,3,1,-1,0;1320,0,1,-1,0;1340,3,1,-1,0;1360,2,1,-1,0;1400,0,1,-1,1;1400,3,1,-1,1;1440,2,1,-1,0;1480,0,1,-1,1;1480,3,1,-1,1;1520,2,1,-1,0;1560,0,1,-1,0;1580,3,1,-1,0;1600,0,2,1,1;1600,3,2,2,1;1680,1,1,-1,0;1720,0,1,-1,1;1720,3,1,-1,1;1760,1,1,-1,0;1800,0,1,-1,1;1800,3,1,-1,1;1840,1,1,-1,0;1880,3,1,-1,0;1900,0,1,-1,0;1920,0,2,3,1;1920,3,2,4,1;2000,2,1,-1,0;2040,2,1,-1,1;2040,3,1,-1,1;2080,2,1,-1,0;2120,2,1,-1,1;2120,3,1,-1,1;2160,2,1,-1,0;2200,2,1,-1,1;2200,3,1,-1,1;2240,2,1,-1,0;2260,3,1,-1,0;2280,2,1,-1,0;2300,3,1,-1,0;2320,1,1,-1,0;2360,0,1,-1,1;2360,1,1,-1,1;2400,1,1,-1,0;2440,0,1,-1,1;2440,1,1,-1,1;2480,1,1,-1,0;2520,0,1,-1,1;2520,1,1,-1,1;2560,1,1,-1,0;2580,0,1,-1,0;2600,1,1,-1,0;2620,0,1,-1,0;2640,2,1,-1,0;2680,2,1,-1,1;2680,3,1,-1,1;2720,1,1,-1,0;2760,0,1,-1,1;2760,1,1,-1,1;2800,2,1,-1,0;2840,0,1,-1,1;2840,3,1,-1,1;2880,2,1,-1,0;2900,1,1,-1,0;2920,2,1,-1,0;2940,1,1,-1,0;2960,2,1,-1,0;3000,0,1,-1,1;3000,1,1,-1,1;3040,1,1,-1,0;3080,2,1,-1,1;3080,3,1,-1,1;3120,1,1,-1,0;3160,1,1,-1,1;3160,2,1,-1,1;3200,2,1,-1,0;3220,0,1,-1,0;3240,3,1,-1,0;3260,1,1,-1,0;3280,0,2,5,1;3280,3,2,6,1;3452,1,2,7,0;3516,2,2,8,0;3580,0,2,9,0;3623,0,2,10,1;3623,3,2,11,1;3795,1,2,12,0;3859,2,2,13,0;3923,3,2,14,0;3966,0,2,15,1;3966,1,2,16,1;4046,0,2,17,1;4046,3,2,18,1;4126,1,2,19,1;4126,3,2,20,1;4186,0,2,21,0;4246,2,2,22,0;4286,2,2,23,1;4286,3,2,24,1;4366,0,2,25,1;4366,3,2,26,1;4446,0,2,27,1;4446,1,2,28,1;4506,3,2,29,0;4566,2,2,30,0;4606,1,2,31,1;4606,3,2,32,1;4686,2,2,33,0;4766,1,2,34,0;4846,2,2,35,0;4926,0,2,36,1;4926,1,2,37,1;5006,2,2,38,0;5086,1,2,39,0;5166,2,2,40,0;5246,1,2,41,1;5246,3,2,42,1;5286,2,2,43,0;5326,1,2,44,0;5366,2,2,45,0;5406,0,2,46,1;5406,1,2,47,1;5446,2,2,48,0;5486,1,2,49,0;5526,2,2,50,0;5566,0,1,-1,1;5566,1,1,-1,1;5606,1,1,-1,1;5606,3,1,-1,1;5646,0,1,-1,1;5646,1,1,-1,1;5686,1,1,-1,1;5686,3,1,-1,1;5726,2,1,-1,0;5746,0,1,-1,0;5766,0,1,-1,1;5766,2,1,-1,1;5806,3,1,-1,0;5826,1,1,-1,0;5846,1,1,-1,1;5846,3,1,-1,1;5886,0,2,51,1;5886,1,2,52,1;5972,1,2,53,1;5972,3,2,54,1;6057,2,2,55,1;6057,3,2,56,1;6143,0,2,57,1;6143,2,2,58,1;6229,0,2,59,1;6229,3,2,60,1;6419,1,1,-1,0;6457,0,1,-1,1;6457,3,1,-1,1;6494,2,1,-1,0;6532,0,1,-1,1;6532,3,1,-1,1;6569,1,1,-1,0;6607,0,1,-1,1;6607,3,1,-1,1;6644,2,1,-1,0;6663,2,1,-1,0;6682,0,1,-1,1;6682,3,1,-1,1;6719,1,1,-1,0;6757,1,1,-1,0;6794,2,1,-1,0;6832,2,1,-1,0;6869,1,1,-1,0;6907,1,1,-1,0;6944,3,1,-1,0;6963,3,1,-1,0;6982,0,1,-1,0;7001,0,1,-1,0;7019,1,1,-1,1;7019,2,1,-1,1;7057,0,1,-1,1;7057,3,1,-1,1;7094,1,1,-1,1;7094,2,1,-1,1;7132,0,1,-1,1;7132,3,1,-1,1;7169,1,1,-1,1;7169,2,1,-1,1;7207,0,1,-1,1;7207,3,1,-1,1;7244,1,1,-1,1;7244,2,1,-1,1;7263,1,1,-1,1;7263,2,1,-1,1;7282,0,1,-1,1;7282,3,1,-1,1;7319,0,1,-1,1;7319,1,1,-1,1;7357,1,1,-1,1;7357,3,1,-1,1;7394,0,1,-1,1;7394,1,1,-1,1;7432,1,1,-1,1;7432,3,1,-1,1;7469,0,1,-1,1;7469,1,1,-1,1;7507,1,1,-1,1;7507,3,1,-1,1;7544,0,1,-1,1;7544,1,1,-1,1;7563,0,1,-1,1;7563,3,1,-1,1;7582,1,1,-1,1;7582,3,1,-1,1;7601,0,1,-1,1;7601,3,1,-1,1;7619,2,1,-1,0;7648,0,1,-1,3;7648,1,1,-1,3;7694,0,1,-1,0;7723,1,1,-1,3;7723,3,1,-1,3;7769,2,1,-1,0;7798,0,1,-1,3;7798,1,1,-1,3;7844,0,2,61,1;7844,3,2,62,1;7919,2,1,-1,0;7948,0,1,-1,3;7948,1,1,-1,3;7994,0,1,-1,0;8023,1,1,-1,3;8023,3,1,-1,3;8069,2,1,-1,0;8098,0,1,-1,3;8098,1,1,-1,3;8144,1,2,63,1;8144,2,2,64,1;8182,0,2,65,1;8182,3,2,66,1;8220,0,1,-1,1;8220,1,1,-1,1;8248,0,1,-1,3;8248,1,1,-1,3;8295,2,1,-1,1;8295,3,1,-1,1;8323,2,1,-1,3;8323,3,1,-1,3;8370,0,1,-1,1;8370,3,1,-1,1;8398,0,1,-1,3;8398,3,1,-1,3;8426,0,1,-1,1;8426,3,1,-1,1;8445,1,1,-1,1;8445,2,1,-1,1;8463,0,2,67,1;8463,3,2,68,1;8520,0,1,-1,1;8520,2,1,-1,1;8548,0,1,-1,3;8548,2,1,-1,3;8595,1,1,-1,1;8595,3,1,-1,1;8623,1,1,-1,3;8623,3,1,-1,3;8670,1,1,-1,1;8670,2,1,-1,1;8698,1,1,-1,3;8698,2,1,-1,3;8726,1,1,-1,1;8726,2,1,-1,1;8745,0,1,-1,1;8745,3,1,-1,1;8763,1,2,69,1;8763,2,2,70,1;8820,0,1,-1,1;8820,1,1,-1,1;8857,0,1,-1,1;8857,1,1,-1,1;8895,2,1,-1,0;8913,3,1,-1,0;8932,2,1,-1,0;8970,2,1,-1,1;8970,3,1,-1,1;9007,2,1,-1,1;9007,3,1,-1,1;9045,1,1,-1,0;9063,0,1,-1,0;9082,1,1,-1,0;9101,0,1,-1,0;9120,1,1,-1,1;9120,2,1,-1,1;9157,0,1,-1,1;9157,3,1,-1,1;9195,0,1,-1,0;9213,3,1,-1,0;9232,0,1,-1,0;9251,3,1,-1,0;9270,2,1,-1,0;9298,0,2,71,3;9298,3,2,72,3;9345,1,1,-1,0;9373,0,2,73,3;9373,3,2,74,3;9420,1,1,-1,1;9420,2,1,-1,1;9457,0,1,-1,1;9457,3,1,-1,1;9495,1,1,-1,1;9495,2,1,-1,1;9532,0,1,-1,1;9532,3,1,-1,1;9551,0,1,-1,1;9551,3,1,-1,1;9570,0,2,75,1;9570,3,2,76,1","h":"1,0,1600,1660;2,3,1600,1660;3,0,1920,1980;4,3,1920,1980;5,0,3280,3430;7,1,3452,3494;8,2,3516,3559;9,0,3580,3602;6,3,3280,3602;11,3,3623,3773;12,1,3795,3837;13,2,3859,3902;10,0,3623,3945;14,3,3923,3945;15,0,3966,4026;16,1,3966,4026;17,0,4046,4106;18,3,4046,4106;19,1,4126,4166;21,0,4186,4226;22,2,4246,4266;20,3,4126,4266;23,2,4286,4346;24,3,4286,4346;25,0,4366,4426;26,3,4366,4426;28,1,4446,4486;29,3,4506,4546;27,0,4446,4586;30,2,4566,4586;31,1,4606,4646;33,2,4686,4726;34,1,4766,4806;35,2,4846,4886;32,3,4606,4886;37,1,4926,4966;38,2,5006,5046;39,1,5086,5126;36,0,4926,5206;40,2,5166,5206;41,1,5246,5266;43,2,5286,5306;44,1,5326,5346;45,2,5366,5386;42,3,5246,5386;47,1,5406,5426;48,2,5446,5466;49,1,5486,5506;46,0,5406,5546;50,2,5526,5546;51,0,5886,5929;52,1,5886,5929;53,1,5972,6015;54,3,5972,6015;55,2,6057,6100;56,3,6057,6100;57,0,6143,6186;58,2,6143,6186;59,0,6229,6401;60,3,6229,6401;61,0,7844,7901;62,3,7844,7901;63,1,8144,8163;64,2,8144,8163;65,0,8182,8201;66,3,8182,8201;67,0,8463,8501;68,3,8463,8501;69,1,8763,8801;70,2,8763,8801;71,0,9298,9326;72,3,9298,9326;73,0,9373,9401;74,3,9373,9401;75,0,9570,9701;76,3,9570,9701"}