{"v":1,"fmt":"sldr-chart-v1","id":"maxx-unlimited","d":"Hard","m":16,"du":97.95,"tr":555,"ch":45,"mx":2,"of":231,"sr":[1.0,0.5,0.081081,0.098333,0.385],"n":"720,0,1,-1,0;740,2,1,-1,0;760,0,1,-1,0;780,2,1,-1,0;800,0,1,-1,0;820,2,1,-1,0;840,1,1,-1,0;850,3,1,-1,2;860,2,1,-1,0;880,3,1,-1,0;900,2,1,-1,0;920,3,1,-1,0;940,2,1,-1,0;960,3,1,-1,0;980,2,1,-1,0;1000,1,1,-1,0;1010,0,1,-1,2;1020,2,1,-1,0;1030,0,1,-1,2;1040,2,1,-1,0;1060,0,1,-1,0;1080,3,1,-1,0;1100,1,1,-1,0;1120,2,1,-1,0;1140,0,1,-1,0;1160,3,1,-1,0;1170,0,1,-1,2;1180,1,1,-1,0;1200,2,1,-1,0;1220,3,1,-1,0;1240,0,1,-1,0;1260,1,1,-1,0;1280,2,1,-1,0;1290,3,1,-1,2;1300,2,1,-1,0;1310,3,1,-1,2;1320,0,1,-1,0;1330,1,1,-1,2;1340,0,1,-1,0;1350,1,1,-1,2;1360,2,1,-1,0;1380,2,1,-1,0;1390,3,2,1,2;1410,0,1,-1,2;1430,0,1,-1,2;1440,2,1,-1,0;1460,2,1,-1,0;1470,0,2,2,2;1490,3,1,-1,2;1510,3,1,-1,2;1520,2,1,-1,0;1540,3,1,-1,0;1550,0,2,3,2;1570,1,1,-1,2;1590,1,1,-1,2;1600,2,1,-1,0;1610,3,1,-1,2;1630,1,1,-1,2;1650,2,1,-1,2;1670,0,1,-1,2;1680,2,1,-1,0;1700,2,1,-1,0;1710,0,2,4,2;1730,3,1,-1,2;1750,3,1,-1,2;1760,2,1,-1,0;1780,2,1,-1,0;1790,3,2,5,2;1810,0,1,-1,2;1830,0,1,-1,2;1840,2,1,-1,0;1860,0,1,-1,0;1870,3,2,6,2;1890,1,1,-1,2;1910,1,1,-1,2;1920,2,1,-1,0;1930,0,1,-1,2;1950,1,1,-1,2;1970,2,1,-1,2;1990,3,1,-1,2;2000,1,1,-1,0;2020,1,1,-1,0;2030,3,2,7,2;2050,0,1,-1,2;2070,0,1,-1,2;2080,1,1,-1,0;2100,1,1,-1,0;2110,0,2,8,2;2130,3,1,-1,2;2150,3,1,-1,2;2160,0,1,-1,0;2180,0,1,-1,0;2190,3,2,9,2;2210,1,1,-1,2;2230,1,1,-1,2;2240,1,1,-1,1;2240,3,1,-1,1;2260,0,1,-1,1;2260,3,1,-1,1;2280,0,1,-1,1;2280,1,1,-1,1;2300,0,1,-1,1;2300,3,1,-1,1;2320,2,1,-1,0;2340,1,1,-1,0;2350,0,2,10,2;2370,3,1,-1,2;2390,3,1,-1,2;2400,1,1,-1,0;2420,2,1,-1,0;2430,0,2,11,2;2450,3,1,-1,2;2470,3,1,-1,2;2480,2,1,-1,0;2500,3,1,-1,0;2510,0,2,12,2;2530,1,1,-1,2;2550,1,1,-1,2;2560,0,1,-1,1;2560,1,1,-1,1;2580,0,1,-1,1;2580,3,1,-1,1;2600,1,1,-1,1;2600,3,1,-1,1;2620,0,1,-1,1;2620,3,1,-1,1;2640,0,1,-1,0;2650,2,1,-1,2;2660,0,1,-1,0;2670,2,2,13,2;2690,0,1,-1,2;2710,0,1,-1,2;2720,3,1,-1,0;2730,2,1,-1,2;2740,3,1,-1,0;2750,2,2,14,2;2770,3,1,-1,2;2790,3,1,-1,2;2800,0,1,-1,0;2810,3,1,-1,2;2820,0,1,-1,0;2830,3,2,15,2;2850,1,1,-1,2;2870,1,1,-1,2;2880,1,1,-1,1;2880,2,1,-1,1;2900,0,1,-1,1;2900,1,1,-1,1;2920,1,1,-1,1;2920,2,1,-1,1;2940,1,1,-1,1;2940,3,1,-1,1;2960,3,1,-1,0;2970,1,1,-1,2;2980,3,1,-1,0;2990,0,2,16,2;3010,3,1,-1,2;3030,3,1,-1,2;3040,0,1,-1,0;3050,1,1,-1,2;3060,0,1,-1,0;3070,3,2,17,2;3090,0,1,-1,2;3110,0,1,-1,2;3120,2,1,-1,0;3130,1,1,-1,2;3140,2,1,-1,0;3150,1,2,18,2;3170,3,1,-1,2;3190,3,1,-1,2;3200,0,1,-1,0;3210,2,1,-1,2;3220,1,1,-1,0;3230,3,1,-1,2;3240,0,1,-1,0;3250,2,1,-1,2;3260,1,1,-1,0;3270,3,1,-1,2;3280,0,2,19,0;3291,3,1,-1,2;3312,3,2,20,2;3323,1,1,-1,0;3344,1,2,21,0;3355,2,1,-1,2;3376,2,2,22,2;3387,0,1,-1,0;3409,0,1,-1,0;3430,0,1,-1,0;3452,3,2,23,0;3462,0,1,-1,2;3484,0,2,24,2;3494,2,1,-1,0;3516,2,2,25,0;3527,1,1,-1,2;3548,1,2,26,2;3559,3,1,-1,0;3580,3,1,-1,0;3602,3,1,-1,0;3623,2,2,27,0;3634,3,1,-1,2;3655,3,2,28,2;3666,1,1,-1,0;3687,1,2,29,0;3698,2,1,-1,2;3719,2,2,30,2;3730,0,2,31,0;3752,3,1,-1,0;3773,3,1,-1,0;3795,0,2,32,0;3805,2,1,-1,2;3827,2,2,33,2;3837,1,1,-1,0;3859,1,2,34,0;3870,3,1,-1,2;3891,3,1,-1,2;3902,0,1,-1,0;3923,2,1,-1,0;3934,0,1,-1,2;3945,3,1,-1,0;3955,1,1,-1,2;3966,2,1,-1,0;3976,0,1,-1,2;3986,2,1,-1,0;4006,1,1,-1,0;4016,3,1,-1,2;4026,1,1,-1,0;4046,2,1,-1,0;4056,0,1,-1,2;4066,2,1,-1,0;4086,1,1,-1,0;4096,3,1,-1,2;4106,1,1,-1,0;4126,2,1,-1,0;4136,0,1,-1,2;4146,2,1,-1,0;4166,1,1,-1,0;4176,3,1,-1,2;4186,1,1,-1,0;4206,2,1,-1,0;4216,0,1,-1,2;4226,2,1,-1,0;4246,1,1,-1,0;4256,3,1,-1,2;4266,1,1,-1,0;4286,2,1,-1,0;4296,0,1,-1,2;4306,1,1,-1,0;4326,2,1,-1,0;4336,3,1,-1,2;4346,1,1,-1,0;4366,2,1,-1,0;4376,0,1,-1,2;4386,1,1,-1,0;4406,2,1,-1,0;4416,3,1,-1,2;4426,1,1,-1,0;4446,2,1,-1,0;4456,0,1,-1,2;4466,1,1,-1,0;4486,2,1,-1,0;4496,3,1,-1,2;4506,1,1,-1,0;4516,2,1,-1,2;4526,0,1,-1,0;4536,1,1,-1,2;4546,2,1,-1,0;4556,3,1,-1,2;4566,0,1,-1,0;4576,2,1,-1,2;4586,1,1,-1,0;4596,3,1,-1,2;4626,1,2,35,2;4656,3,2,36,2;4686,2,2,37,0;4716,1,2,38,2;4746,0,2,39,2;4786,2,2,40,2;4816,0,2,41,2;4846,3,2,42,0;4876,1,2,43,2;4906,2,1,-1,2;4926,2,1,-1,0;4946,0,2,44,2;4976,1,2,45,2;5006,2,2,46,0;5036,3,2,47,2;5066,1,2,48,2;5106,2,2,49,2;5136,0,2,50,2;5166,1,2,51,0;5196,2,1,-1,2;5226,3,1,-1,2;5246,1,1,-1,0;5266,2,1,-1,0;5276,0,1,-1,2;5296,2,1,-1,2;5306,1,1,-1,0;5326,3,1,-1,0;5336,1,1,-1,2;5356,3,1,-1,2;5366,2,1,-1,0;5386,2,1,-1,1;5386,3,1,-1,1;5406,1,1,-1,0;5426,2,1,-1,0;5436,3,1,-1,2;5456,2,1,-1,2;5466,1,1,-1,0;5486,0,1,-1,0;5496,1,1,-1,2;5516,0,1,-1,2;5526,2,1,-1,0;5546,0,1,-1,1;5546,2,1,-1,1;5566,1,1,-1,0;5586,3,1,-1,0;5596,1,1,-1,2;5616,2,1,-1,2;5626,0,1,-1,0;5646,3,1,-1,0;5656,1,1,-1,2;5676,2,1,-1,2;5686,0,1,-1,0;5706,0,1,-1,1;5706,2,1,-1,1;5726,2,1,-1,0;5736,0,1,-1,2;5746,2,1,-1,0;5766,1,1,-1,0;5776,3,1,-1,2;5786,1,1,-1,0;5806,2,1,-1,0;5816,0,1,-1,2;5826,1,1,-1,0;5836,2,1,-1,2;5846,3,1,-1,0;5856,1,1,-1,2;5866,2,1,-1,0;5876,0,1,-1,2;5907,3,1,-1,2;5918,0,1,-1,2;5940,0,1,-1,2;5950,1,1,-1,2;5972,1,1,-1,0;5982,2,1,-1,2;6004,2,1,-1,2;6015,3,1,-1,0;6036,0,1,-1,2;6057,3,1,-1,0;6079,2,1,-1,2;6089,3,1,-1,2;6111,3,1,-1,2;6122,1,1,-1,2;6143,1,1,-1,0;6154,2,1,-1,2;6175,2,1,-1,2;6186,0,1,-1,0;6207,3,1,-1,2;6229,0,2,52,1;6229,3,2,53,1;6419,0,1,-1,0;6438,2,1,-1,0;6457,1,1,-1,0;6476,3,1,-1,0;6494,0,1,-1,0;6513,1,1,-1,0;6532,2,1,-1,0;6551,3,1,-1,0;6569,0,1,-1,0;6588,2,1,-1,0;6607,1,1,-1,0;6626,3,1,-1,0;6644,2,1,-1,0;6663,3,1,-1,0;6691,0,1,-1,2;6710,0,1,-1,2;6719,2,1,-1,0;6738,1,1,-1,0;6757,3,1,-1,0;6766,1,1,-1,2;6776,3,1,-1,0;6794,2,1,-1,0;6813,1,1,-1,0;6832,0,1,-1,0;6841,1,1,-1,2;6851,0,1,-1,0;6869,3,1,-1,0;6888,0,1,-1,0;6907,2,1,-1,0;6916,1,1,-1,2;6926,2,1,-1,0;6944,1,1,-1,0;6963,3,1,-1,0;6973,0,1,-1,2;6991,0,1,-1,2;7001,3,1,-1,0;7019,1,1,-1,0;7038,3,1,-1,0;7057,0,1,-1,0;7066,1,1,-1,2;7076,0,1,-1,0;7094,1,1,-1,0;7113,0,1,-1,0;7132,3,1,-1,0;7141,1,1,-1,2;7151,3,1,-1,0;7169,1,1,-1,0;7188,2,1,-1,0;7207,0,1,-1,0;7216,3,1,-1,2;7226,0,1,-1,0;7244,1,1,-1,0;7263,2,1,-1,0;7282,1,1,-1,0;7301,3,1,-1,0;7310,0,1,-1,2;7319,1,1,-1,0;7338,2,1,-1,0;7357,1,1,-1,0;7376,0,1,-1,0;7385,3,1,-1,2;7394,2,1,-1,0;7413,0,1,-1,1;7413,3,1,-1,1;7432,1,1,-1,0;7451,0,1,-1,1;7451,3,1,-1,1;7469,2,1,-1,0;7479,3,1,-1,2;7488,2,1,-1,0;7507,1,1,-1,0;7516,0,1,-1,2;7526,1,1,-1,0;7544,2,1,-1,0;7554,3,1,-1,2;7563,1,1,-1,0;7573,2,1,-1,2;7582,0,1,-1,0;7591,1,1,-1,2;7601,2,1,-1,0;7610,3,1,-1,2;7619,2,1,-1,1;7619,3,1,-1,1;7648,1,1,-1,3;7648,3,1,-1,3;7676,0,1,-1,1;7676,3,1,-1,1;7694,0,1,-1,1;7694,2,1,-1,1;7723,0,1,-1,3;7723,1,1,-1,3;7751,0,1,-1,1;7751,3,1,-1,1;7769,2,1,-1,1;7769,3,1,-1,1;7788,3,1,-1,0;7798,1,1,-1,2;7826,3,1,-1,0;7835,1,1,-1,2;7844,2,1,-1,0;7854,0,1,-1,2;7863,0,2,54,1;7863,3,2,55,1;7919,0,1,-1,1;7919,2,1,-1,1;7938,0,1,-1,0;7948,1,1,-1,2;7976,0,1,-1,1;7976,3,1,-1,1;7994,2,1,-1,1;7994,3,1,-1,1;8013,3,1,-1,0;8023,1,1,-1,2;8051,0,1,-1,1;8051,3,1,-1,1;8069,1,1,-1,1;8069,3,1,-1,1;8088,2,1,-1,0;8098,0,1,-1,2;8126,0,1,-1,1;8126,3,1,-1,1;8144,0,1,-1,1;8144,1,1,-1,1;8163,0,1,-1,1;8163,3,1,-1,1;8182,1,1,-1,1;8182,3,1,-1,1;8201,0,1,-1,1;8201,3,1,-1,1;8220,2,1,-1,0;8229,3,1,-1,2;8238,2,1,-1,0;8248,3,1,-1,2;8276,0,1,-1,0;8295,2,1,-1,0;8304,0,1,-1,2;8313,2,1,-1,0;8323,0,1,-1,2;8351,3,1,-1,0;8370,2,1,-1,0;8379,3,1,-1,2;8398,0,1,-1,2;8407,1,1,-1,0;8426,0,1,-1,1;8426,3,1,-1,1;8445,2,1,-1,0;8454,0,1,-1,2;8463,3,1,-1,0;8482,1,1,-1,1;8482,2,1,-1,1;8501,1,1,-1,1;8501,2,1,-1,1;8520,2,1,-1,0;8529,3,1,-1,2;8538,0,1,-1,0;8548,1,1,-1,2;8576,0,1,-1,0;8595,2,1,-1,0;8604,0,1,-1,2;8613,3,1,-1,0;8623,1,1,-1,2;8651,3,1,-1,0;8670,0,1,-1,0;8679,1,1,-1,2;8698,2,1,-1,2;8707,3,1,-1,0;8726,0,1,-1,1;8726,3,1,-1,1;8745,2,1,-1,0;8754,3,1,-1,2;8763,0,1,-1,0;8782,1,1,-1,1;8782,2,1,-1,1;8801,1,1,-1,1;8801,2,1,-1,1;8820,2,1,-1,0;8829,0,1,-1,2;8838,1,1,-1,0;8857,2,1,-1,0;8866,3,1,-1,2;8876,1,1,-1,0;8895,2,1,-1,0;8904,0,1,-1,2;8913,1,1,-1,0;8923,2,1,-1,2;8932,3,1,-1,0;8941,1,1,-1,2;8951,2,1,-1,0;8970,1,1,-1,0;8979,3,1,-1,2;8988,2,1,-1,0;9007,1,1,-1,0;9016,0,1,-1,2;9026,2,1,-1,0;9045,1,1,-1,0;9054,3,1,-1,2;9063,0,1,-1,0;9082,0,1,-1,0;9091,1,1,-1,2;9101,2,1,-1,0;9110,3,1,-1,2;9120,1,1,-1,