{"v":1,"fmt":"sldr-chart-v1","id":"maxx-unlimited","d":"Medium","m":13,"du":97.95,"tr":333,"ch":101,"mx":2,"of":79,"sr":[0.738472,0.5,0.303303,0.172811,0.182028],"n":"720,2,1,-1,0;750,1,2,1,3;750,3,2,2,3;800,2,1,-1,0;830,0,2,3,3;830,1,2,4,3;880,1,1,-1,0;910,2,2,5,3;910,3,2,6,3;960,1,1,-1,0;990,0,2,7,3;990,1,2,8,3;1040,2,1,-1,0;1070,0,2,9,3;1070,3,2,10,3;1120,1,1,-1,0;1150,0,1,-1,3;1150,3,1,-1,3;1180,1,1,-1,0;1200,1,1,-1,1;1200,2,1,-1,1;1230,0,2,11,3;1230,3,2,12,3;1280,1,1,-1,1;1280,2,1,-1,1;1310,0,1,-1,3;1310,3,1,-1,3;1340,1,1,-1,1;1340,2,1,-1,1;1360,2,1,-1,0;1380,0,1,-1,0;1400,2,1,-1,0;1420,3,1,-1,0;1440,2,1,-1,0;1460,0,1,-1,0;1480,2,1,-1,0;1500,3,1,-1,0;1520,2,1,-1,0;1540,0,1,-1,0;1560,1,1,-1,0;1580,2,1,-1,0;1600,0,2,13,1;1600,3,2,14,1;1680,1,1,-1,0;1700,3,1,-1,0;1740,0,1,-1,0;1760,1,1,-1,0;1780,3,1,-1,0;1800,1,1,-1,0;1820,0,1,-1,0;1840,1,1,-1,0;1860,2,1,-1,0;1880,0,1,-1,0;1900,3,1,-1,0;1920,0,2,15,1;1920,3,2,16,1;2000,2,1,-1,0;2020,0,1,-1,0;2040,1,2,17,0;2080,2,1,-1,0;2100,3,1,-1,0;2120,1,2,18,0;2160,2,1,-1,0;2180,0,1,-1,0;2200,1,2,19,0;2240,0,2,20,1;2240,1,1,-1,1;2260,1,1,-1,0;2280,1,1,-1,1;2280,3,2,21,1;2300,1,1,-1,0;2320,2,1,-1,0;2340,0,1,-1,0;2360,2,1,-1,0;2400,1,1,-1,0;2420,3,1,-1,0;2440,1,1,-1,0;2480,2,1,-1,0;2500,0,1,-1,0;2520,2,1,-1,0;2560,1,1,-1,1;2560,2,2,22,1;2580,1,1,-1,0;2600,0,2,23,1;2600,3,1,-1,1;2620,3,1,-1,0;2640,2,1,-1,0;2660,3,1,-1,0;2680,0,1,-1,0;2720,2,1,-1,0;2740,0,1,-1,0;2760,3,1,-1,0;2800,1,1,-1,0;2820,3,1,-1,0;2840,0,1,-1,0;2880,0,1,-1,1;2880,1,2,24,1;2900,0,1,-1,0;2920,2,2,25,1;2920,3,1,-1,1;2940,3,1,-1,0;2960,2,1,-1,1;2960,3,1,-1,1;2980,0,2,26,1;2980,1,1,-1,1;3000,1,2,27,0;3040,0,1,-1,1;3040,1,1,-1,1;3060,2,1,-1,1;3060,3,2,28,1;3080,2,2,29,0;3120,0,1,-1,1;3120,3,1,-1,1;3140,1,1,-1,1;3140,2,2,30,1;3160,1,2,31,0;3200,0,1,-1,1;3200,3,1,-1,1;3220,0,1,-1,1;3220,1,1,-1,1;3240,0,1,-1,1;3240,3,1,-1,1;3260,1,1,-1,1;3260,3,1,-1,1;3280,2,2,32,0;3344,0,2,33,0;3409,1,2,34,0;3452,1,2,35,0;3516,3,2,36,0;3580,2,2,37,0;3623,0,2,38,0;3687,1,2,39,0;3752,3,2,40,0;3795,2,2,41,0;3859,0,2,42,0;3923,3,2,43,0;3966,2,1,-1,0;3986,3,1,-1,0;4006,2,1,-1,0;4026,3,1,-1,0;4046,0,1,-1,0;4066,1,1,-1,0;4086,0,1,-1,0;4106,1,1,-1,0;4126,2,1,-1,0;4146,3,1,-1,0;4166,0,1,-1,0;4186,1,1,-1,0;4206,2,1,-1,0;4226,3,2,44,0;4246,0,2,45,0;4286,2,1,-1,0;4306,0,1,-1,0;4326,2,1,-1,0;4346,0,1,-1,0;4366,3,1,-1,0;4386,1,1,-1,0;4406,3,1,-1,0;4426,1,1,-1,0;4446,2,1,-1,0;4466,0,1,-1,0;4486,3,1,-1,0;4506,1,1,-1,0;4526,2,1,-1,0;4546,0,2,46,0;4566,3,2,47,0;4626,1,2,48,3;4626,2,1,-1,3;4656,2,1,-1,2;4686,2,1,-1,0;4716,2,1,-1,2;4746,3,2,49,2;4786,1,1,-1,2;4816,1,1,-1,2;4846,1,1,-1,0;4876,1,1,-1,2;4906,0,2,50,2;4946,3,1,-1,2;4976,3,1,-1,2;5006,3,1,-1,0;5036,3,1,-1,2;5066,2,2,51,2;5106,0,1,-1,2;5136,0,1,-1,2;5166,0,1,-1,0;5196,0,1,-1,2;5226,0,1,-1,2;5246,0,1,-1,0;5266,2,1,-1,0;5286,0,1,-1,1;5286,2,1,-1,1;5326,3,1,-1,0;5346,2,1,-1,0;5366,2,1,-1,1;5366,3,1,-1,1;5406,0,1,-1,0;5426,2,1,-1,0;5446,1,1,-1,1;5446,3,1,-1,1;5486,3,1,-1,0;5506,2,1,-1,0;5526,0,1,-1,1;5526,1,1,-1,1;5566,1,1,-1,0;5586,0,1,-1,0;5606,2,1,-1,1;5606,3,1,-1,1;5646,1,1,-1,0;5666,3,1,-1,0;5686,0,1,-1,1;5686,2,1,-1,1;5726,1,1,-1,0;5746,2,1,-1,0;5766,0,1,-1,1;5766,3,1,-1,1;5806,0,1,-1,1;5806,1,1,-1,1;5826,0,1,-1,1;5826,3,1,-1,1;5846,1,1,-1,1;5846,3,1,-1,1;5866,0,1,-1,1;5866,3,1,-1,1;5907,0,2,52,3;5907,2,1,-1,3;5940,1,1,-1,2;5972,2,1,-1,0;6004,3,1,-1,2;6036,1,1,-1,2;6079,2,1,-1,3;6079,3,2,53,3;6111,1,1,-1,2;6143,2,1,-1,0;6175,0,1,-1,2;6207,1,1,-1,2;6229,0,2,54,1;6229,3,2,55,1;6419,2,1,-1,0;6438,0,1,-1,0;6457,2,2,56,0;6494,1,1,-1,0;6513,3,1,-1,0;6532,1,2,57,0;6569,2,1,-1,0;6588,0,1,-1,0;6607,1,2,58,0;6644,2,1,-1,0;6663,3,1,-1,0;6682,0,1,-1,0;6701,1,1,-1,0;6719,2,1,-1,0;6738,3,1,-1,0;6757,2,2,59,0;6794,1,1,-1,0;6813,0,1,-1,0;6832,1,2,60,0;6869,2,1,-1,0;6888,3,1,-1,0;6907,1,2,61,0;6944,2,1,-1,0;6963,0,1,-1,0;6982,3,1,-1,0;7001,1,1,-1,0;7019,2,1,-1,0;7038,0,1,-1,0;7057,1,2,62,0;7094,2,1,-1,0;7113,3,1,-1,0;7132,1,2,63,0;7169,2,1,-1,0;7188,0,1,-1,0;7207,1,1,-1,0;7226,0,1,-1,0;7244,2,1,-1,0;7263,0,1,-1,0;7282,1,1,-1,0;7301,2,1,-1,0;7319,3,1,-1,0;7338,1,1,-1,0;7357,2,2,64,0;7394,0,1,-1,0;7413,1,1,-1,0;7432,2,2,65,0;7469,3,1,-1,0;7488,1,1,-1,0;7507,2,1,-1,0;7526,0,1,-1,0;7544,1,1,-1,0;7563,2,1,-1,0;7582,3,1,-1,0;7601,1,1,-1,0;7619,0,1,-1,1;7619,2,1,-1,1;7648,1,1,-1,3;7648,3,1,-1,3;7676,0,1,-1,1;7676,3,1,-1,1;7694,2,1,-1,1;7694,3,1,-1,1;7723,0,1,-1,3;7723,1,1,-1,3;7751,0,1,-1,1;7751,3,1,-1,1;7769,1,1,-1,1;7769,2,1,-1,1;7798,0,1,-1,3;7798,3,1,-1,3;7826,1,1,-1,1;7826,2,1,-1,1;7844,0,1,-1,1;7844,1,1,-1,1;7863,1,2,66,1;7863,3,2,67,1;7919,0,1,-1,1;7919,2,1,-1,1;7948,0,1,-1,3;7948,1,1,-1,3;7976,0,1,-1,1;7976,3,1,-1,1;7994,2,1,-1,1;7994,3,1,-1,1;8023,1,1,-1,3;8023,3,1,-1,3;8051,0,1,-1,1;8051,3,1,-1,1;8069,1,1,-1,1;8069,2,1,-1,1;8098,0,1,-1,3;8098,3,1,-1,3;8126,1,1,-1,1;8126,2,1,-1,1;8144,0,1,-1,1;8144,1,1,-1,1;8163,0,1,-1,1;8163,3,1,-1,1;8182,1,1,-1,1;8182,3,1,-1,1;8201,0,1,-1,1;8201,3,1,-1,1;8220,0,1,-1,1;8220,2,1,-1,1;8248,2,1,-1,3;8248,3,1,-1,3;8276,0,1,-1,1;8276,3,1,-1,1;8295,1,1,-1,1;8295,3,1,-1,1;8323,0,1,-1,3;8323,1,1,-1,3;8351,0,1,-1,1;8351,3,1,-1,1;8370,2,1,-1,1;8370,3,1,-1,1;8398,0,1,-1,3;8398,2,1,-1,3;8426,0,1,-1,1;8426,3,1,-1,1;8445,1,1,-1,1;8445,2,1,-1,1;8463,0,2,68,1;8463,3,2,69,1;8520,2,1,-1,1;8520,3,1,-1,1;8548,1,1,-1,3;8548,2,1,-1,3;8576,0,1,-1,1;8576,1,1,-1,1;8595,0,1,-1,1;8595,2,1,-1,1;8623,1,1,-1,3;8623,2,1,-1,3;8651,1,1,-1,1;8651,3,1,-1,1;8670,0,1,-1,1;8670,2,1,-1,1;8698,2,1,-1,3;8698,3,1,-1,3;8726,1,1,-1,1;8726,2,1,-1,1;8745,0,1,-1,1;8745,1,1,-1,1;8763,1,2,70,1;8763,3,2,71,1;8820,2,1,-1,0;8838,3,1,-1,0;8857,1,2,72,0;8895,2,1,-1,0;8913,0,1,-1,0;8932,1,1,-1,0;8941,2,1,-1,2;8951,3,1,-1,0;8970,1,1,-1,0;8988,2,1,-1,0;9007,0,2,73,0;9045,1,1,-1,0;9063,2,1,-1,0;9082,3,1,-1,0;9091,1,1,-1,2;9101,3,1,-1,0;9120,0,1,-1,0;9138,0,1,-1,0;9157,3,1,-1,0;9176,3,1,-1,0;9195,1,1,-1,1;9195,2,1,-1,1;9213,1,1,-1,1;9213,2,1,-1,1;9232,0,1,-1,0;9241,3,1,-1,2;9251,0,1,-1,0;9270,0,1,-1,1;9270,1,1,-1,1;9298,2,1,-1,3;9298,3,1,-1,3;9326,0,1,-1,1;9326,3,1,-1,1;9345,1,1,-1,1;9345,3,1,-1,1;9373,0,1,-1,3;9373,2,1,-1,3;9401,0,1,-1,1;9401,3,1,-1,1;9420,1,1,-1,1;9420,2,1,-1,1;9448,3,1,-1,2;9457,0,1,-1,0;9485,0,1,-1,2;9495,3,1,-1,0;9523,3,1,-1,2;9532,0,1,-1,0;9560,0,1,-1,3;9560,3,1,-1,3;9570,0,2,74,1;9570,3,2,75,1","h":"1,1,750,780;2,3,750,780;3,0,830,860;4,1,830,860;5,2,910,940;6,3,910,940;7,0,990,1020;8,1,990,1020;9,0,1070,1100;10,3,1070,1100;11,0,1230,1260;12,3,1230,1260;13,0,1600,1660;14,3,1600,1660;15,0,1920,1980;16,3,1920,1980;17,1,2040,2080;18,1,2120,2160;19,1,2200,2220;20,0,2240,2260;21,3,2280,2300;22,2,2560,2580;23,0,2600,2620;24,1,2880,2900;25,2,2920,2940;26,0,2980,3020;27,1,3000,3020;29,2,3080,3100;28,3,3060,3100;31,1,3160,3180;30,2,3140,3180;33,0,3344,3398;34,1,3409,3430;32,2,3280,3430;36,3,3516,3569;35,1,3452,3602;37,2,3580,3602;38,0,3623,3687;39,1,3687,3752;40,3,3752,3795;41,2,3795,3859;42,0,3859,3945;43,3,3923,3945;45,0,4246,4266;44,3,4226,4266;46,0,4546,4586;47,3,4566,4586;48,1,4626,4746;49,3,4746,4866;50,0,4906,5026;51,2,5066,5186;52,0,5907,6036;53,3,6079,6207;54,0,6229,6401;55,3,6229,6401;56,2,6457,6494;57,1,6532,6569;58,1,6607,6644;59,2,6757,6794;60,1,6832,6869;61,1,6907,6944;62,1,7057,7094;63,1,7132,7169;64,2,7357,7394;65,2,7432,7469;66,1,7863,7901;67,3,7863,7901;68,0,8463,8501;69,3,8463,8501;70,1,8763,8801;71,3,8763,8801;72,1,8857,8895;73,0,9007,9045;74,0,9570,9701;75,3,9570,9701"}