{"v":1,"fmt":"sldr-chart-v1","id":"still-in-my-heart-momo-mix","d":"Challenge","m":11,"du":103.4,"tr":357,"ch":23,"mx":2,"of":132,"sr":[0.612508,0.5,0.064426,0.005263,0.347368],"n":"564,3,1,-1,0;600,3,1,-1,0;635,3,1,-1,0;670,3,1,-1,0;705,0,1,-1,0;741,0,1,-1,0;776,0,1,-1,0;811,0,1,-1,0;847,2,1,-1,0;864,0,1,-1,2;882,1,1,-1,0;917,2,1,-1,0;935,3,1,-1,2;953,1,1,-1,0;988,3,1,-1,0;1005,0,1,-1,2;1023,3,1,-1,0;1041,0,1,-1,2;1058,3,1,-1,0;1094,0,1,-1,1;1094,1,1,-1,1;1129,3,1,-1,0;1164,3,1,-1,0;1200,1,1,-1,0;1235,1,1,-1,0;1270,0,1,-1,0;1306,1,1,-1,0;1341,3,1,-1,0;1376,1,1,-1,0;1411,0,1,-1,0;1447,1,1,-1,0;1482,3,1,-1,0;1517,1,1,-1,0;1553,2,1,-1,0;1570,0,1,-1,2;1588,1,1,-1,0;1606,0,1,-1,2;1623,3,1,-1,0;1659,1,1,-1,1;1659,3,1,-1,1;1694,0,1,-1,1;1694,3,1,-1,1;1764,2,1,-1,0;1800,1,1,-1,0;1817,1,1,-1,2;1835,1,1,-1,0;1870,3,1,-1,0;1906,1,1,-1,0;1941,0,1,-1,0;1959,0,1,-1,2;1976,3,1,-1,0;2029,1,1,-1,2;2047,2,1,-1,0;2100,3,1,-1,2;2117,0,1,-1,0;2188,2,1,-1,0;2223,0,1,-1,1;2223,3,1,-1,1;2259,2,1,-1,0;2276,0,1,-1,2;2294,1,1,-1,0;2312,0,1,-1,2;2329,2,1,-1,0;2347,1,1,-1,2;2364,3,1,-1,0;2400,2,1,-1,0;2417,3,1,-1,2;2435,1,1,-1,0;2453,3,1,-1,2;2470,2,1,-1,0;2488,1,1,-1,2;2506,0,1,-1,0;2541,2,1,-1,0;2559,0,1,-1,2;2576,3,1,-1,0;2612,0,1,-1,0;2629,3,1,-1,2;2647,1,1,-1,0;2682,3,1,-1,0;2700,1,1,-1,2;2717,2,1,-1,0;2735,0,1,-1,2;2753,1,1,-1,0;2770,2,1,-1,2;2788,3,1,-1,0;2823,2,1,-1,0;2841,0,1,-1,2;2859,1,1,-1,0;2876,2,1,-1,2;2894,3,1,-1,0;2912,1,1,-1,2;2929,3,1,-1,0;2965,1,1,-1,0;2982,2,1,-1,2;3000,0,1,-1,0;3017,1,1,-1,2;3035,2,1,-1,0;3053,3,1,-1,2;3070,1,1,-1,0;3106,3,1,-1,0;3123,1,1,-1,2;3141,2,1,-1,0;3159,0,1,-1,2;3176,1,1,-1,0;3194,2,1,-1,2;3212,3,1,-1,0;3247,0,1,-1,0;3265,1,1,-1,2;3282,3,1,-1,0;3300,1,1,-1,2;3318,0,1,-1,0;3335,2,1,-1,2;3353,3,1,-1,0;3388,0,1,-1,0;3406,1,1,-1,2;3423,2,1,-1,0;3441,1,1,-1,2;3459,0,1,-1,0;3476,3,1,-1,2;3494,1,1,-1,0;3529,2,1,-1,0;3547,1,1,-1,2;3565,3,1,-1,0;3582,0,1,-1,2;3600,1,1,-1,0;3618,2,1,-1,2;3635,1,1,-1,0;3671,3,1,-1,0;3688,2,1,-1,2;3706,1,1,-1,0;3723,0,1,-1,2;3741,2,1,-1,0;3759,1,1,-1,2;3776,3,1,-1,0;3812,2,1,-1,0;3829,1,1,-1,2;3847,0,1,-1,0;3882,0,1,-1,1;3882,1,1,-1,1;3918,0,1,-1,1;3918,3,1,-1,1;3953,2,1,-1,0;3971,0,1,-1,2;3988,1,1,-1,0;4023,2,1,-1,0;4041,3,1,-1,2;4059,1,1,-1,0;4094,3,1,-1,0;4112,0,1,-1,2;4129,1,1,-1,0;4165,0,1,-1,0;4182,3,1,-1,2;4200,1,1,-1,0;4235,1,1,-1,0;4253,2,1,-1,2;4271,3,1,-1,0;4306,2,1,-1,0;4324,0,1,-1,2;4341,1,1,-1,0;4376,0,1,-1,0;4394,1,1,-1,2;4412,2,1,-1,0;4447,3,1,-1,0;4482,1,1,-1,1;4482,3,1,-1,1;4518,2,1,-1,0;4535,0,1,-1,2;4553,1,1,-1,0;4588,0,1,-1,0;4606,3,1,-1,2;4624,1,1,-1,0;4659,3,1,-1,0;4677,2,1,-1,2;4694,1,1,-1,0;4712,0,1,-1,2;4729,2,1,-1,0;4765,1,1,-1,1;4765,3,1,-1,1;4800,2,1,-1,0;4818,0,1,-1,2;4835,1,1,-1,0;4871,2,1,-1,0;4888,3,1,-1,2;4906,1,1,-1,0;4941,3,1,-1,0;4959,1,1,-1,2;4977,2,1,-1,0;4994,0,1,-1,2;5012,1,1,-1,0;5047,0,1,-1,1;5047,3,1,-1,1;5082,0,1,-1,1;5082,3,1,-1,1;5118,2,1,-1,0;5135,0,1,-1,2;5153,1,1,-1,0;5171,2,1,-1,2;5188,3,1,-1,0;5224,1,1,-1,1;5224,3,1,-1,1;5259,2,1,-1,0;5277,0,1,-1,2;5294,1,1,-1,0;5312,0,1,-1,2;5330,3,1,-1,0;5365,0,1,-1,1;5365,1,1,-1,1;5400,0,1,-1,0;5418,2,1,-1,2;5435,1,1,-1,0;5453,3,1,-1,2;5471,1,1,-1,0;5506,2,1,-1,1;5506,3,1,-1,1;5541,0,1,-1,0;5559,2,1,-1,2;5577,1,1,-1,0;5612,1,1,-1,1;5612,3,1,-1,1;5647,0,1,-1,1;5647,3,1,-1,1;5683,2,1,-1,0;5700,3,1,-1,2;5718,1,1,-1,0;5735,2,1,-1,2;5753,3,1,-1,0;5788,1,1,-1,1;5788,3,1,-1,1;5824,0,1,-1,0;5841,1,1,-1,2;5859,2,1,-1,0;5877,1,1,-1,2;5894,0,1,-1,0;5930,0,1,-1,1;5930,1,1,-1,1;5965,3,1,-1,0;5983,1,1,-1,2;6000,2,1,-1,0;6018,1,1,-1,2;6036,3,1,-1,0;6071,0,1,-1,0;6088,2,1,-1,2;6106,1,1,-1,0;6124,3,1,-1,2;6141,2,1,-1,0;6159,1,1,-1,2;6177,0,1,-1,0;6194,3,1,-1,2;6212,1,1,-1,0;6283,3,1,-1,0;6353,0,1,-1,0;6388,0,1,-1,2;6424,1,1,-1,0;6494,3,1,-1,0;6565,1,1,-1,0;6636,0,1,-1,0;6671,0,1,-1,2;6706,1,1,-1,0;6777,2,1,-1,0;6812,3,1,-1,2;6847,1,1,-1,0;6918,2,1,-1,0;6953,0,1,-1,2;6988,1,1,-1,0;7059,0,1,-1,0;7094,1,1,-1,2;7130,3,1,-1,0;7165,1,1,-1,2;7200,2,1,-1,0;7236,0,1,-1,2;7271,1,1,-1,0;7341,0,1,-1,0;7377,3,1,-1,2;7412,0,1,-1,0;7447,1,1,-1,2;7483,3,1,-1,0;7518,0,1,-1,2;7553,3,1,-1,0;7588,1,1,-1,2;7624,2,1,-1,0;7641,0,1,-1,2;7659,1,1,-1,2;7694,2,1,-1,0;7712,3,1,-1,2;7730,1,1,-1,2;7765,2,1,-1,0;7783,0,1,-1,2;7800,1,1,-1,2;7836,2,1,-1,0;7871,0,1,-1,3;7871,3,1,-1,3;7906,3,1,-1,0;7924,0,1,-1,2;7941,1,1,-1,2;7977,1,1,-1,0;7994,2,1,-1,2;8012,3,1,-1,2;8047,3,1,-1,0;8065,1,1,-1,2;8083,2,1,-1,2;8100,0,1,-1,2;8118,1,1,-1,0;8136,2,1,-1,2;8153,3,1,-1,2;8188,3,1,-1,0;8206,0,1,-1,2;8224,1,1,-1,2;8259,3,1,-1,0;8277,0,1,-1,2;8294,1,1,-1,2;8330,2,1,-1,0;8365,2,1,-1,2;8400,2,1,-1,0;8436,3,1,-1,2;8471,1,1,-1,0;8506,1,1,-1,2;8541,1,1,-1,0;8577,2,1,-1,2;8612,0,1,-1,1;8612,3,1,-1,1;8647,1,1,-1,0;8665,0,1,-1,2;8683,2,1,-1,0;8700,1,1,-1,2;8718,3,1,-1,0;8753,1,1,-1,1;8753,3,1,-1,1;8788,0,1,-1,0;8806,2,1,-1,2;8824,1,1,-1,0;8841,3,1,-1,2;8859,2,1,-1,0;8894,0,1,-1,1;8894,1,1,-1,1;8929,2,1,-1,0;8947,3,1,-1,2;8965,0,1,-1,0;8982,2,1,-1,2;9000,1,1,-1,0;9035,3,1,-1,0;9053,1,1,-1,2;9071,2,1,-1,0;9088,0,1,-1,2;9106,1,1,-1,0;9123,0,1,-1,2;9141,3,1,-1,0;9176,1,1,-1,1;9176,2,1,-1,1;9212,0,1,-1,0;9229,1,1,-1,2;9247,0,1,-1,0;9265,2,1,-1,2;9282,1,1,-1,0;9317,0,1,-1,1;9317,3,1,-1,1;9353,1,1,-1,0;9370,2,1,-1,2;9388,3,1,-1,0;9406,0,1,-1,2;9423,1,1,-1,0;9459,2,1,-1,0;9476,3,1,-1,2;9494,1,1,-1,0;9529,3,1,-1,0;9547,0,1,-1,2;9564,1,1,-1,0;9600,0,1,-1,0;9617,2,1,-1,2;9635,1,1,-1,0;9653,3,1,-1,2;9670,2,1,-1,0;9688,1,1,-1,2;9705,0,1,-1,0;9723,3,1,-1,2;9741,1,2,1,0;9882,3,2,2,0;10023,0,1,-1,0;10046,0,1,-1,2;10070,0,1,-1,2;10093,3,1,-1,0","h":"1,1,9741,9847;2,3,9882,9988"}