{"v":1,"fmt":"sldr-chart-v1","id":"burning-heat-3-option-mix","d":"Challenge","m":15,"du":93.62,"tr":507,"ch":11,"mx":2,"of":313,"sr":[0.922168,0.5,0.021696,0.084942,0.604247],"n":"724,0,1,-1,0;748,3,1,-1,2;760,0,1,-1,0;772,1,1,-1,2;784,0,1,-1,2;796,3,1,-1,0;820,0,1,-1,2;832,3,1,-1,0;844,1,1,-1,2;856,3,1,-1,2;868,0,1,-1,0;892,2,1,-1,2;904,0,1,-1,0;928,2,1,-1,2;940,0,1,-1,0;965,3,1,-1,2;977,2,1,-1,0;989,3,1,-1,2;1001,2,1,-1,2;1013,1,1,-1,0;1037,0,1,-1,2;1049,2,1,-1,0;1061,0,1,-1,2;1073,2,1,-1,2;1085,1,1,-1,0;1109,3,1,-1,2;1121,1,1,-1,0;1133,2,1,-1,2;1145,0,1,-1,2;1157,1,1,-1,0;1169,2,1,-1,2;1181,3,1,-1,2;1193,1,1,-1,0;1206,3,1,-1,2;1218,2,1,-1,2;1230,1,1,-1,0;1242,0,1,-1,2;1254,1,1,-1,2;1266,2,1,-1,0;1278,3,1,-1,2;1290,0,1,-1,2;1338,3,1,-1,0;1350,1,1,-1,2;1362,2,1,-1,2;1374,1,1,-1,0;1386,0,1,-1,2;1398,1,2,1,2;1434,2,1,-1,2;1446,1,1,-1,0;1459,3,1,-1,2;1471,1,1,-1,2;1483,3,1,-1,0;1495,0,1,-1,2;1507,1,1,-1,2;1519,2,2,2,0;1555,1,1,-1,0;1567,3,1,-1,2;1579,1,1,-1,2;1591,0,2,3,0;1627,2,1,-1,0;1639,0,1,-1,2;1651,1,1,-1,2;1663,2,2,4,0;1699,1,1,-1,0;1736,3,1,-1,0;1748,0,1,-1,2;1760,2,1,-1,2;1772,3,1,-1,0;1784,2,1,-1,2;1796,1,1,-1,2;1808,2,2,5,0;1844,0,1,-1,0;1856,3,1,-1,2;1868,0,1,-1,2;1880,2,2,6,0;1916,0,2,7,0;1965,3,1,-1,2;1977,1,1,-1,2;1989,2,1,-1,0;2013,0,1,-1,2;2025,1,1,-1,0;2037,0,1,-1,2;2061,3,1,-1,0;2085,0,1,-1,2;2097,2,1,-1,0;2109,0,1,-1,2;2133,2,2,8,0;2169,1,1,-1,0;2181,3,1,-1,2;2193,1,1,-1,2;2206,2,1,-1,0;2218,0,1,-1,2;2230,1,1,-1,2;2242,0,2,9,0;2278,2,1,-1,0;2290,1,1,-1,2;2302,3,1,-1,2;2314,2,1,-1,0;2326,0,1,-1,2;2338,2,1,-1,2;2350,3,1,-1,0;2362,2,1,-1,2;2374,3,1,-1,2;2386,2,1,-1,0;2398,3,1,-1,2;2410,2,1,-1,2;2422,1,1,-1,0;2434,0,1,-1,2;2446,1,1,-1,2;2459,0,1,-1,0;2483,3,1,-1,2;2495,0,1,-1,0;2519,3,1,-1,2;2531,1,1,-1,0;2543,2,1,-1,2;2555,1,1,-1,2;2567,3,1,-1,0;2591,0,1,-1,2;2603,1,1,-1,0;2615,2,1,-1,2;2627,1,1,-1,2;2639,0,1,-1,0;2663,3,1,-1,2;2675,2,1,-1,0;2687,1,1,-1,2;2699,0,1,-1,2;2712,2,2,10,0;2736,0,2,11,2;2760,3,2,12,2;2784,0,1,-1,0;2808,2,1,-1,2;2820,1,1,-1,0;2832,0,1,-1,2;2844,1,1,-1,2;2856,3,1,-1,0;2880,2,1,-1,2;2892,1,1,-1,0;2904,3,1,-1,2;2916,1,1,-1,2;2928,0,2,13,0;2953,1,2,14,2;2977,2,1,-1,2;3001,2,1,-1,1;3001,3,1,-1,1;3025,1,1,-1,3;3025,2,1,-1,3;3049,0,1,-1,3;3049,3,1,-1,3;3073,3,1,-1,0;3097,0,1,-1,2;3109,3,1,-1,0;3121,1,1,-1,2;3133,0,1,-1,2;3145,1,1,-1,0;3169,3,1,-1,2;3181,0,1,-1,0;3193,1,1,-1,2;3206,3,1,-1,2;3218,1,1,-1,0;3242,0,1,-1,2;3254,3,1,-1,0;3266,0,1,-1,2;3278,3,1,-1,2;3290,0,2,15,0;3314,2,2,16,2;3338,1,2,17,2;3362,3,1,-1,0;3386,0,1,-1,2;3398,1,1,-1,0;3410,0,1,-1,2;3422,1,1,-1,2;3434,2,1,-1,0;3459,3,1,-1,2;3471,1,1,-1,0;3483,3,1,-1,2;3495,1,1,-1,2;3519,2,1,-1,2;3531,0,1,-1,2;3543,0,1,-1,1;3543,2,1,-1,1;3591,3,1,-1,2;3603,2,1,-1,2;3615,2,1,-1,1;3615,3,1,-1,1;3651,0,1,-1,0;3663,3,1,-1,2;3675,0,1,-1,2;3687,3,1,-1,0;3699,1,1,-1,2;3712,3,2,18,2;3724,0,1,-1,0;3760,2,1,-1,0;3784,2,1,-1,2;3832,3,1,-1,0;3844,2,1,-1,2;3856,0,1,-1,2;3868,3,1,-1,0;3880,1,1,-1,2;3892,0,1,-1,2;3904,3,1,-1,0;3928,0,2,19,2;3989,2,1,-1,2;4001,0,1,-1,2;4013,1,2,20,0;4061,2,1,-1,2;4073,3,1,-1,2;4085,1,2,21,0;4157,2,1,-1,0;4169,3,1,-1,2;4181,2,1,-1,2;4193,1,1,-1,0;4206,0,1,-1,2;4218,1,1,-1,2;4230,2,1,-1,0;4242,1,1,-1,2;4254,2,1,-1,2;4266,1,1,-1,0;4278,3,1,-1,2;4290,0,2,22,2;4302,3,1,-1,0;4338,2,1,-1,0;4362,2,1,-1,2;4410,0,1,-1,0;4422,2,1,-1,2;4434,3,1,-1,2;4446,0,1,-1,0;4459,1,1,-1,2;4471,3,1,-1,2;4483,0,1,-1,0;4507,3,2,23,2;4567,2,1,-1,2;4579,3,1,-1,2;4591,1,2,24,0;4627,3,1,-1,0;4651,3,1,-1,2;4675,0,1,-1,2;4687,1,1,-1,2;4699,0,1,-1,0;4712,1,1,-1,2;4724,2,1,-1,2;4736,3,1,-1,0;4748,1,1,-1,2;4760,2,1,-1,2;4772,0,1,-1,0;4784,1,1,-1,2;4796,2,1,-1,2;4808,3,1,-1,0;4832,3,1,-1,2;4844,1,1,-1,0;4868,1,1,-1,2;4880,3,1,-1,0;4892,1,1,-1,2;4904,2,1,-1,2;4916,0,1,-1,0;4928,1,1,-1,2;4940,2,1,-1,2;4953,3,1,-1,0;4977,3,1,-1,2;4989,2,1,-1,0;5013,2,1,-1,2;5025,3,1,-1,0;5049,3,1,-1,2;5061,2,1,-1,0;5073,1,1,-1,2;5085,0,1,-1,2;5097,1,1,-1,0;5121,1,1,-1,2;5133,0,1,-1,0;5157,0,1,-1,2;5169,2,1,-1,0;5193,2,1,-1,2;5206,0,1,-1,0;5218,1,1,-1,2;5230,2,1,-1,2;5242,3,1,-1,0;5266,3,1,-1,2;5278,0,1,-1,0;5302,0,1,-1,2;5314,2,1,-1,0;5338,2,1,-1,2;5350,0,1,-1,0;5362,3,1,-1,2;5374,0,1,-1,2;5386,2,1,-1,0;5410,1,1,-1,2;5422,2,1,-1,0;5446,0,1,-1,2;5459,2,1,-1,0;5483,0,1,-1,2;5495,3,1,-1,0;5507,2,1,-1,2;5519,3,1,-1,2;5531,1,1,-1,0;5555,2,1,-1,2;5567,1,1,-1,0;5591,3,1,-1,2;5603,1,1,-1,0;5627,3,1,-1,2;5639,0,1,-1,0;5651,2,1,-1,2;5663,0,1,-1,2;5675,3,1,-1,0;5699,2,1,-1,2;5712,3,1,-1,0;5736,1,1,-1,2;5748,3,1,-1,0;5772,0,1,-1,2;5784,1,1,-1,0;5796,2,1,-1,2;5808,1,1,-1,2;5820,0,1,-1,0;5832,3,1,-1,2;5844,2,1,-1,2;5856,3,1,-1,0;5868,2,1,-1,2;5880,3,1,-1,2;5904,0,1,-1,2;5916,1,1,-1,2;5928,0,1,-1,0;5940,1,1,-1,2;5953,0,1,-1,2;5965,3,1,-1,0;5977,1,1,-1,2;5989,2,1,-1,2;6001,1,1,-1,0;6013,0,1,-1,2;6025,1,2,25,2;6061,2,1,-1,2;6073,1,1,-1,0;6085,3,1,-1,2;6097,1,1,-1,2;6109,3,1,-1,0;6121,0,1,-1,2;6133,1,1,-1,2;6145,2,2,26,0;6181,1,1,-1,0;6193,3,1,-1,2;6206,1,1,-1,2;6218,0,2,27,0;6254,2,1,-1,0;6266,0,1,-1,2;6278,1,1,-1,2;6290,2,2,28,0;6326,1,1,-1,0;6362,3,1,-1,0;6374,0,1,-1,2;6386,2,1,-1,2;6398,3,1,-1,0;6410,2,1,-1,2;6422,1,1,-1,2;6434,2,2,29,0;6471,0,1,-1,0;6483,3,1,-1,2;6495,0,1,-1,2;6507,2,2,30,0;6543,0,1,-1,0;6567,3,1,-1,2;6579,1,1,-1,0;6591,0,1,-1,2;6603,1,1,-1,2;6615,3,1,-1,0;6639,0,1,-1,2;6651,2,1,-1,0;6663,1,1,-1,2;6675,3,1,-1,2;6687,0,1,-1,0;6712,3,1,-1,2;6724,2,1,-1,0;6736,0,1,-1,2;6748,2,1,-1,2;6760,3,2,31,0;6796,1,1,-1,0;6808,0,1,-1,2;6820,1,1,-1,2;6832,2,1,-1,0;6844,0,1,-1,2;6856,1,1,-1,2;6868,2,2,32,0;6904,3,1,-1,0;6928,2,1,-1,2;6940,3,1,-1,0;6953,2,1,-1,2;6965,1,1,-1,2;6977,0,1,-1,0;6989,3,1,-1,2;7001,1,1,-1,2;7013,2,2,33,0;7049,0,1,-1,0;7061,1,1,-1,2;7073,0,1,-1,2;7085,1,1,-1,0;7097,3,1,-1,2;7109,1,1,-1,2;7121,2,2,34,0;7145,3,2,35,2;7169,1,2,36,2;7193,2,1,-1,0;7218,0,1,-1,2;7230,1,1,-1,0;7242,2,1,-1,2;7254,3,1,-1,2;7266,2,1,-1,0;7290,3,1,-1,2;7302,2,1,-1,0;7314,1,1,-1,2;7326,0,1,-1,2;7338,1,1,-1,0;7362,0,1,-1,2;7374,2,1,-1,0;7386,3,1,-1,2;7398,2,1,-1,2;7410,0,2,37,0;7434,3,2,38,2;7459,1,2,39,2;7483,2,1,-1,0;7507,0,1,-1,2;7519,1,1,-1,0;7531,0,1,-1,2;7543,2,1,-1,2;7555,3,1,-1,0;7579,3,1,-1,2;7591,2,1,-1,0;7603,3,1,-1,2;7615,2,1,-1,2;7627,1,1,-1,0;7651,1,1,-1,3;7651,2,1,-1,3;7675,1,1,-1,3;7675,2,1,-1,3;7699,0,1,-1,0;7724,0,1,-1,3;7724,1,1,-1,3;7748,1,1,-1,3;7748,3,1,-1,3;7772,0,1,-1,0;7796,3,1,-1,2;7808,2,1,-1,0;7820,1,1,-1,2;7832,2,1,-1,2;7844,3,1,-1,0;7868,0,1,-1,2;7880,2,1,-1,0;7892,1,1,-1,2;7904,2,1,-1,2;7916,0,1,-1,0;7940,0,1,-1,2;7953,1,1,-1,0;7965,2,1,-1,2;7977,3,1,-1,2;7989,2,2,40,0;8013,3,2,41,2;8037,0,2,42,2;8061,1,1,-1,0;8085,2,1,-1,2;8097,3,1,-1,0;8109,1,1,-1,2;8121,2,1,-1,2;8133,0,1,-1,0;8157,2,1,-1,2;8169,0,1,-1,0;8181,1,1,-1,2;8193,2,1,-1,2;8218,3,1,-1,2;8230,2,1,-1,2;8242,3,1,-1,0;8254,2,1,-1,2;8266,3,1,-1,2;8290,0,1,-1,2;8302,1,1,-1,2;8314,0,1,-1,0;8326,1,1,-1,2;8338,0,1,-1,2;8350,2,1,-1,0;8374,1,1,-1,2;8386,3,1,-1,0;8410,0,1,-1,2;8422,2,1,-1,0;8446,0,1,-1,2;8459,3,1,-1,0;8471,1,1,-1,2;8483,0,1,-1,2;8495,1,1,-1,0;8507,2,1,-1,2;8519,3,1,-1,2;8531,2,1,-1,0;8543,0,1,-1,2;8555,1,1,-1,2;8567,2,1,-1,0;8579,3,1,-1,2;8591,0,1,-1,2;8603,1,1,-1,0;8615,3,1,-1,2;8627,1,1,-1,2;8639,0,1,-1,0;8651,2,1,-1,2;8663,3,1,-1,2;8675,2,1,-1,0;8699,2,1,-1,2;8712,1,1,-1,0;8736,1,1,-1,2;8748,3,1,-1,0;8772,3,1,-1,2;8784,0,1,-1,0;8796,2,1,-1,2;8808,3,1,-1,2;8820,0,1,-1,0;8832,1,1,-1,2;8844,3,1,-1,2;8856,1,1,-1,0;8868,0,1,-1,2;8880,1,1,-1,2;8892,2,1,-1,0;8904,0,1,-1,2;8916,1,1,-1,2;8965,0,1,-1,1;8965,3,1,-1,1;8989,0,2,43,3;8989,3,2,44,3",