{"v":1,"fmt":"sldr-chart-v1","id":"burning-heat-3-option-mix","d":"Hard","m":13,"du":93.62,"tr":413,"ch":2,"mx":2,"of":223,"sr":[0.738802,0.5,0.004843,0.014458,0.537349],"n":"724,2,1,-1,0;760,2,1,-1,0;796,2,1,-1,0;820,3,1,-1,2;832,2,1,-1,0;856,3,1,-1,2;868,1,1,-1,0;904,1,1,-1,0;940,1,1,-1,0;965,3,1,-1,2;977,1,1,-1,0;989,3,1,-1,2;1001,1,1,-1,2;1013,2,1,-1,0;1049,2,1,-1,0;1085,2,1,-1,0;1109,0,1,-1,2;1121,2,1,-1,0;1145,0,1,-1,2;1157,1,1,-1,0;1193,1,1,-1,0;1230,1,1,-1,0;1242,0,1,-1,2;1254,1,1,-1,2;1266,2,1,-1,0;1278,3,1,-1,2;1290,2,1,-1,2;1338,2,1,-1,0;1350,3,1,-1,2;1362,2,1,-1,2;1374,3,1,-1,0;1386,0,1,-1,2;1398,1,1,-1,2;1446,1,1,-1,0;1459,0,1,-1,2;1471,1,1,-1,2;1483,0,1,-1,0;1495,3,1,-1,2;1507,0,1,-1,2;1519,2,1,-1,0;1555,1,1,-1,0;1567,3,1,-1,2;1579,1,1,-1,2;1591,2,1,-1,0;1627,2,1,-1,0;1639,0,1,-1,2;1651,1,1,-1,2;1663,2,1,-1,0;1736,2,1,-1,0;1748,3,1,-1,2;1760,2,1,-1,2;1772,3,1,-1,0;1784,1,1,-1,2;1796,3,1,-1,2;1808,2,1,-1,0;1844,3,1,-1,0;1856,0,1,-1,2;1868,3,1,-1,2;1880,2,1,-1,0;1916,3,1,-1,0;1940,0,1,-1,2;1953,1,1,-1,0;1965,0,1,-1,2;1989,2,1,-1,0;2013,0,1,-1,2;2025,1,1,-1,0;2037,0,1,-1,2;2061,3,1,-1,0;2085,0,1,-1,2;2097,2,1,-1,0;2109,0,1,-1,2;2133,2,1,-1,0;2157,1,1,-1,2;2169,3,1,-1,0;2181,1,1,-1,2;2206,2,1,-1,0;2230,0,1,-1,2;2242,3,1,-1,0;2254,1,1,-1,2;2278,3,1,-1,0;2302,1,1,-1,2;2314,2,1,-1,0;2326,0,1,-1,2;2350,3,1,-1,0;2374,3,1,-1,2;2398,3,1,-1,2;2422,0,1,-1,0;2446,0,1,-1,2;2459,1,1,-1,0;2471,0,1,-1,2;2483,3,1,-1,2;2495,0,1,-1,0;2519,3,1,-1,2;2531,1,1,-1,0;2567,2,1,-1,0;2591,0,1,-1,2;2603,1,1,-1,0;2627,2,1,-1,2;2639,3,1,-1,0;2663,0,1,-1,2;2675,1,1,-1,0;2712,2,1,-1,0;2736,3,1,-1,2;2748,1,1,-1,0;2772,2,1,-1,2;2784,0,1,-1,0;2808,2,1,-1,2;2820,1,1,-1,0;2856,3,1,-1,0;2880,2,1,-1,2;2892,1,1,-1,0;2916,0,1,-1,2;2928,3,1,-1,0;2953,2,1,-1,2;2977,1,1,-1,2;3001,0,1,-1,0;3025,2,1,-1,2;3049,1,1,-1,2;3073,2,1,-1,0;3097,0,1,-1,2;3109,3,1,-1,0;3145,2,1,-1,0;3169,3,1,-1,2;3181,0,1,-1,0;3206,2,1,-1,2;3218,1,1,-1,0;3242,3,1,-1,2;3254,0,1,-1,0;3290,1,1,-1,0;3314,0,1,-1,2;3326,3,1,-1,0;3350,2,1,-1,2;3362,3,1,-1,0;3386,1,1,-1,2;3398,2,1,-1,0;3434,0,1,-1,0;3459,1,1,-1,2;3471,2,1,-1,0;3495,3,1,-1,2;3519,0,1,-1,2;3531,3,1,-1,2;3543,0,1,-1,0;3591,2,1,-1,2;3603,1,1,-1,2;3615,2,1,-1,0;3651,0,1,-1,0;3663,3,1,-1,2;3675,0,1,-1,2;3687,3,1,-1,0;3699,1,1,-1,2;3712,3,2,1,2;3760,2,1,-1,0;3784,2,1,-1,2;3832,3,1,-1,0;3844,0,1,-1,2;3856,3,1,-1,2;3868,0,1,-1,0;3880,3,1,-1,2;3892,0,1,-1,2;3904,3,1,-1,0;3928,0,1,-1,2;3989,2,1,-1,2;4001,0,1,-1,2;4013,1,1,-1,0;4061,2,1,-1,2;4073,3,1,-1,2;4085,1,1,-1,0;4157,2,1,-1,0;4169,0,1,-1,2;4181,2,1,-1,2;4193,1,1,-1,0;4206,3,1,-1,2;4218,1,1,-1,2;4230,0,1,-1,0;4242,1,1,-1,2;4254,0,1,-1,2;4266,3,1,-1,0;4278,2,1,-1,2;4290,3,2,2,2;4338,1,1,-1,0;4362,1,1,-1,2;4410,2,1,-1,0;4422,0,1,-1,2;4434,1,1,-1,2;4446,2,1,-1,0;4459,3,1,-1,2;4471,1,1,-1,2;4483,2,1,-1,0;4507,1,1,-1,2;4567,2,1,-1,2;4579,0,1,-1,2;4591,1,1,-1,0;4663,2,1,-1,0;4736,3,1,-1,0;4748,1,1,-1,2;4760,2,1,-1,2;4772,0,1,-1,0;4784,1,1,-1,2;4796,2,1,-1,2;4808,3,1,-1,0;4832,3,1,-1,2;4844,1,1,-1,0;4868,1,1,-1,2;4880,2,1,-1,0;4904,2,1,-1,2;4916,0,1,-1,0;4940,0,1,-1,2;4953,1,1,-1,0;4977,1,1,-1,2;4989,2,1,-1,0;5013,2,1,-1,2;5025,3,1,-1,0;5049,3,1,-1,2;5061,1,1,-1,0;5073,3,1,-1,2;5085,1,1,-1,2;5097,2,1,-1,0;5121,2,1,-1,2;5133,0,1,-1,0;5157,0,1,-1,2;5169,1,1,-1,0;5193,1,1,-1,2;5206,2,1,-1,0;5230,2,1,-1,2;5242,3,1,-1,0;5266,3,1,-1,2;5278,1,1,-1,0;5302,1,1,-1,2;5314,2,1,-1,0;5338,2,1,-1,2;5350,0,1,-1,0;5362,3,1,-1,2;5374,0,1,-1,2;5386,2,1,-1,0;5410,2,1,-1,2;5422,1,1,-1,0;5446,1,1,-1,2;5459,3,1,-1,0;5483,3,1,-1,2;5495,0,1,-1,0;5519,0,1,-1,2;5531,1,1,-1,0;5555,1,1,-1,2;5567,2,1,-1,0;5591,2,1,-1,2;5603,3,1,-1,0;5627,3,1,-1,2;5639,1,1,-1,0;5651,3,1,-1,2;5663,1,1,-1,2;5675,2,1,-1,0;5699,2,1,-1,2;5712,0,1,-1,0;5736,0,1,-1,2;5748,3,1,-1,0;5772,3,1,-1,2;5784,1,1,-1,0;5808,1,1,-1,2;5832,3,1,-1,2;5856,3,1,-1,0;5880,3,1,-1,2;5904,0,1,-1,2;5928,0,1,-1,0;5953,0,1,-1,2;5965,2,1,-1,0;5977,0,1,-1,2;5989,1,1,-1,2;6001,2,1,-1,0;6013,3,1,-1,2;6025,1,1,-1,2;6073,1,1,-1,0;6085,3,1,-1,2;6097,1,1,-1,2;6109,3,1,-1,0;6121,1,1,-1,2;6133,3,1,-1,2;6145,2,1,-1,0;6181,1,1,-1,0;6193,0,1,-1,2;6206,1,1,-1,2;6218,3,1,-1,0;6254,3,1,-1,0;6266,1,1,-1,2;6278,3,1,-1,2;6290,2,1,-1,0;6362,2,1,-1,0;6374,3,1,-1,2;6386,2,1,-1,2;6398,1,1,-1,0;6410,0,1,-1,2;6422,1,1,-1,2;6434,2,1,-1,0;6471,3,1,-1,0;6483,1,1,-1,2;6495,3,1,-1,2;6507,2,1,-1,0;6543,3,1,-1,0;6591,3,1,-1,2;6603,0,1,-1,2;6615,2,1,-1,0;6639,0,1,-1,2;6663,3,1,-1,2;6687,0,1,-1,0;6712,1,1,-1,2;6736,0,1,-1,2;6760,2,2,3,0;6832,0,1,-1,0;6844,1,1,-1,2;6856,0,1,-1,2;6868,2,1,-1,0;6928,2,1,-1,2;6940,3,1,-1,0;6953,2,1,-1,2;6965,1,1,-1,2;6977,0,1,-1,0;6989,1,1,-1,2;7001,0,1,-1,2;7013,2,2,4,0;7085,1,1,-1,0;7097,3,1,-1,2;7109,2,1,-1,2;7121,3,1,-1,0;7145,0,1,-1,2;7169,1,1,-1,2;7193,2,1,-1,0;7218,3,1,-1,2;7230,1,1,-1,0;7254,3,1,-1,2;7266,2,1,-1,0;7290,3,1,-1,2;7302,1,1,-1,0;7326,1,1,-1,2;7338,2,1,-1,0;7362,0,1,-1,2;7374,1,1,-1,0;7398,0,1,-1,2;7410,2,1,-1,0;7434,0,1,-1,2;7446,1,1,-1,0;7471,1,1,-1,2;7483,2,1,-1,0;7507,3,1,-1,2;7519,1,1,-1,0;7543,2,1,-1,2;7555,0,1,-1,0;7579,1,1,-1,2;7591,2,1,-1,0;7615,3,1,-1,2;7627,0,1,-1,0;7651,0,1,-1,2;7675,0,1,-1,2;7699,3,1,-1,0;7724,3,1,-1,2;7748,3,1,-1,2;7772,0,1,-1,0;7796,3,1,-1,2;7808,1,1,-1,0;7832,3,1,-1,2;7844,0,1,-1,0;7868,3,1,-1,2;7880,2,1,-1,0;7916,3,1,-1,0;7940,0,1,-1,2;7953,1,1,-1,0;7977,0,1,-1,2;7989,3,1,-1,0;8013,0,1,-1,2;8025,2,1,-1,0;8061,1,1,-1,0;8085,2,1,-1,2;8097,3,1,-1,0;8121,2,1,-1,2;8133,0,1,-1,0;8157,2,1,-1,2;8169,1,1,-1,0;8218,3,1,-1,2;8230,2,1,-1,2;8242,3,1,-1,0;8290,0,1,-1,2;8302,1,1,-1,2;8314,0,1,-1,0;8350,2,1,-1,0;8374,1,1,-1,2;8386,3,1,-1,0;8410,0,1,-1,2;8422,1,1,-1,0;8446,2,1,-1,2;8459,3,1,-1,0;8483,0,1,-1,2;8495,2,1,-1,0;8519,0,1,-1,2;8531,1,1,-1,0;8555,2,1,-1,2;8567,3,1,-1,0;8591,0,1,-1,2;8603,1,1,-1,0;8627,2,1,-1,2;8639,1,1,-1,0;8663,3,1,-1,2;8675,1,1,-1,0;8699,2,1,-1,2;8712,1,1,-1,0;8736,0,1,-1,2;8748,1,1,-1,0;8772,2,1,-1,2;8784,3,1,-1,0;8808,3,1,-1,2;8832,1,1,-1,2;8856,0,1,-1,0;8880,0,1,-1,2;8904,1,1,-1,2;8965,0,1,-1,1;8965,3,1,-1,1;8989,0,2,5,3;8989,3,2,6,3","h":"1,3,3712,3796;2,3,4290,4374;3,2,6760,6796;4,2,7013,7049;5,0,8989,9181;6,3,8989,9181"}