{"v":1,"fmt":"sldr-chart-v1","id":"burning-heat-3-option-mix","d":"Medium","m":8,"du":93.62,"tr":200,"ch":5,"mx":2,"of":31,"sr":[0.364951,0.5,0.025,0.146341,0.15122],"n":"724,0,1,-1,0;796,0,1,-1,0;832,0,1,-1,0;868,3,1,-1,0;940,3,1,-1,0;977,3,1,-1,0;1013,2,1,-1,0;1085,2,1,-1,0;1121,2,1,-1,0;1157,1,1,-1,0;1230,1,1,-1,0;1266,1,1,-1,0;1290,2,1,-1,2;1338,0,1,-1,0;1374,3,1,-1,0;1398,1,1,-1,2;1446,2,1,-1,0;1483,0,1,-1,0;1519,1,1,-1,0;1555,3,1,-1,0;1591,1,1,-1,0;1627,0,1,-1,0;1663,2,1,-1,0;1736,3,1,-1,0;1772,0,1,-1,0;1808,2,1,-1,0;1844,3,1,-1,0;1880,2,1,-1,0;1916,0,1,-1,0;1989,3,1,-1,0;2061,0,1,-1,0;2085,3,1,-1,2;2109,0,1,-1,2;2133,3,1,-1,0;2206,2,1,-1,0;2242,2,1,-1,0;2314,0,1,-1,0;2350,3,1,-1,0;2386,3,1,-1,0;2459,1,1,-1,0;2495,0,1,-1,0;2531,2,1,-1,0;2567,0,1,-1,0;2603,2,1,-1,0;2639,3,1,-1,0;2675,2,1,-1,0;2712,3,1,-1,0;2748,2,1,-1,0;2784,1,1,-1,0;2820,2,1,-1,0;2856,1,1,-1,0;2892,2,1,-1,0;2928,0,1,-1,0;2953,0,1,-1,2;2977,0,1,-1,2;3001,3,1,-1,0;3025,3,1,-1,2;3049,3,1,-1,2;3073,0,1,-1,0;3109,2,1,-1,0;3145,0,1,-1,0;3181,1,1,-1,0;3218,3,1,-1,0;3254,2,1,-1,0;3290,3,1,-1,0;3326,1,1,-1,0;3362,2,1,-1,0;3398,0,1,-1,0;3434,1,1,-1,0;3471,3,1,-1,0;3519,0,1,-1,2;3543,0,1,-1,0;3591,3,1,-1,2;3615,3,1,-1,0;3651,2,1,-1,0;3724,2,1,-1,0;3796,1,1,-1,0;3868,1,1,-1,0;3940,0,1,-1,0;4013,0,1,-1,0;4085,3,1,-1,0;4157,3,1,-1,0;4193,0,1,-1,1;4193,3,1,-1,1;4230,1,1,-1,0;4302,2,1,-1,0;4374,2,1,-1,0;4446,1,1,-1,0;4519,3,1,-1,0;4591,0,1,-1,0;4663,1,1,-1,1;4663,2,1,-1,1;4736,0,1,-1,0;4760,3,1,-1,2;4784,0,1,-1,2;4808,0,2,1,0;4844,2,1,-1,0;4880,3,2,2,0;4916,2,1,-1,0;4953,0,2,3,0;4989,1,1,-1,0;5025,3,2,4,0;5061,1,1,-1,0;5097,2,2,5,0;5133,0,1,-1,0;5169,1,2,6,0;5206,0,1,-1,0;5242,2,2,7,0;5278,3,1,-1,0;5314,1,2,8,0;5350,3,1,-1,0;5386,2,2,9,0;5422,0,2,10,0;5459,1,2,11,0;5495,3,2,12,0;5531,1,2,13,0;5567,0,2,14,0;5603,2,2,15,0;5639,1,2,16,0;5675,3,2,17,0;5712,1,2,18,0;5748,0,2,19,0;5784,1,1,-1,0;5820,3,1,-1,0;5844,3,1,-1,2;5868,3,1,-1,2;5892,0,1,-1,0;5928,0,1,-1,1;5928,3,1,-1,1;5965,2,1,-1,0;6001,0,1,-1,0;6025,1,1,-1,2;6073,2,1,-1,0;6109,3,1,-1,0;6181,1,1,-1,0;6254,2,1,-1,0;6290,0,1,-1,0;6362,3,1,-1,0;6398,1,1,-1,0;6471,2,1,-1,0;6543,0,1,-1,0;6615,0,1,-1,0;6687,3,1,-1,0;6760,3,1,-1,0;6832,2,1,-1,0;6904,2,1,-1,0;6977,1,1,-1,0;7049,1,1,-1,0;7121,0,1,-1,0;7145,3,1,-1,2;7169,0,1,-1,2;7193,1,1,-1,0;7266,3,1,-1,0;7290,0,1,-1,2;7302,3,1,-1,0;7338,2,1,-1,0;7410,0,1,-1,0;7434,3,1,-1,2;7446,0,1,-1,0;7483,1,1,-1,0;7555,2,1,-1,0;7579,1,1,-1,2;7591,2,1,-1,0;7627,0,1,-1,0;7651,0,1,-1,2;7675,0,1,-1,2;7699,3,1,-1,0;7724,3,1,-1,2;7748,3,1,-1,2;7772,0,1,-1,0;7844,2,1,-1,0;7868,1,1,-1,2;7880,2,1,-1,0;7916,3,1,-1,0;7989,1,1,-1,0;8013,2,1,-1,2;8025,1,1,-1,0;8061,0,1,-1,0;8133,3,1,-1,0;8157,0,1,-1,2;8169,3,1,-1,0;8218,2,1,-1,2;8242,2,1,-1,0;8290,1,1,-1,2;8314,1,1,-1,0;8350,0,2,20,0;8386,2,1,-1,0;8422,3,2,21,0;8459,2,1,-1,0;8495,0,2,22,0;8531,1,1,-1,0;8567,3,2,23,0;8603,1,1,-1,0;8639,2,2,24,0;8675,0,1,-1,0;8712,1,2,25,0;8748,0,1,-1,0;8784,2,2,26,0;8820,3,1,-1,0;8856,1,2,27,0;8892,3,2,28,0;8965,0,1,-1,1;8965,3,1,-1,1;8989,0,2,29,3;8989,3,2,30,3","h":"1,0,4808,4844;2,3,4880,4916;3,0,4953,4989;4,3,5025,5061;5,2,5097,5133;6,1,5169,5206;7,2,5242,5278;8,1,5314,5350;9,2,5386,5422;10,0,5422,5459;11,1,5459,5495;12,3,5495,5531;13,1,5531,5567;14,0,5567,5603;15,2,5603,5639;16,1,5639,5675;17,3,5675,5712;18,1,5712,5748;19,0,5748,5784;20,0,8350,8386;21,3,8422,8459;22,0,8495,8531;23,3,8567,8603;24,2,8639,8675;25,1,8712,8748;26,2,8784,8820;27,1,8856,8928;28,3,8892,8928;29,0,8989,9181;30,3,8989,9181"}