{"v":1,"fmt":"sldr-chart-v1","id":"sweet-sweet-magic","d":"Easy","m":5,"du":91.67,"tr":139,"ch":49,"mx":2,"of":0,"sr":[0.341806,0.5,0.352518,0.021277,0.0],"n":"400,0,1,-1,0;467,0,1,-1,0;533,3,1,-1,0;600,3,1,-1,0;667,0,1,-1,0;733,3,1,-1,0;800,0,1,-1,0;867,3,1,-1,0;933,2,1,-1,0;1000,2,1,-1,0;1067,1,1,-1,0;1133,1,1,-1,0;1200,0,2,1,1;1200,3,2,2,1;1367,0,1,-1,1;1367,3,1,-1,1;1400,0,1,-1,1;1400,3,1,-1,1;1467,2,1,-1,0;1533,0,1,-1,0;1600,3,1,-1,0;1667,2,1,-1,0;1733,1,1,-1,0;1800,0,1,-1,0;1900,3,1,-1,0;1933,3,1,-1,0;2000,1,1,-1,0;2067,3,1,-1,0;2133,0,1,-1,0;2200,1,1,-1,0;2267,2,1,-1,0;2333,3,1,-1,0;2433,0,1,-1,0;2467,0,1,-1,0;2500,0,1,-1,0;2533,3,1,-1,0;2600,3,1,-1,0;2667,0,1,-1,0;2733,0,1,-1,0;2800,2,1,-1,0;2867,2,1,-1,0;2967,1,1,-1,0;3000,1,1,-1,0;3067,2,1,-1,0;3133,1,1,-1,0;3200,2,1,-1,0;3267,1,1,-1,0;3300,1,1,-1,0;3333,3,1,-1,0;3400,0,1,-1,0;3500,0,1,-1,1;3500,3,1,-1,1;3533,0,1,-1,1;3533,3,1,-1,1;3600,1,1,-1,0;3667,0,1,-1,1;3667,3,1,-1,1;3733,1,1,-1,0;3800,0,1,-1,1;3800,3,1,-1,1;3867,1,1,-1,0;3933,0,1,-1,1;3933,3,1,-1,1;4000,1,1,-1,0;4033,1,1,-1,0;4067,0,1,-1,1;4067,3,1,-1,1;4133,1,1,-1,0;4200,0,1,-1,1;4200,3,1,-1,1;4267,2,1,-1,0;4333,0,1,-1,1;4333,3,1,-1,1;4400,1,1,-1,0;4467,0,1,-1,1;4467,3,1,-1,1;4533,2,1,-1,0;4567,2,1,-1,0;4600,0,1,-1,1;4600,3,1,-1,1;4667,0,1,-1,0;4733,0,1,-1,0;4833,0,1,-1,0;4867,0,1,-1,0;4933,3,1,-1,0;5000,3,1,-1,0;5100,3,1,-1,0;5133,3,1,-1,0;5167,3,1,-1,0;5200,2,1,-1,0;5267,2,1,-1,0;5367,2,1,-1,0;5400,2,1,-1,0;5467,1,1,-1,0;5533,1,1,-1,0;5633,1,1,-1,0;5667,1,1,-1,0;5700,1,1,-1,0;5733,3,1,-1,0;5800,0,1,-1,1;5800,1,1,-1,1;5867,0,1,-1,0;5933,1,1,-1,1;5933,3,1,-1,1;6000,2,1,-1,0;6067,0,1,-1,1;6067,3,1,-1,1;6167,1,1,-1,1;6167,2,1,-1,1;6200,1,1,-1,1;6200,2,1,-1,1;6267,3,1,-1,0;6333,0,1,-1,1;6333,2,1,-1,1;6400,0,1,-1,0;6467,2,1,-1,1;6467,3,1,-1,1;6533,2,1,-1,0;6600,0,1,-1,1;6600,3,1,-1,1;6667,0,1,-1,1;6667,3,1,-1,1;6700,0,1,-1,1;6700,3,1,-1,1;6733,0,1,-1,1;6733,3,1,-1,1;6767,0,1,-1,1;6767,3,1,-1,1;6800,2,1,-1,0;6867,0,1,-1,1;6867,3,1,-1,1;6933,2,1,-1,0;7000,0,1,-1,1;7000,3,1,-1,1;7033,0,1,-1,1;7033,3,1,-1,1;7067,2,1,-1,0;7133,0,1,-1,1;7133,3,1,-1,1;7233,0,1,-1,1;7233,3,1,-1,1;7267,0,1,-1,1;7267,3,1,-1,1;7333,2,1,-1,0;7400,0,1,-1,1;7400,1,1,-1,1;7467,2,1,-1,0;7533,1,1,-1,1;7533,3,1,-1,1;7600,0,1,-1,1;7600,1,1,-1,1;7667,1,1,-1,1;7667,3,1,-1,1;7767,0,1,-1,1;7767,3,1,-1,1;7800,0,1,-1,1;7800,3,1,-1,1;7867,1,1,-1,1;7867,2,1,-1,1;7933,0,1,-1,1;7933,3,1,-1,1;8000,1,1,-1,1;8000,2,1,-1,1;8067,0,1,-1,1;8067,3,1,-1,1;8133,1,1,-1,1;8133,2,1,-1,1;8200,0,1,-1,1;8200,3,1,-1,1;8267,2,1,-1,0;8300,2,1,-1,0;8333,0,1,-1,1;8333,3,1,-1,1;8400,2,1,-1,0;8467,0,1,-1,1;8467,1,1,-1,1;8533,2,1,-1,0;8600,1,1,-1,1;8600,3,1,-1,1;8667,2,1,-1,0;8733,0,1,-1,1;8733,3,1,-1,1;8800,2,1,-1,0;8833,2,1,-1,0;8867,0,1,-1,1;8867,3,1,-1,1;8933,0,2,3,1;8933,3,2,4,1","h":"1,0,1200,1300;2,3,1200,1300;3,0,8933,9033;4,3,8933,9033"}