{"v":1,"fmt":"sldr-chart-v1","id":"sweet-sweet-magic","d":"Hard","m":13,"du":90.33,"tr":372,"ch":29,"mx":2,"of":184,"sr":[0.73988,0.5,0.077957,0.092269,0.458853],"n":"400,2,1,-1,0;433,2,2,1,0;467,3,1,-1,0;492,3,1,-1,2;517,3,1,-1,2;550,1,1,-1,2;567,1,2,2,0;600,0,1,-1,0;625,0,1,-1,2;650,0,1,-1,2;683,3,1,-1,2;700,0,2,3,0;733,1,1,-1,0;758,1,1,-1,2;783,1,1,-1,2;817,2,1,-1,2;833,1,1,-1,0;867,3,1,-1,0;875,0,1,-1,2;892,3,1,-1,2;900,0,1,-1,0;917,3,1,-1,2;950,2,1,-1,2;967,2,2,4,0;1000,3,1,-1,0;1025,3,1,-1,2;1050,3,1,-1,2;1083,1,1,-1,2;1100,1,2,5,0;1133,0,1,-1,0;1158,0,1,-1,2;1183,0,1,-1,2;1200,0,2,6,1;1200,1,2,7,1;1317,3,2,8,2;1350,0,1,-1,2;1367,1,1,-1,0;1383,2,2,9,2;1417,3,2,10,2;1467,0,1,-1,0;1483,1,1,-1,2;1500,2,1,-1,0;1517,3,1,-1,2;1533,1,2,11,0;1583,2,2,12,2;1617,0,1,-1,2;1633,1,1,-1,0;1650,2,1,-1,2;1667,3,1,-1,0;1700,3,1,-1,0;1733,2,1,-1,0;1750,1,1,-1,2;1767,0,1,-1,0;1783,2,1,-1,2;1800,1,1,-1,0;1833,3,1,-1,0;1850,0,2,13,2;1883,3,1,-1,2;1900,1,1,-1,0;1933,3,1,-1,0;1942,0,1,-1,2;1958,3,1,-1,2;1967,0,1,-1,0;1983,3,1,-1,2;2000,2,1,-1,0;2017,3,1,-1,2;2033,1,1,-1,0;2050,3,1,-1,2;2067,0,2,14,0;2117,2,1,-1,2;2150,1,1,-1,2;2167,3,1,-1,0;2183,0,1,-1,2;2200,0,1,-1,1;2200,1,1,-1,1;2233,1,1,-1,1;2233,3,1,-1,1;2267,0,1,-1,0;2283,2,1,-1,2;2300,2,1,-1,0;2317,0,1,-1,2;2333,2,2,15,0;2383,1,1,-1,2;2417,3,1,-1,2;2433,1,1,-1,0;2450,2,1,-1,2;2483,0,1,-1,2;2500,1,1,-1,0;2517,0,1,-1,2;2533,3,1,-1,0;2550,2,1,-1,2;2567,1,1,-1,0;2583,0,1,-1,2;2600,2,2,16,0;2650,1,1,-1,2;2683,3,1,-1,2;2700,1,1,-1,0;2717,2,1,-1,2;2733,0,1,-1,0;2767,0,1,-1,0;2800,2,1,-1,0;2817,1,1,-1,2;2833,3,1,-1,0;2850,0,1,-1,2;2867,1,1,-1,0;2900,2,1,-1,0;2917,3,1,-1,2;2950,0,1,-1,2;2967,1,1,-1,0;3000,0,1,-1,0;3008,3,1,-1,2;3025,0,1,-1,2;3033,3,1,-1,0;3050,0,1,-1,2;3067,2,1,-1,0;3083,1,1,-1,2;3100,3,1,-1,0;3117,2,1,-1,2;3133,1,2,17,0;3183,0,1,-1,2;3217,1,1,-1,2;3233,0,1,-1,0;3250,2,1,-1,2;3267,1,1,-1,1;3267,3,1,-1,1;3300,0,1,-1,1;3300,2,1,-1,1;3333,0,1,-1,0;3350,3,1,-1,2;3367,3,1,-1,0;3383,0,1,-1,2;3400,3,1,-1,0;3450,2,1,-1,2;3483,3,1,-1,2;3500,1,1,-1,0;3517,2,1,-1,2;3550,0,1,-1,2;3567,0,1,-1,0;3600,3,1,-1,0;3617,2,1,-1,2;3633,3,2,18,0;3667,0,1,-1,0;3692,0,1,-1,2;3717,0,1,-1,2;3733,0,1,-1,0;3750,2,1,-1,2;3767,0,2,19,0;3800,3,1,-1,0;3825,3,1,-1,2;3850,3,1,-1,2;3867,3,1,-1,0;3883,1,1,-1,2;3900,2,1,-1,0;3933,0,1,-1,0;3958,2,1,-1,2;3983,1,1,-1,2;4000,2,1,-1,0;4017,2,1,-1,2;4033,2,1,-1,0;4067,0,1,-1,0;4075,3,1,-1,2;4092,0,1,-1,2;4100,3,1,-1,0;4117,0,1,-1,2;4133,3,1,-1,0;4150,3,1,-1,2;4167,3,1,-1,0;4200,0,1,-1,0;4225,0,1,-1,2;4250,0,1,-1,2;4267,2,1,-1,0;4283,2,1,-1,2;4300,2,1,-1,0;4333,1,1,-1,0;4358,1,1,-1,2;4383,1,1,-1,2;4400,2,1,-1,0;4417,0,1,-1,2;4433,1,1,-1,0;4467,2,1,-1,0;4492,3,1,-1,2;4517,1,1,-1,2;4533,3,1,-1,0;4542,0,1,-1,2;4567,0,1,-1,0;4575,1,1,-1,2;4600,1,1,-1,0;4608,2,1,-1,2;4633,2,1,-1,0;4642,3,1,-1,2;4667,2,1,-1,0;4683,3,1,-1,2;4700,1,1,-1,0;4717,2,1,-1,2;4733,0,2,20,0;4767,3,1,-1,0;4783,1,1,-1,2;4817,3,1,-1,2;4833,3,1,-1,0;4850,0,1,-1,2;4867,3,2,21,0;4933,2,1,-1,0;4950,1,1,-1,2;4967,0,1,-1,0;4983,3,1,-1,2;5000,1,1,-1,0;5033,2,1,-1,0;5050,0,1,-1,2;5100,3,1,-1,0;5133,0,1,-1,0;5142,1,1,-1,2;5158,1,1,-1,2;5167,0,1,-1,0;5183,3,1,-1,2;5200,1,1,-1,0;5217,3,1,-1,2;5233,0,1,-1,0;5250,2,1,-1,2;5267,1,2,22,0;5300,3,1,-1,0;5317,0,1,-1,2;5350,3,1,-1,2;5367,3,1,-1,0;5383,0,1,-1,2;5400,3,2,23,0;5467,1,1,-1,0;5483,3,1,-1,2;5500,2,1,-1,0;5517,1,1,-1,2;5533,0,2,24,0;5567,3,1,-1,0;5583,1,1,-1,2;5600,3,1,-1,0;5608,0,1,-1,2;5625,0,1,-1,2;5633,3,1,-1,0;5650,1,1,-1,2;5667,3,1,-1,0;5675,0,1,-1,2;5692,0,1,-1,2;5700,3,1,-1,0;5717,2,1,-1,2;5733,3,2,25,0;5767,1,1,-1,0;5800,0,1,-1,1;5800,1,2,26,1;5850,0,1,-1,2;5883,0,1,-1,2;5900,0,1,-1,1;5900,1,1,-1,1;5933,1,2,27,1;5933,3,2,28,1;6000,0,2,29,0;6033,1,1,-1,0;6067,0,1,-1,0;6083,2,1,-1,2;6100,0,1,-1,0;6117,1,1,-1,2;6133,2,2,30,0;6150,3,1,-1,2;6200,0,1,-1,0;6217,1,1,-1,2;6233,0,1,-1,0;6267,3,2,31,0;6300,1,1,-1,0;6333,0,1,-1,1;6333,1,2,32,1;6383,0,1,-1,2;6417,0,1,-1,2;6433,0,1,-1,1;6433,1,1,-1,1;6467,1,1,-1,1;6467,3,1,-1,1;6500,1,1,-1,0;6517,2,1,-1,2;6533,0,1,-1,0;6550,1,1,-1,2;6567,0,1,-1,0;6600,3,2,33,0;6633,1,1,-1,0;6667,2,1,-1,0;6683,0,1,-1,2;6700,2,1,-1,0;6717,0,1,-1,2;6733,3,1,-1,0;6750,1,1,-1,2;6767,3,1,-1,0;6800,2,1,-1,0;6817,0,1,-1,2;6833,1,1,-1,0;6850,2,1,-1,2;6867,2,1,-1,1;6867,3,1,-1,1;6917,2,1,-1,2;6950,3,1,-1,2;6967,1,1,-1,0;6983,2,1,-1,2;7000,0,1,-1,1;7000,2,1,-1,1;7033,1,1,-1,1;7033,3,1,-1,1;7067,2,1,-1,0;7083,0,1,-1,2;7100,1,1,-1,0;7117,2,1,-1,2;7133,3,1,-1,0;7167,0,1,-1,0;7183,1,1,-1,2;7217,2,1,-1,2;7233,3,1,-1,0;7267,3,1,-1,0;7275,0,1,-1,2;7292,0,1,-1,2;7300,3,1,-1,0;7317,0,1,-1,2;7333,2,1,-1,0;7350,1,1,-1,2;7367,3,1,-1,0;7383,0,1,-1,2;7400,0,2,34,1;7400,3,2,35,1;7450,2,1,-1,2;7483,0,1,-1,2;7500,3,1,-1,0;7517,0,1,-1,2;7533,1,1,-1,1;7533,3,1,-1,1;7567,0,1,-1,1;7567,2,1,-1,1;7600,1,1,-1,0;7617,3,1,-1,2;7633,3,1,-1,0;7650,1,1,-1,2;7667,3,1,-1,0;7717,2,1,-1,2;7733,3,1,-1,0;7750,1,1,-1,2;7767,3,1,-1,0;7800,0,1,-1,0;7808,1,1,-1,2;7825,1,1,-1,2;7833,0,1,-1,0;7850,3,1,-1,2;7867,2,1,-1,0;7883,0,1,-1,2;7900,2,1,-1,0;7917,1,1,-1,2;7933,1,1,-1,1;7933,3,1,-1,1;7983,0,1,-1,2;8017,1,1,-1,2;8033,2,1,-1,0;8050,3,1,-1,2;8067,0,1,-1,1;8067,1,1,-1,1;8100,2,1,-1,1;8100,3,1,-1,1;8133,2,1,-1,0;8150,1,1,-1,2;8167,1,1,-1,0;8183,2,1,-1,2;8200,1,1,-1,0;8233,3,1,-1,0;8250,0,1,-1,2;8283,3,1,-1,2;8300,0,1,-1,0;8333,2,1,-1,0;8350,2,1,-1,2;8367,2,1,-1,0;8383,2,1,-1,2;8400,0,1,-1,0;8417,1,1,-1,2;8433,2,1,-1,0;8450,3,1,-1,2;8467,0,1,-1,1;8467,3,1,-1,1;8500,2,1,-1,0;8550,1,1,-1,2;8567,2,1,-1,0;8583,3,1,-1,2;8600,0,1,-1,1;8600,1,1,-1,1;8633,2,1,-1,1;8633,3,1,-1,1;8667,0,1,-1,0;8683,3,1,-1,2;8700,3,1,-1,0;8717,0,1,-1,2;8733,3,1,-1,0;8783,0,1,-1,3;8783,1,1,-1,3;8817,2,1,-1,3;8817,3,1,-1,3;8833,2,1,-1,1;8833,3,1,-1,1;8850,0,1,-1,3;8850,1,1,-1,3;8883,1,1,-1,3;8883,3,1,-1,3;8917,0,2,36,3;8917,3,2,37,3","h":"1,2,433,517;2,1,567,650;3,0,700,783;4,2,967,1050;5,1,1100,1183;6,0,1200,1300;7,1,1200,1300;8,3,1317,1350;9,2,1383,1433;10,3,1417,1450;11,1,1533,1583;12,2,1583,1617;13,0,1850,1883;14,0,2067,2117;15,2,2333,2383;16,2,2600,2650;17,1,3133,3183;18,3,3633,3717;19,0,3767,3850;20,0,4733,4767;21,3,4867,4900;22,1,5267,5300;23,3,5400,5433;24,0,5533,5567;25,3,5733,5767;26,1,5800,5850;27,1,5933,5967;28,3,5933,5967;29,0,6000,6033;30,2,6133,6167;31,3,6267,6300;32,1,6333,6383;33,3,6600,6633;34,0,7400,7433;35,3,7400,7433;36,0,8917,9033;37,3,8917,9033"}