{"v":1,"fmt":"sldr-chart-v1","id":"sweet-sweet-magic","d":"Medium","m":9,"du":91.67,"tr":276,"ch":86,"mx":2,"of":71,"sr":[0.658158,0.5,0.311594,0.077348,0.196133],"n":"400,0,1,-1,0;433,1,1,-1,0;467,3,1,-1,0;500,1,1,-1,0;533,2,1,-1,0;567,2,1,-1,0;600,2,1,-1,0;633,0,1,-1,1;633,3,1,-1,1;667,0,1,-1,0;700,0,1,-1,0;733,0,1,-1,0;767,0,1,-1,1;767,3,1,-1,1;800,3,1,-1,0;833,3,1,-1,0;867,3,1,-1,0;900,0,1,-1,1;900,3,1,-1,1;933,2,1,-1,0;967,2,1,-1,0;1000,2,1,-1,0;1033,0,1,-1,1;1033,3,1,-1,1;1067,1,1,-1,0;1100,1,1,-1,0;1133,1,1,-1,0;1167,1,1,-1,1;1167,2,1,-1,1;1200,0,2,1,1;1200,3,2,2,1;1317,2,1,-1,2;1350,0,1,-1,2;1367,2,1,-1,0;1383,0,1,-1,2;1417,1,1,-1,3;1417,3,1,-1,3;1467,2,1,-1,0;1483,0,1,-1,2;1500,1,1,-1,0;1533,2,2,3,1;1533,3,2,4,1;1583,0,1,-1,2;1617,2,1,-1,2;1633,0,1,-1,0;1667,3,1,-1,0;1700,3,1,-1,0;1733,2,1,-1,0;1750,3,1,-1,2;1767,1,1,-1,0;1800,0,1,-1,1;1800,2,1,-1,1;1833,1,1,-1,1;1833,3,1,-1,1;1867,0,1,-1,1;1867,3,1,-1,1;1900,0,1,-1,1;1900,1,1,-1,1;1933,0,1,-1,1;1933,3,1,-1,1;1967,1,1,-1,1;1967,3,1,-1,1;2000,2,1,-1,0;2017,3,1,-1,2;2033,1,1,-1,0;2067,0,2,5,1;2067,2,2,6,1;2117,3,1,-1,2;2150,1,1,-1,2;2167,2,1,-1,0;2200,0,1,-1,0;2233,0,1,-1,0;2267,3,1,-1,0;2283,2,1,-1,2;2317,3,1,-1,2;2333,1,1,-1,0;2383,2,1,-1,2;2417,0,1,-1,2;2433,1,1,-1,0;2467,0,1,-1,0;2500,0,1,-1,1;2500,3,1,-1,1;2533,2,1,-1,0;2550,0,1,-1,2;2567,1,1,-1,0;2600,2,2,7,1;2600,3,2,8,1;2650,1,1,-1,2;2683,0,1,-1,2;2700,2,1,-1,0;2733,0,1,-1,0;2767,0,1,-1,1;2767,3,1,-1,1;2800,2,1,-1,0;2817,0,1,-1,2;2833,3,1,-1,0;2867,1,1,-1,0;2900,0,1,-1,1;2900,3,1,-1,1;2933,0,1,-1,1;2933,1,1,-1,1;2967,0,1,-1,1;2967,3,1,-1,1;3000,2,1,-1,1;3000,3,1,-1,1;3033,0,1,-1,1;3033,3,1,-1,1;3067,1,1,-1,0;3083,3,1,-1,2;3100,2,1,-1,0;3133,1,2,9,1;3133,2,2,10,1;3183,0,1,-1,2;3217,3,1,-1,2;3233,0,1,-1,0;3267,2,1,-1,0;3300,0,1,-1,1;3300,1,1,-1,1;3333,2,1,-1,0;3350,3,1,-1,2;3383,2,1,-1,2;3400,1,1,-1,0;3450,2,1,-1,2;3483,3,1,-1,2;3500,0,1,-1,0;3517,3,1,-1,2;3550,2,1,-1,2;3567,1,1,-1,0;3600,3,1,-1,0;3633,3,1,-1,0;3667,0,1,-1,1;3667,3,1,-1,1;3700,0,1,-1,1;3700,3,1,-1,1;3733,0,1,-1,0;3767,0,1,-1,0;3800,0,1,-1,1;3800,3,1,-1,1;3833,0,1,-1,1;3833,3,1,-1,1;3867,2,1,-1,0;3900,2,1,-1,0;3933,0,1,-1,1;3933,2,1,-1,1;3967,0,1,-1,1;3967,2,1,-1,1;4000,1,1,-1,0;4033,1,1,-1,0;4067,1,1,-1,1;4067,3,1,-1,1;4100,1,1,-1,1;4100,3,1,-1,1;4133,3,1,-1,0;4150,0,1,-1,2;4167,3,1,-1,0;4200,1,1,-1,1;4200,3,1,-1,1;4233,1,1,-1,0;4267,0,1,-1,0;4283,3,1,-1,2;4300,0,1,-1,0;4333,0,1,-1,1;4333,2,1,-1,1;4367,0,1,-1,1;4367,2,1,-1,1;4400,2,1,-1,0;4417,1,1,-1,2;4433,2,1,-1,0;4467,1,1,-1,1;4467,2,1,-1,1;4500,1,1,-1,1;4500,2,1,-1,1;4533,0,1,-1,1;4533,2,1,-1,1;4567,0,1,-1,1;4567,3,1,-1,1;4600,1,1,-1,1;4600,3,1,-1,1;4633,0,1,-1,1;4633,3,1,-1,1;4667,0,1,-1,0;4683,1,1,-1,2;4700,0,1,-1,0;4733,0,1,-1,0;4767,2,1,-1,0;4783,1,1,-1,2;4833,0,1,-1,1;4833,3,1,-1,1;4867,0,2,11,1;4867,3,2,12,1;4933,3,1,-1,0;4950,1,1,-1,2;4967,3,1,-1,0;5000,3,1,-1,0;5033,2,1,-1,0;5050,1,1,-1,2;5100,0,1,-1,1;5100,3,1,-1,1;5133,0,1,-1,1;5133,3,1,-1,1;5167,0,1,-1,1;5167,3,1,-1,1;5200,2,1,-1,0;5217,0,1,-1,2;5233,3,1,-1,0;5267,3,1,-1,0;5300,3,1,-1,0;5317,1,1,-1,2;5367,0,1,-1,1;5367,3,1,-1,1;5400,0,2,13,1;5400,3,2,14,1;5467,2,1,-1,0;5483,3,1,-1,2;5500,0,1,-1,0;5533,0,1,-1,0;5567,0,1,-1,0;5600,0,1,-1,1;5600,3,1,-1,1;5633,1,1,-1,1;5633,2,1,-1,1;5667,0,1,-1,1;5667,3,1,-1,1;5700,1,1,-1,1;5700,2,1,-1,1;5733,0,2,15,0;5767,1,1,-1,0;5800,1,2,16,1;5800,3,1,-1,1;5850,3,1,-1,2;5900,1,1,-1,1;5900,3,1,-1,1;5933,0,2,17,1;5933,3,2,18,1;6000,2,1,-1,1;6000,3,2,19,1;6033,1,1,-1,0;6067,2,1,-1,0;6100,1,1,-1,0;6133,0,1,-1,0;6167,0,1,-1,1;6167,3,1,-1,1;6217,2,1,-1,2;6233,1,1,-1,0;6267,3,2,20,0;6300,1,1,-1,0;6333,0,1,-1,1;6333,1,2,21,1;6383,0,1,-1,2;6433,0,1,-1,1;6433,1,1,-1,1;6467,1,1,-1,1;6467,2,1,-1,1;6500,0,1,-1,1;6500,1,1,-1,1;6533,0,2,22,1;6533,2,1,-1,1;6567,1,1,-1,0;6600,2,1,-1,0;6633,1,1,-1,0;6667,0,1,-1,1;6667,1,1,-1,1;6700,0,1,-1,1;6700,3,1,-1,1;6733,1,1,-1,1;6733,3,1,-1,1;6767,0,1,-1,1;6767,3,1,-1,1;6800,2,1,-1,0;6817,0,1,-1,2;6833,1,1,-1,0;6867,1,1,-1,1;6867,3,2,23,1;6917,0,1,-1,2;6950,2,1,-1,2;6967,0,1,-1,0;7000,3,1,-1,0;7033,3,1,-1,0;7067,2,1,-1,0;7083,3,1,-1,2;7100,1,1,-1,0;7133,0,1,-1,0;7167,1,1,-1,1;7167,3,1,-1,1;7200,0,1,-1,1;7200,3,1,-1,1;7233,1,1,-1,1;7233,3,1,-1,1;7267,0,1,-1,1;7267,3,1,-1,1;7300,0,1,-1,1;7300,1,1,-1,1;7333,2,1,-1,0;7350,3,1,-1,2;7367,1,1,-1,0;7400,0,2,24,1;7400,2,1,-1,1;7450,3,1,-1,2;7483,1,1,-1,2;7500,2,1,-1,0;7533,0,1,-1,0;7567,0,1,-1,0;7600,3,1,-1,0;7617,2,1,-1,2;7633,3,1,-1,0;7650,1,1,-1,2;7667,2,2,25,0;7717,0,1,-1,2;7750,3,1,-1,2;7767,1,1,-1,0;7800,2,1,-1,0;7833,0,1,-1,1;7833,3,1,-1,1;7867,2,1,-1,0;7883,0,1,-1,2;7900,1,1,-1,0;7933,2,1,-1,1;7933,3,2,26,1;7983,0,1,-1,2;8017,3,1,-1,2;8033,1,1,-1,0;8067,2,1,-1,0;8100,0,1,-1,1;8100,3,1,-1,1;8133,2,1,-1,0;8150,3,1,-1,2;8167,1,1,-1,0;8183,2,1,-1,2;8200,0,1,-1,0;8233,0,1,-1,0;8267,0,1,-1,1;8267,3,1,-1,1;8300,1,1,-1,1;8300,2,1,-1,1;8333,0,1,-1,1;8333,3,1,-1,1;8367,1,1,-1,1;8367,2,1,-1,1;8400,0,1,-1,0;8417,3,1,-1,2;8433,0,1,-1,0;8467,1,1,-1,1;8467,2,1,-1,1;8517,2,1,-1,2;8550,1,1,-1,2;8567,3,1,-1,0;8600,0,1,-1,0;8633,2,1,-1,1;8633,3,1,-1,1;8667,1,1,-1,0;8683,0,1,-1,2;8717,3,1,-1,2;8733,2,1,-1,0;8783,0,1,-1,3;8783,3,1,-1,3;8817,0,1,-1,2;8833,1,1,-1,0;8850,0,1,-1,2;8883,1,1,-1,3;8883,3,1,-1,3;8917,0,2,27,3;8917,2,2,28,3","h":"1,0,1200,1283;2,3,1200,1283;3,2,1533,1567;4,3,1533,1567;5,0,2067,2100;6,2,2067,2100;7,2,2600,2633;8,3,2600,2633;9,1,3133,3167;10,2,3133,3167;11,0,4867,4900;12,3,4867,4900;13,0,5400,5433;14,3,5400,5433;15,0,5733,5767;16,1,5800,5850;17,0,5933,5967;18,3,5933,5967;19,3,6000,6100;20,3,6267,6300;21,1,6333,6383;22,0,6533,6633;23,3,6867,6900;24,0,7400,7433;25,2,7667,7700;26,3,7933,7967;27,0,8917,9033;28,2,8917,9033"}