{"v":1,"fmt":"sldr-chart-v1","id":"the-whistle-song-blow-my-whistle-bitch","d":"Hard","m":7,"du":88.73,"tr":308,"ch":55,"mx":2,"of":163,"sr":[0.681844,0.5,0.178571,0.00551,0.449036],"n":"516,0,1,-1,1;516,3,1,-1,1;559,2,1,-1,0;580,1,1,-1,2;602,3,1,-1,0;623,1,1,-1,2;709,3,1,-1,2;730,0,1,-1,0;752,2,1,-1,2;773,1,1,-1,1;773,3,1,-1,1;816,1,1,-1,1;816,3,1,-1,1;859,1,1,-1,1;859,2,1,-1,1;902,3,1,-1,0;923,0,1,-1,2;945,2,1,-1,0;966,1,1,-1,2;1052,3,1,-1,2;1073,2,1,-1,0;1095,0,1,-1,2;1116,1,1,-1,0;1137,2,1,-1,2;1159,0,1,-1,0;1202,2,1,-1,1;1202,3,1,-1,1;1245,1,1,-1,0;1266,0,1,-1,2;1287,3,1,-1,0;1309,1,1,-1,2;1373,1,1,-1,0;1395,3,1,-1,2;1416,2,1,-1,0;1437,0,1,-1,2;1459,2,1,-1,0;1480,3,1,-1,2;1502,1,1,-1,0;1523,0,1,-1,2;1545,1,1,-1,0;1630,0,1,-1,1;1630,3,1,-1,1;1673,0,1,-1,1;1673,2,1,-1,1;1695,1,1,-1,2;1716,3,1,-1,0;1737,0,1,-1,2;1780,1,1,-1,3;1780,2,1,-1,3;1823,3,1,-1,2;1845,2,1,-1,0;1866,3,1,-1,2;1887,0,1,-1,0;1909,1,1,-1,2;1930,3,1,-1,0;1973,1,1,-1,1;1973,2,1,-1,1;2016,0,1,-1,1;2016,3,1,-1,1;2037,2,1,-1,2;2059,1,1,-1,0;2080,3,1,-1,2;2123,2,1,-1,3;2123,3,1,-1,3;2166,0,1,-1,3;2166,1,1,-1,3;2187,3,1,-1,0;2209,1,1,-1,2;2230,2,1,-1,0;2252,0,1,-1,2;2273,1,1,-1,0;2316,0,1,-1,1;2316,3,1,-1,1;2359,1,1,-1,1;2359,2,1,-1,1;2380,3,1,-1,2;2402,0,1,-1,0;2423,1,1,-1,2;2466,0,1,-1,3;2466,2,1,-1,3;2509,1,1,-1,3;2509,3,1,-1,3;2530,0,1,-1,0;2552,1,1,-1,2;2573,2,1,-1,0;2595,3,1,-1,2;2616,1,1,-1,0;2659,1,1,-1,1;2659,2,1,-1,1;2702,0,1,-1,1;2702,3,1,-1,1;2723,2,1,-1,2;2745,1,1,-1,0;2766,2,1,-1,2;2809,0,1,-1,3;2809,3,1,-1,3;2852,1,1,-1,3;2852,2,1,-1,3;2873,0,1,-1,0;2895,1,1,-1,2;2916,0,1,-1,1;2916,3,1,-1,1;2959,0,1,-1,1;2959,3,1,-1,1;3002,2,1,-1,0;3023,0,1,-1,2;3045,3,1,-1,0;3066,1,1,-1,2;3087,2,1,-1,0;3109,0,1,-1,2;3130,3,1,-1,0;3152,1,1,-1,2;3173,3,1,-1,0;3205,1,1,-1,2;3216,2,1,-1,0;3237,2,1,-1,2;3259,2,1,-1,0;3291,0,1,-1,2;3302,1,1,-1,0;3323,1,1,-1,2;3345,1,1,-1,0;3377,2,1,-1,2;3387,3,1,-1,0;3409,3,1,-1,2;3430,0,1,-1,0;3452,1,1,-1,2;3473,2,1,-1,0;3495,3,1,-1,2;3516,0,1,-1,0;3548,3,1,-1,2;3559,2,1,-1,0;3580,2,1,-1,2;3602,2,1,-1,0;3634,1,1,-1,2;3645,0,1,-1,0;3666,0,1,-1,2;3687,0,1,-1,0;3720,3,1,-1,2;3730,1,1,-1,0;3752,1,1,-1,2;3773,3,1,-1,0;3795,2,1,-1,2;3816,1,1,-1,0;3837,0,1,-1,2;3859,3,1,-1,0;3891,0,1,-1,2;3902,1,1,-1,0;3923,1,1,-1,2;3945,0,1,-1,0;3977,3,1,-1,2;3987,1,1,-1,0;4009,1,1,-1,2;4030,2,1,-1,0;4062,0,1,-1,2;4073,3,1,-1,0;4095,0,1,-1,2;4116,2,1,-1,0;4137,1,1,-1,2;4159,2,1,-1,0;4180,1,1,-1,2;4202,3,1,-1,0;4234,0,1,-1,2;4245,2,1,-1,0;4266,2,1,-1,2;4287,0,1,-1,0;4320,3,1,-1,2;4330,2,1,-1,0;4352,2,1,-1,2;4373,1,1,-1,0;4405,0,1,-1,2;4416,3,1,-1,0;4437,0,1,-1,2;4459,3,1,-1,0;4480,0,1,-1,2;4502,2,1,-1,0;4523,1,1,-1,2;4545,3,1,-1,0;4566,2,1,-1,2;4587,1,1,-1,0;4609,0,1,-1,2;4630,2,1,-1,1;4630,3,1,-1,1;4673,0,1,-1,1;4673,1,1,-1,1;4716,1,1,-1,1;4716,3,1,-1,1;4759,0,1,-1,1;4759,2,1,-1,1;4802,0,1,-1,1;4802,3,1,-1,1;4845,1,1,-1,1;4845,2,1,-1,1;4887,0,1,-1,0;4909,1,1,-1,2;4930,2,1,-1,0;4952,3,1,-1,2;4973,0,1,-1,1;4973,1,1,-1,1;5016,2,1,-1,1;5016,3,1,-1,1;5059,0,1,-1,1;5059,2,1,-1,1;5102,1,1,-1,1;5102,3,1,-1,1;5145,1,1,-1,1;5145,2,1,-1,1;5187,0,1,-1,1;5187,3,1,-1,1;5230,0,1,-1,0;5252,2,1,-1,2;5273,1,1,-1,0;5295,3,1,-1,2;5316,0,1,-1,1;5316,2,1,-1,1;5359,1,1,-1,1;5359,3,1,-1,1;5402,2,1,-1,1;5402,3,1,-1,1;5445,0,1,-1,1;5445,1,1,-1,1;5487,1,1,-1,1;5487,2,1,-1,1;5530,1,1,-1,1;5530,2,1,-1,1;5573,3,1,-1,0;5595,1,1,-1,2;5616,2,1,-1,0;5637,0,1,-1,2;5659,1,1,-1,1;5659,3,1,-1,1;5702,0,1,-1,1;5702,2,1,-1,1;5745,0,1,-1,1;5745,1,1,-1,1;5787,2,1,-1,1;5787,3,1,-1,1;5830,0,1,-1,1;5830,3,1,-1,1;5873,0,1,-1,1;5873,3,1,-1,1;5916,3,1,-1,0;5937,0,1,-1,2;5959,1,1,-1,0;5980,2,1,-1,2;5991,1,1,-1,2;6023,0,1,-1,2;6045,3,1,-1,0;6066,1,1,-1,2;6077,3,1,-1,2;6109,1,1,-1,2;6130,2,1,-1,0;6152,0,1,-1,2;6162,2,1,-1,2;6195,1,1,-1,2;6216,3,1,-1,0;6237,0,1,-1,2;6248,1,1,-1,2;6280,2,1,-1,2;6302,3,1,-1,0;6323,0,1,-1,2;6334,1,1,-1,2;6366,2,1,-1,2;6387,3,1,-1,0;6409,1,1,-1,2;6420,0,1,-1,2;6452,1,1,-1,2;6473,3,1,-1,0;6495,2,1,-1,2;6505,1,1,-1,2;6537,0,1,-1,2;6559,3,1,-1,0;6580,1,1,-1,2;6591,2,1,-1,2;6623,0,1,-1,2;6645,1,1,-1,0;6666,2,1,-1,2;6677,3,1,-1,2;6709,1,1,-1,2;6730,2,1,-1,0;6752,0,1,-1,2;6762,3,1,-1,2;6795,1,1,-1,2;6816,2,1,-1,0;6837,0,1,-1,2;6848,1,1,-1,2;6880,2,1,-1,2;6902,3,1,-1,0;6923,0,1,-1,2;6934,3,1,-1,2;6966,2,1,-1,2;6987,1,1,-1,0;7009,0,1,-1,2;7020,1,1,-1,2;7052,0,1,-1,2;7073,2,1,-1,0;7095,1,1,-1,2;7105,3,1,-1,2;7137,1,1,-1,2;7180,1,1,-1,2;7223,1,1,-1,2;7266,1,1,-1,2;7287,3,1,-1,0;7309,0,1,-1,2;7330,1,1,-1,0;7352,2,1,-1,2;7373,1,1,-1,0;7416,0,1,-1,0;7437,3,1,-1,2;7459,1,1,-1,0;7480,2,1,-1,2;7523,0,1,-1,3;7523,3,1,-1,3;7566,2,1,-1,2;7587,0,1,-1,0;7609,1,1,-1,2;7630,2,1,-1,0;7652,3,1,-1,2;7673,1,1,-1,0;7716,2,1,-1,1;7716,3,1,-1,1;7759,0,1,-1,0;7780,1,1,-1,2;7802,2,1,-1,0;7823,3,1,-1,2;7866,0,1,-1,3;7866,2,1,-1,3;7909,3,1,-1,2;7930,1,1,-1,0;7952,2,1,-1,2;7973,0,1,-1,0;7995,2,1,-1,2;8016,1,1,-1,0;8059,1,1,-1,1;8059,3,1,-1,1;8102,2,1,-1,0;8123,0,1,-1,2;8145,3,1,-1,0;8166,1,1,-1,2;8209,0,1,-1,3;8209,1,1,-1,3;8252,2,1,-1,2;8273,3,1,-1,0;8295,2,1,-1,2;8316,1,1,-1,0;8337,0,1,-1,2;8359,1,1,-1,0;8402,1,1,-1,1;8402,2,1,-1,1;8445,3,1,-1,0;8466,2,1,-1,2;8487,0,1,-1,0;8509,2,1,-1,2;8552,3,1,-1,2;8573,0,1,-1,0;8595,1,1,-1,2;8616,2,1,-1,0;8637,1,1,-1,2;8659,1,1,-1,1;8659,3,1,-1,1;8702,0,1,-1,1;8702,1,1,-1,1;8745,0,2,1,1;8745,3,2,2,1","h":"1,0,8745,8873;2,3,8745,8873"}