{"v":1,"fmt":"sldr-chart-v1","id":"the-whistle-song-blow-my-whistle-bitch","d":"Medium","m":4,"du":88.73,"tr":199,"ch":36,"mx":2,"of":11,"sr":[0.441414,0.5,0.180905,0.025532,0.046809],"n":"516,2,1,-1,0;559,2,1,-1,0;602,2,1,-1,0;645,0,1,-1,1;645,3,1,-1,1;687,1,1,-1,0;730,0,1,-1,1;730,3,1,-1,1;773,1,1,-1,0;816,0,1,-1,1;816,3,1,-1,1;859,0,1,-1,0;902,2,1,-1,0;945,1,1,-1,0;987,3,1,-1,0;1030,1,1,-1,0;1073,2,1,-1,0;1116,0,1,-1,0;1159,1,1,-1,0;1202,2,1,-1,0;1245,3,1,-1,0;1287,0,1,-1,0;1330,1,1,-1,0;1373,2,1,-1,0;1416,1,1,-1,0;1459,0,1,-1,0;1502,2,1,-1,0;1545,0,1,-1,1;1545,3,1,-1,1;1630,3,1,-1,0;1673,0,1,-1,0;1716,2,1,-1,0;1759,1,1,-1,0;1802,0,1,-1,1;1802,3,1,-1,1;1845,1,1,-1,1;1845,2,1,-1,1;1887,3,1,-1,0;1930,0,1,-1,0;1973,2,1,-1,0;2016,0,1,-1,0;2059,2,1,-1,0;2102,3,1,-1,0;2145,1,1,-1,1;2145,2,1,-1,1;2187,0,1,-1,1;2187,3,1,-1,1;2230,2,1,-1,0;2273,0,1,-1,0;2316,2,1,-1,0;2359,0,1,-1,0;2402,1,1,-1,0;2445,3,1,-1,0;2487,1,1,-1,1;2487,2,1,-1,1;2530,0,1,-1,1;2530,3,1,-1,1;2573,0,1,-1,0;2616,3,1,-1,0;2659,1,1,-1,0;2702,0,1,-1,0;2745,2,1,-1,0;2787,3,1,-1,0;2830,0,1,-1,1;2830,3,1,-1,1;2873,1,1,-1,1;2873,2,1,-1,1;2916,0,1,-1,1;2916,3,1,-1,1;2959,1,1,-1,1;2959,2,1,-1,1;3002,0,2,1,1;3002,3,2,2,1;3173,2,1,-1,0;3216,1,1,-1,0;3259,2,1,-1,0;3302,1,1,-1,0;3345,3,1,-1,0;3387,2,1,-1,0;3430,1,1,-1,0;3473,0,1,-1,0;3516,3,1,-1,0;3559,0,1,-1,0;3602,3,1,-1,0;3645,0,1,-1,0;3687,1,1,-1,0;3730,3,1,-1,0;3773,2,1,-1,0;3816,0,1,-1,0;3859,2,1,-1,0;3902,1,1,-1,0;3945,2,1,-1,0;3987,1,1,-1,0;4030,3,1,-1,0;4073,0,1,-1,0;4116,2,1,-1,0;4159,3,1,-1,0;4202,2,1,-1,0;4245,0,1,-1,0;4287,1,1,-1,0;4330,3,1,-1,0;4373,1,1,-1,0;4416,0,1,-1,0;4459,1,1,-1,1;4459,2,1,-1,1;4502,0,1,-1,1;4502,3,1,-1,1;4545,1,1,-1,1;4545,2,1,-1,1;4587,1,1,-1,1;4587,2,1,-1,1;4630,3,1,-1,0;4673,0,1,-1,0;4716,1,1,-1,0;4759,2,1,-1,0;4802,0,1,-1,0;4845,3,1,-1,0;4887,1,1,-1,1;4887,2,1,-1,1;4930,1,1,-1,1;4930,2,1,-1,1;4973,3,1,-1,0;5016,2,1,-1,0;5059,0,1,-1,0;5102,1,1,-1,0;5145,3,1,-1,0;5187,2,1,-1,0;5230,1,1,-1,1;5230,2,1,-1,1;5273,1,1,-1,1;5273,2,1,-1,1;5316,0,1,-1,0;5359,3,1,-1,0;5402,1,1,-1,0;5445,2,1,-1,0;5487,0,1,-1,0;5530,3,1,-1,0;5573,1,1,-1,1;5573,2,1,-1,1;5616,1,1,-1,1;5616,2,1,-1,1;5659,0,1,-1,0;5702,2,1,-1,0;5745,3,1,-1,0;5787,1,1,-1,0;5830,0,1,-1,0;5873,2,1,-1,0;5916,0,1,-1,1;5916,3,1,-1,1;5959,1,1,-1,0;6002,2,1,-1,0;6045,1,1,-1,0;6087,3,1,-1,0;6130,1,1,-1,0;6173,0,1,-1,0;6216,1,1,-1,0;6259,1,1,-1,1;6259,2,1,-1,1;6302,1,1,-1,1;6302,2,1,-1,1;6345,3,1,-1,0;6387,0,1,-1,0;6430,1,1,-1,0;6473,2,1,-1,0;6495,3,1,-1,2;6516,2,1,-1,0;6537,1,1,-1,2;6559,0,1,-1,0;6602,1,1,-1,1;6602,2,1,-1,1;6645,1,1,-1,1;6645,2,1,-1,1;6687,0,1,-1,0;6730,0,1,-1,0;6773,3,1,-1,0;6816,2,1,-1,0;6859,2,1,-1,0;6880,1,1,-1,2;6902,3,1,-1,0;6945,1,1,-1,1;6945,2,1,-1,1;6987,1,1,-1,1;6987,2,1,-1,1;7030,3,1,-1,0;7073,2,1,-1,0;7116,1,1,-1,0;7159,0,1,-1,0;7180,3,1,-1,2;7202,2,1,-1,0;7223,1,1,-1,2;7245,0,1,-1,0;7287,0,2,3,1;7287,3,2,4,1;7373,3,1,-1,0;7416,3,1,-1,0;7459,0,1,-1,0;7502,0,1,-1,0;7545,3,1,-1,0;7587,0,1,-1,0;7630,3,1,-1,0;7652,0,1,-1,2;7673,1,1,-1,0;7716,2,1,-1,0;7759,2,1,-1,0;7802,1,1,-1,0;7845,1,1,-1,0;7887,2,1,-1,0;7930,1,1,-1,0;7952,0,1,-1,2;7973,3,1,-1,0;7995,1,1,-1,2;8016,2,1,-1,0;8059,2,1,-1,0;8102,0,1,-1,0;8145,1,1,-1,0;8187,3,1,-1,0;8230,0,1,-1,1;8230,3,1,-1,1;8273,1,1,-1,1;8273,2,1,-1,1;8316,0,1,-1,0;8337,1,1,-1,2;8359,3,1,-1,0;8402,2,1,-1,0;8445,3,1,-1,0;8487,1,1,-1,0;8530,0,1,-1,0;8573,2,1,-1,0;8616,3,1,-1,0;8637,2,1,-1,2;8659,0,1,-1,0;8680,2,1,-1,2;8702,3,1,-1,0;8745,0,2,5,1;8745,3,2,6,1","h":"1,0,3002,3130;2,3,3002,3130;3,0,7287,7330;4,3,7287,7330;5,0,8745,8873;6,3,8745,8873"}