{"v":1,"fmt":"sldr-chart-v1","id":"song","d":"Challenge","m":11,"du":109.33,"tr":317,"ch":2,"mx":2,"of":119,"sr":[0.486295,0.5,0.006309,0.021944,0.373041],"n":"811,0,1,-1,1;811,3,1,-1,1;1529,1,1,-1,0;1843,1,1,-1,2;1853,0,1,-1,0;1884,0,1,-1,2;1894,2,1,-1,0;1935,3,1,-1,0;1975,3,1,-1,0;2005,2,1,-1,2;2016,0,1,-1,0;2046,0,1,-1,2;2056,1,1,-1,0;2097,3,1,-1,0;2137,1,1,-1,0;2168,3,1,-1,2;2178,2,1,-1,0;2208,2,1,-1,2;2218,3,1,-1,0;2259,0,1,-1,0;2299,0,1,-1,0;2330,1,1,-1,2;2340,3,1,-1,0;2370,3,1,-1,2;2380,2,1,-1,0;2421,0,1,-1,0;2461,1,1,-1,0;2492,3,1,-1,2;2502,0,1,-1,0;2522,1,1,-1,2;2543,2,1,-1,0;2573,0,1,-1,2;2583,3,1,-1,0;2624,1,1,-1,0;2654,1,1,-1,2;2664,3,1,-1,0;2695,3,1,-1,2;2705,0,1,-1,0;2725,1,1,-1,2;2745,3,1,-1,0;2786,1,1,-1,0;2816,3,1,-1,2;2826,2,1,-1,0;2857,1,1,-1,2;2867,0,1,-1,0;2887,2,1,-1,2;2928,0,1,-1,2;2968,3,1,-1,2;3009,0,1,-1,2;3019,1,1,-1,2;3029,0,1,-1,0;3069,3,1,-1,0;3110,1,1,-1,0;3140,3,1,-1,2;3151,0,1,-1,0;3181,1,1,-1,2;3191,2,1,-1,0;3232,3,1,-1,0;3272,1,1,-1,0;3303,2,1,-1,2;3313,0,1,-1,0;3343,1,1,-1,2;3353,3,1,-1,0;3394,2,1,-1,0;3434,3,1,-1,0;3465,1,1,-1,2;3475,2,1,-1,0;3505,0,1,-1,2;3515,3,1,-1,0;3556,1,1,-1,0;3596,2,1,-1,0;3627,0,1,-1,2;3637,1,1,-1,0;3667,0,1,-1,2;3677,3,1,-1,0;3718,1,1,-1,0;3748,2,1,-1,2;3759,3,1,-1,0;3789,1,1,-1,2;3799,2,1,-1,0;3819,0,1,-1,2;3840,3,1,-1,0;3911,1,1,-1,2;3921,3,1,-1,0;3961,0,1,-1,0;4022,0,1,-1,2;4063,3,1,-1,2;4103,2,1,-1,2;4123,1,1,-1,0;4144,2,1,-1,2;4164,3,1,-1,0;4204,1,1,-1,0;4235,3,1,-1,2;4245,2,1,-1,0;4285,1,1,-1,0;4316,0,1,-1,2;4326,3,1,-1,0;4367,2,1,-1,0;4387,1,1,-1,2;4407,0,1,-1,0;4427,2,1,-1,2;4448,1,1,-1,0;4468,2,1,-1,2;4488,0,2,1,0;4569,3,1,-1,0;4610,1,1,-1,0;4640,3,1,-1,2;4650,2,2,2,0;4731,3,1,-1,0;4772,1,1,-1,0;4802,0,1,-1,2;4812,3,2,3,0;4893,1,1,-1,0;4934,2,1,-1,0;4964,0,1,-1,2;4975,1,2,4,0;5056,2,1,-1,0;5096,1,1,-1,0;5127,2,1,-1,2;5137,3,1,-1,0;5177,0,1,-1,0;5218,1,1,-1,0;5258,2,1,-1,0;5289,0,1,-1,2;5299,1,1,-1,0;5339,3,1,-1,0;5380,1,1,-1,0;5420,3,1,-1,0;5451,1,1,-1,2;5461,2,1,-1,0;5501,0,2,5,0;5542,1,1,-1,0;5583,3,1,-1,0;5623,1,1,-1,0;5664,3,1,-1,0;5724,1,1,-1,2;5745,2,1,-1,0;5765,1,1,-1,2;5785,3,1,-1,0;5826,1,1,-1,0;5866,2,1,-1,0;5907,0,1,-1,0;5947,1,1,-1,0;5988,3,1,-1,0;6008,1,1,-1,2;6028,3,1,-1,0;6069,0,1,-1,0;6109,0,1,-1,0;6150,1,1,-1,0;6191,2,1,-1,0;6231,3,1,-1,0;6272,1,1,-1,0;6312,0,1,-1,0;6332,1,1,-1,2;6353,0,1,-1,0;6393,3,1,-1,0;6424,1,1,-1,2;6434,2,1,-1,0;6474,0,1,-1,0;6515,3,1,-1,0;6555,0,1,-1,0;6576,1,1,-1,2;6596,2,1,-1,0;6636,3,1,-1,0;6677,0,1,-1,0;6717,3,1,-1,0;6748,1,1,-1,2;6758,2,1,-1,0;6799,3,1,-1,0;6839,0,1,-1,0;6880,3,1,-1,0;6900,2,1,-1,2;6920,1,1,-1,0;6961,0,1,-1,0;7001,3,1,-1,0;7042,0,1,-1,0;7072,3,1,-1,2;7082,1,1,-1,0;7123,2,1,-1,0;7163,0,1,-1,0;7204,2,1,-1,0;7224,1,1,-1,2;7244,3,1,-1,0;7285,1,1,-1,0;7325,0,1,-1,0;7346,1,1,-1,2;7366,2,1,-1,0;7386,0,1,-1,2;7407,1,1,-1,0;7427,2,1,-1,2;7447,3,1,-1,0;7467,1,1,-1,2;7488,3,1,-1,0;7508,2,1,-1,2;7528,1,1,-1,0;7538,0,1,-1,2;7548,1,1,-1,2;7680,3,1,-1,2;7690,1,1,-1,0;7721,1,1,-1,2;7731,2,1,-1,0;7771,0,1,-1,0;7812,3,1,-1,0;7842,2,1,-1,2;7852,1,1,-1,0;7883,1,1,-1,2;7893,3,1,-1,0;7933,2,1,-1,0;7974,1,1,-1,0;8004,1,1,-1,2;8015,3,1,-1,0;8045,3,1,-1,2;8055,0,1,-1,0;8096,1,1,-1,0;8136,2,1,-1,0;8167,0,1,-1,2;8177,1,1,-1,0;8207,1,1,-1,2;8217,2,1,-1,0;8258,3,1,-1,0;8298,1,1,-1,0;8329,2,1,-1,2;8339,0,1,-1,0;8359,3,1,-1,2;8369,0,1,-1,2;8379,3,1,-1,0;8410,1,1,-1,2;8420,2,1,-1,0;8460,0,1,-1,0;8491,1,1,-1,2;8501,2,1,-1,0;8531,2,1,-1,2;8541,3,1,-1,0;8562,0,1,-1,2;8582,1,1,-1,0;8623,2,1,-1,0;8653,3,1,-1,2;8663,1,1,-1,0;8693,2,1,-1,2;8704,0,1,-1,0;8724,1,1,-1,2;8764,2,1,-1,2;8805,3,1,-1,2;8825,1,1,-1,0;8845,2,1,-1,2;8856,0,1,-1,2;8866,2,1,-1,0;8906,0,1,-1,0;8947,1,1,-1,0;8977,2,1,-1,2;8987,3,1,-1,0;9018,1,1,-1,2;9028,3,1,-1,0;9068,2,1,-1,0;9109,0,1,-1,0;9139,1,1,-1,2;9149,2,1,-1,0;9180,3,1,-1,2;9190,0,1,-1,0;9231,1,1,-1,0;9261,3,1,-1,2;9271,2,1,-1,0;9301,1,1,-1,2;9312,2,1,-1,0;9342,3,1,-1,2;9352,0,1,-1,0;9393,2,1,-1,0;9423,3,1,-1,2;9433,1,1,-1,0;9464,2,1,-1,2;9474,0,1,-1,0;9504,1,1,-1,2;9514,2,1,-1,0;9555,3,1,-1,0;9585,2,1,-1,2;9595,1,1,-1,0;9636,0,1,-1,0;9656,3,1,-1,2;9666,1,1,-1,2;9676,3,1,-1,0;9717,0,1,-1,0;9737,1,1,-1,2;9757,2,1,-1,0;9798,3,1,-1,0;9859,1,1,-1,2;9899,0,1,-1,2;9940,2,1,-1,2;9960,3,1,-1,0;9980,1,1,-1,2;10001,3,1,-1,0;10021,0,1,-1,2;10031,2,1,-1,2;10041,0,1,-1,0;10061,1,1,-1,2;10082,0,1,-1,1;10082,2,1,-1,1;10122,3,1,-1,0;10153,1,1,-1,2;10163,2,1,-1,0;10183,0,1,-1,2;10193,1,1,-1,2;10203,0,1,-1,0;10224,1,1,-1,2;10244,2,1,-1,0;10284,3,1,-1,0;10315,0,1,-1,2;10325,2,1,-1,0;10345,1,1,-1,2;10355,3,1,-1,2;10365,1,1,-1,0;10386,2,1,-1,2;10406,0,1,-1,0;10447,1,1,-1,0;10477,2,1,-1,2;10487,3,1,-1,0;10528,1,1,-1,0;10548,0,1,-1,2;10558,3,2,6,2;10568,0,2,7,0","h":"1,0,4488,4569;2,2,4650,4731;3,3,4812,4893;4,1,4975,5056;5,0,5501,5664;7,0,10568,10690;6,3,10558,10690"}