{"v":1,"fmt":"sldr-chart-v1","id":"song","d":"Hard","m":12,"du":109.33,"tr":371,"ch":6,"mx":2,"of":158,"sr":[0.574713,0.5,0.016173,0.018568,0.419098],"n":"811,0,1,-1,1;811,3,1,-1,1;892,1,1,-1,0;973,2,1,-1,0;1054,0,1,-1,0;1139,3,1,-1,0;1223,1,1,-1,0;1307,2,1,-1,0;1353,0,1,-1,0;1402,1,1,-1,0;1457,2,1,-1,0;1529,3,1,-1,0;1647,0,1,-1,0;1732,1,1,-1,0;1772,3,1,-1,0;1813,2,1,-1,0;1843,1,1,-1,2;1853,0,1,-1,0;1884,0,1,-1,2;1894,2,1,-1,0;1935,3,1,-1,0;1975,0,1,-1,1;1975,3,1,-1,1;2005,2,1,-1,2;2016,0,1,-1,0;2046,1,1,-1,2;2056,0,1,-1,0;2097,3,1,-1,0;2137,1,1,-1,0;2168,3,1,-1,2;2178,2,1,-1,0;2208,2,1,-1,2;2218,3,1,-1,0;2259,0,1,-1,0;2299,0,1,-1,1;2299,3,1,-1,1;2330,1,1,-1,2;2340,3,1,-1,0;2370,2,1,-1,2;2380,3,1,-1,0;2421,0,1,-1,0;2461,1,1,-1,0;2492,3,1,-1,2;2502,0,1,-1,0;2522,1,1,-1,2;2543,2,1,-1,0;2573,0,1,-1,2;2583,3,1,-1,0;2624,1,1,-1,1;2624,2,1,-1,1;2654,1,1,-1,2;2664,3,1,-1,0;2695,2,1,-1,2;2705,1,1,-1,0;2725,0,1,-1,2;2745,3,1,-1,0;2786,1,1,-1,1;2786,2,1,-1,1;2816,3,1,-1,2;2826,2,1,-1,0;2857,0,1,-1,2;2867,1,1,-1,0;2887,2,1,-1,2;2928,0,1,-1,2;2968,3,1,-1,2;3009,0,1,-1,2;3019,1,1,-1,2;3029,0,1,-1,0;3069,3,1,-1,0;3110,1,1,-1,0;3140,3,1,-1,2;3151,0,1,-1,0;3181,1,1,-1,2;3191,2,1,-1,0;3232,3,1,-1,0;3272,1,1,-1,1;3272,3,1,-1,1;3303,0,1,-1,2;3313,2,1,-1,0;3343,3,1,-1,2;3353,1,1,-1,0;3394,2,1,-1,0;3434,3,1,-1,0;3465,1,1,-1,2;3475,2,1,-1,0;3505,0,1,-1,2;3515,3,1,-1,0;3556,1,1,-1,0;3586,3,1,-1,2;3596,0,1,-1,0;3627,0,1,-1,2;3637,1,1,-1,0;3667,3,1,-1,2;3677,0,1,-1,0;3718,1,1,-1,0;3748,2,1,-1,2;3759,3,1,-1,0;3789,1,1,-1,2;3799,2,1,-1,0;3819,0,1,-1,2;3840,3,1,-1,0;3900,0,1,-1,2;3911,1,1,-1,2;3921,0,1,-1,0;3961,3,1,-1,0;4022,0,1,-1,2;4063,3,1,-1,2;4103,2,1,-1,2;4123,1,1,-1,0;4144,2,1,-1,2;4164,3,1,-1,0;4204,1,1,-1,0;4235,3,1,-1,2;4245,2,1,-1,0;4285,1,1,-1,0;4316,0,1,-1,2;4326,3,1,-1,0;4346,1,1,-1,2;4367,0,1,-1,0;4387,1,1,-1,2;4407,3,1,-1,0;4427,2,1,-1,2;4448,0,1,-1,0;4468,2,1,-1,2;4488,3,2,1,0;4569,0,1,-1,0;4610,1,1,-1,0;4640,3,1,-1,2;4650,2,2,2,0;4731,3,1,-1,0;4772,1,1,-1,0;4802,3,1,-1,2;4812,2,2,3,0;4893,0,1,-1,0;4934,3,1,-1,0;4964,1,1,-1,2;4975,0,2,4,0;5056,3,1,-1,0;5096,1,1,-1,0;5127,3,1,-1,2;5137,2,1,-1,0;5177,0,1,-1,0;5218,1,1,-1,0;5258,2,1,-1,0;5289,0,1,-1,2;5299,1,1,-1,0;5339,3,1,-1,0;5380,1,1,-1,0;5420,3,1,-1,0;5451,1,1,-1,2;5461,2,1,-1,0;5501,0,2,5,0;5542,2,1,-1,0;5583,3,1,-1,0;5623,1,1,-1,0;5664,3,1,-1,0;5724,1,1,-1,2;5745,2,1,-1,0;5765,1,1,-1,2;5785,3,1,-1,0;5826,1,1,-1,0;5846,2,1,-1,2;5856,0,1,-1,2;5866,2,1,-1,0;5907,0,1,-1,0;5947,1,1,-1,0;5988,3,1,-1,0;6008,1,1,-1,2;6028,3,1,-1,0;6069,0,1,-1,0;6109,0,1,-1,0;6150,1,1,-1,0;6170,2,1,-1,2;6180,3,1,-1,2;6191,2,1,-1,0;6231,3,1,-1,0;6272,1,1,-1,0;6312,0,1,-1,0;6332,1,1,-1,2;6353,0,1,-1,0;6393,3,1,-1,0;6424,1,1,-1,2;6434,2,1,-1,0;6454,0,1,-1,2;6474,1,1,-1,0;6495,2,1,-1,2;6515,3,1,-1,0;6535,1,1,-1,2;6555,2,1,-1,0;6576,0,1,-1,2;6596,1,1,-1,0;6616,2,1,-1,2;6636,3,1,-1,0;6657,0,1,-1,2;6677,2,1,-1,0;6697,1,1,-1,2;6717,3,1,-1,0;6748,1,1,-1,2;6758,2,1,-1,0;6778,0,1,-1,2;6799,3,1,-1,0;6819,2,1,-1,2;6839,1,1,-1,0;6859,0,1,-1,2;6880,2,1,-1,0;6900,1,1,-1,2;6920,3,1,-1,0;6940,0,1,-1,2;6961,1,1,-1,0;6981,2,1,-1,2;7001,3,1,-1,0;7021,0,1,-1,2;7042,1,1,-1,0;7072,2,1,-1,2;7082,1,1,-1,0;7103,0,1,-1,2;7123,2,1,-1,0;7143,1,1,-1,2;7163,3,1,-1,0;7184,0,1,-1,2;7204,1,1,-1,0;7224,2,1,-1,2;7244,3,1,-1,0;7265,1,1,-1,2;7285,2,1,-1,0;7305,0,1,-1,2;7325,3,1,-1,0;7346,2,1,-1,2;7366,1,1,-1,0;7386,0,1,-1,2;7407,2,1,-1,0;7427,1,1,-1,2;7447,3,1,-1,0;7467,0,1,-1,2;7488,1,1,-1,0;7508,2,1,-1,2;7528,3,1,-1,0;7538,1,1,-1,2;7548,3,1,-1,2;7680,1,1,-1,2;7690,2,1,-1,0;7721,0,1,-1,2;7731,3,1,-1,0;7751,1,1,-1,2;7771,2,1,-1,0;7792,0,1,-1,2;7812,1,1,-1,0;7842,3,1,-1,2;7852,0,1,-1,0;7883,1,1,-1,2;7893,2,1,-1,0;7913,0,1,-1,2;7933,1,1,-1,0;7954,2,1,-1,2;7974,3,1,-1,0;8004,0,1,-1,2;8015,2,1,-1,0;8045,1,1,-1,2;8055,3,1,-1,0;8075,0,1,-1,2;8096,2,1,-1,0;8116,1,1,-1,2;8136,3,1,-1,0;8167,2,1,-1,2;8177,3,1,-1,0;8207,1,1,-1,2;8217,0,1,-1,0;8237,2,1,-1,2;8258,3,1,-1,0;8278,2,1,-1,2;8298,0,1,-1,0;8308,1,1,-1,2;8329,1,1,-1,2;8339,2,1,-1,0;8369,3,1,-1,2;8379,1,1,-1,0;8410,2,1,-1,2;8420,0,1,-1,0;8440,1,1,-1,2;8460,1,1,-1,0;8491,2,1,-1,2;8501,3,1,-1,0;8521,1,1,-1,2;8541,2,1,-1,0;8562,0,1,-1,2;8582,1,1,-1,0;8623,2,1,-1,0;8653,3,1,-1,2;8663,0,1,-1,0;8693,1,1,-1,2;8704,2,1,-1,0;8724,3,1,-1,2;8744,1,1,-1,0;8764,2,1,-1,2;8785,0,1,-1,0;8805,3,1,-1,2;8825,1,1,-1,0;8856,2,1,-1,2;8866,3,1,-1,0;8906,1,1,-1,0;8977,0,1,-1,2;8987,2,1,-1,0;9018,3,1,-1,2;9028,2,1,-1,0;9048,1,1,-1,2;9068,1,1,-1,0;9109,3,1,-1,0;9139,1,1,-1,2;9149,0,1,-1,0;9180,1,1,-1,2;9190,3,1,-1,0;9210,2,1,-1,2;9231,1,1,-1,0;9261,1,1,-1,2;9271,2,1,-1,0;9301,0,1,-1,2;9312,1,1,-1,0;9342,3,1,-1,2;9352,1,1,-1,0;9372,1,1,-1,2;9393,2,1,-1,0;9423,0,1,-1,2;9433,3,1,-1,0;9464,2,1,-1,2;9474,0,1,-1,0;9504,1,1,-1,2;9514,3,1,-1,0;9535,0,1,-1,2;9555,3,1,-1,0;9585,1,1,-1,2;9595,2,1,-1,0;9616,0,1,-1,2;9636,3,1,-1,0;9676,1,1,-1,0;9717,2,1,-1,0;9737,0,1,-1,2;9757,2,1,-1,0;9778,3,1,-1,2;9798,2,1,-1,0;9818,0,1,-1,2;9859,1,1,-1,2;9899,2,1,-1,2;9920,3,1,-1,0;9940,1,1,-1,2;9960,2,1,-1,0;9980,0,1,-1,2;10001,1,1,-1,0;10021,2,1,-1,2;10031,3,1,-1,2;10041,2,1,-1,0;10061,1,1,-1,2;10082,0,1,-1,0;10122,0,1,-1,0;10153,3,1,-1,2;10163,1,1,-1,0;10183,2,1,-1,2;10193,0,1,-1,2;10203,2,1,-1,0;10224,1,1,-1,2;10244,3,1,-1,0;10284,3,1,-1,0;10315,1,1,-1,2;10325,2,1,-1,0;10345,0,1,-1,2;10355,3,1,-1,2;10365,0,1,-1,0;10386,1,1,-1,2;10406,2,1,-1,0;10447,2,1,-1,0;10467,3,1,-1,2;10477,1,1,-1,2;10487,3,1,-1,0;10507,0,1,-1,2;10528,0,1,-1,0;10538,2,1,-1,2;10548,1,2,6,2;10568,2,2,7,0","h":"1,3,4488,4569;2,2,4650,4731;3,2,4812,4893;4,0,4975,5056;5,0,5501,5664;6,1,10548,10690;7,2,10568,10690"}