{"v":1,"fmt":"sldr-chart-v1","id":"song","d":"Medium","m":9,"du":109.33,"tr":237,"ch":4,"mx":2,"of":85,"sr":[0.367389,0.5,0.016878,0.06639,0.352697],"n":"811,0,1,-1,1;811,3,1,-1,1;1529,1,1,-1,0;1853,0,1,-1,0;1894,3,1,-1,0;1935,0,1,-1,0;1975,2,1,-1,0;2016,1,1,-1,0;2036,3,1,-1,2;2056,1,1,-1,0;2097,3,1,-1,0;2137,1,1,-1,0;2178,0,1,-1,0;2198,2,1,-1,2;2218,0,1,-1,0;2259,3,1,-1,0;2299,1,1,-1,0;2340,3,1,-1,0;2360,1,1,-1,2;2380,3,1,-1,0;2421,0,1,-1,0;2482,1,1,-1,2;2522,2,1,-1,2;2543,3,1,-1,0;2583,0,1,-1,0;2624,1,1,-1,0;2664,1,1,-1,0;2684,2,1,-1,2;2705,1,1,-1,0;2745,3,1,-1,0;2786,0,1,-1,0;2826,1,1,-1,0;2847,0,1,-1,2;2867,1,1,-1,0;2887,2,1,-1,2;2928,0,1,-1,2;2968,3,1,-1,2;3009,1,1,-1,2;3029,2,1,-1,0;3069,0,1,-1,0;3151,1,1,-1,0;3191,2,1,-1,0;3232,0,1,-1,0;3272,1,1,-1,0;3313,3,1,-1,0;3333,0,1,-1,2;3353,3,1,-1,0;3394,2,1,-1,0;3434,1,1,-1,0;3475,0,1,-1,0;3495,3,1,-1,2;3515,0,1,-1,0;3556,3,1,-1,0;3596,2,1,-1,0;3637,1,1,-1,0;3657,2,1,-1,2;3677,0,1,-1,0;3718,3,1,-1,0;3779,1,1,-1,2;3819,0,1,-1,2;3840,2,1,-1,0;3900,0,1,-1,2;3921,3,1,-1,0;3961,0,1,-1,0;4022,1,1,-1,2;4063,3,1,-1,2;4103,2,1,-1,2;4123,3,1,-1,0;4144,1,1,-1,2;4164,0,1,-1,0;4204,2,1,-1,0;4245,2,1,-1,0;4285,3,1,-1,0;4306,0,1,-1,2;4326,1,1,-1,0;4367,1,1,-1,0;4407,0,1,-1,0;4448,0,1,-1,1;4448,3,1,-1,1;4488,2,2,1,0;4610,1,1,-1,0;4630,0,1,-1,2;4650,2,2,2,0;4772,3,1,-1,0;4792,0,1,-1,2;4812,2,2,3,0;4934,1,1,-1,0;4954,3,1,-1,2;4975,2,2,4,0;5096,0,1,-1,0;5116,3,1,-1,2;5137,2,2,5,0;5258,3,1,-1,0;5279,1,1,-1,2;5299,2,1,-1,0;5339,0,2,6,0;5420,0,1,-1,0;5441,1,1,-1,2;5461,2,1,-1,0;5501,3,2,7,0;5603,1,1,-1,2;5623,0,1,-1,0;5643,3,1,-1,2;5684,2,1,-1,2;5724,0,1,-1,2;5765,1,1,-1,2;5785,2,2,8,0;5866,0,1,-1,0;5907,3,1,-1,0;5947,0,2,9,0;6028,1,1,-1,0;6069,1,1,-1,0;6089,3,1,-1,2;6109,2,2,10,0;6191,3,1,-1,0;6231,0,1,-1,0;6272,3,2,11,0;6353,1,1,-1,0;6393,1,1,-1,0;6434,2,2,12,0;6454,1,1,-1,2;6495,0,1,-1,2;6535,1,1,-1,2;6576,0,1,-1,2;6616,1,1,-1,2;6657,0,1,-1,2;6717,1,1,-1,0;6738,3,1,-1,2;6758,2,2,13,0;6778,1,1,-1,2;6819,3,1,-1,2;6859,1,1,-1,2;6900,3,1,-1,2;6940,1,1,-1,2;6981,3,1,-1,2;7042,0,1,-1,0;7062,3,1,-1,2;7082,2,2,14,0;7103,3,1,-1,2;7143,0,1,-1,2;7184,3,1,-1,2;7224,0,1,-1,2;7265,3,1,-1,2;7305,0,1,-1,2;7346,3,1,-1,2;7407,2,1,-1,0;7447,3,1,-1,0;7488,0,1,-1,0;7508,1,1,-1,2;7528,2,1,-1,0;7548,3,1,-1,2;7690,0,1,-1,0;7731,3,1,-1,0;7751,2,1,-1,2;7771,3,1,-1,0;7812,1,1,-1,0;7852,1,1,-1,0;7893,3,1,-1,0;7933,3,1,-1,0;7974,0,1,-1,0;8015,0,1,-1,0;8055,0,1,-1,0;8075,2,1,-1,2;8096,0,1,-1,0;8136,1,1,-1,0;8177,1,1,-1,0;8217,0,1,-1,0;8258,0,1,-1,0;8298,3,1,-1,0;8319,1,1,-1,2;8359,3,1,-1,2;8379,2,1,-1,0;8400,1,1,-1,2;8420,2,1,-1,0;8460,0,1,-1,0;8501,3,1,-1,0;8521,1,1,-1,2;8541,2,1,-1,0;8562,1,1,-1,2;8582,2,1,-1,0;8623,3,1,-1,0;8663,0,1,-1,0;8704,1,1,-1,0;8724,3,1,-1,2;8764,2,1,-1,2;8805,1,1,-1,2;8845,0,1,-1,2;8866,2,1,-1,0;8906,0,1,-1,0;8947,3,1,-1,0;8987,1,1,-1,0;9008,2,1,-1,2;9028,3,1,-1,0;9048,2,1,-1,2;9068,3,1,-1,0;9109,1,1,-1,0;9149,1,1,-1,0;9190,3,1,-1,0;9231,3,1,-1,0;9271,0,1,-1,0;9312,0,1,-1,0;9352,0,1,-1,0;9372,2,1,-1,2;9393,0,1,-1,0;9433,1,1,-1,0;9474,1,1,-1,0;9514,3,1,-1,0;9535,2,1,-1,2;9575,0,1,-1,2;9616,2,1,-1,2;9656,1,1,-1,2;9676,2,1,-1,0;9697,0,1,-1,2;9737,1,1,-1,2;9757,3,1,-1,0;9798,2,1,-1,0;9859,0,1,-1,2;9899,3,1,-1,2;9940,2,1,-1,2;9960,3,1,-1,0;9980,1,1,-1,2;10001,2,1,-1,0;10041,0,1,-1,0;10061,1,1,-1,2;10082,0,1,-1,0;10122,3,1,-1,0;10163,2,1,-1,0;10203,3,1,-1,0;10224,1,1,-1,2;10244,3,1,-1,0;10284,0,1,-1,0;10325,2,1,-1,0;10365,0,1,-1,0;10386,3,1,-1,2;10406,0,1,-1,0;10447,1,1,-1,0;10487,0,1,-1,1;10487,3,1,-1,1;10548,1,1,-1,2;10568,1,2,15,1;10568,2,2,16,1","h":"1,2,4488,4569;2,2,4650,4731;3,2,4812,4893;4,2,4975,5056;5,2,5137,5218;6,0,5339,5380;7,3,5501,5583;8,2,5785,5826;9,0,5947,5988;10,2,6109,6150;11,3,6272,6312;12,2,6434,6677;13,2,6758,7001;14,2,7082,7325;15,1,10568,10690;16,2,10568,10690"}