{"v":1,"fmt":"sldr-chart-v1","id":"celebrate-nite-euro-trance-style","d":"Challenge","m":11,"du":94.58,"tr":288,"ch":10,"mx":2,"of":105,"sr":[0.525129,0.5,0.034722,0.006711,0.352349],"n":"500,0,1,-1,0;583,1,1,-1,0;667,3,1,-1,0;750,2,1,-1,0;771,0,1,-1,2;792,1,1,-1,0;833,0,1,-1,1;833,3,1,-1,1;854,1,1,-1,2;875,2,1,-1,0;917,2,1,-1,0;938,3,1,-1,2;958,1,1,-1,0;1000,2,1,-1,0;1021,0,1,-1,2;1042,1,1,-1,0;1062,1,1,-1,2;1083,2,1,-1,0;1104,0,1,-1,2;1125,1,1,-1,0;1167,0,1,-1,1;1167,3,1,-1,1;1188,1,1,-1,2;1208,2,1,-1,0;1250,2,1,-1,0;1271,0,1,-1,2;1292,1,1,-1,0;1333,2,1,-1,0;1354,3,1,-1,2;1375,1,1,-1,0;1396,1,1,-1,2;1417,2,1,-1,0;1438,3,1,-1,2;1458,1,1,-1,0;1500,2,1,-1,0;1521,0,1,-1,2;1542,1,1,-1,0;1562,3,1,-1,2;1583,1,1,-1,0;1604,2,1,-1,2;1625,3,1,-1,0;1646,1,1,-1,2;1667,1,1,-1,0;1688,2,1,-1,2;1708,3,1,-1,0;1729,1,1,-1,2;1750,2,1,-1,0;1771,0,1,-1,2;1792,1,1,-1,0;1833,2,1,-1,0;1854,3,1,-1,2;1875,1,1,-1,0;1896,0,1,-1,2;1917,1,1,-1,0;1938,2,1,-1,2;1958,0,1,-1,0;1979,1,1,-1,2;2000,1,1,-1,0;2021,2,1,-1,2;2042,0,1,-1,0;2063,1,1,-1,2;2083,2,1,-1,0;2104,3,1,-1,2;2125,1,1,-1,1;2125,3,1,-1,1;2167,2,1,-1,0;2208,0,1,-1,0;2250,3,1,-1,0;2271,0,1,-1,2;2292,1,1,-1,0;2333,0,1,-1,0;2354,1,1,-1,2;2375,2,1,-1,0;2417,3,1,-1,0;2458,1,1,-1,1;2458,3,1,-1,1;2500,0,1,-1,0;2542,1,1,-1,0;2583,3,1,-1,0;2625,1,1,-1,0;2667,2,1,-1,0;2688,0,1,-1,2;2708,1,1,-1,0;2729,0,1,-1,2;2750,1,1,-1,0;2771,3,1,-1,2;2792,2,1,-1,0;2833,3,1,-1,0;2875,1,1,-1,0;2917,3,1,-1,0;2938,0,1,-1,2;2958,1,1,-1,0;3000,2,1,-1,0;3021,3,1,-1,2;3042,0,1,-1,0;3083,3,1,-1,0;3125,0,1,-1,1;3125,1,1,-1,1;3167,3,1,-1,0;3208,1,1,-1,0;3250,0,1,-1,0;3292,1,1,-1,0;3333,2,1,-1,0;3354,3,1,-1,2;3375,1,1,-1,0;3396,2,1,-1,2;3417,3,1,-1,0;3438,1,1,-1,2;3458,0,1,-1,1;3458,3,1,-1,1;3500,3,1,-1,0;3531,0,1,-1,2;3562,1,1,-1,2;3625,3,1,-1,0;3667,0,1,-1,0;3688,1,1,-1,2;3708,2,1,-1,0;3750,0,1,-1,0;3792,1,1,-1,0;3833,0,1,-1,0;3865,3,1,-1,2;3896,1,1,-1,2;3958,0,1,-1,0;4000,3,1,-1,0;4021,1,1,-1,2;4042,2,1,-1,0;4083,3,1,-1,0;4125,1,1,-1,0;4167,0,1,-1,0;4198,0,1,-1,2;4229,1,1,-1,2;4292,2,1,-1,0;4333,3,1,-1,0;4354,0,1,-1,2;4375,1,1,-1,0;4417,3,1,-1,0;4458,0,1,-1,1;4458,1,1,-1,1;4500,3,1,-1,0;4531,3,1,-1,2;4562,1,1,-1,2;4625,2,1,-1,0;4729,1,1,-1,2;4750,0,1,-1,0;4771,2,1,-1,2;4792,1,1,-1,0;4812,3,1,-1,2;4833,2,2,1,0;5000,3,1,-1,0;5031,0,1,-1,2;5042,1,1,-1,0;5062,2,1,-1,2;5083,3,1,-1,0;5115,1,1,-1,2;5125,3,1,-1,0;5146,1,1,-1,2;5167,2,1,-1,0;5198,3,1,-1,2;5208,0,1,-1,0;5229,1,1,-1,2;5250,2,1,-1,0;5281,3,1,-1,2;5292,2,1,-1,0;5312,3,1,-1,2;5333,0,1,-1,0;5365,2,1,-1,2;5375,1,1,-1,0;5396,3,1,-1,2;5417,2,1,-1,0;5448,1,1,-1,2;5458,0,1,-1,0;5479,1,1,-1,2;5500,1,1,-1,1;5500,2,1,-1,1;5542,3,1,-1,0;5583,1,1,-1,0;5625,3,1,-1,0;5646,2,1,-1,2;5667,1,1,-1,0;5708,0,1,-1,0;5750,0,1,-1,0;5792,0,1,-1,0;5812,2,1,-1,2;5833,1,1,-1,0;5875,3,1,-1,0;5917,2,1,-1,0;5958,1,1,-1,0;6000,2,1,-1,0;6021,0,1,-1,2;6042,1,1,-1,0;6062,1,1,-1,2;6083,2,1,-1,0;6104,0,1,-1,2;6125,1,1,-1,0;6167,0,1,-1,1;6167,3,1,-1,1;6208,1,1,-1,0;6250,2,1,-1,0;6292,3,1,-1,0;6302,1,1,-1,2;6333,3,1,-1,0;6375,0,1,-1,0;6417,1,1,-1,0;6458,2,1,-1,0;6469,3,1,-1,2;6500,2,1,-1,0;6542,1,1,-1,0;6583,0,1,-1,0;6625,2,1,-1,0;6635,1,1,-1,2;6646,2,1,-1,2;6667,1,1,-1,0;6708,0,1,-1,0;6750,3,1,-1,0;6792,2,1,-1,0;6802,3,1,-1,2;6813,2,1,-1,2;6833,3,1,-1,0;6875,0,1,-1,0;6917,2,1,-1,0;6958,1,1,-1,0;6969,3,1,-1,2;6979,1,1,-1,2;6990,3,1,-1,2;7000,1,1,-1,0;7042,2,1,-1,0;7083,0,1,-1,0;7125,0,1,-1,0;7135,1,1,-1,2;7146,0,1,-1,2;7156,1,1,-1,2;7167,0,1,-1,0;7208,1,1,-1,0;7250,2,1,-1,0;7292,3,1,-1,0;7333,2,1,-1,0;7354,2,1,-1,2;7375,0,1,-1,0;7396,3,1,-1,2;7417,1,1,-1,0;7438,2,1,-1,2;7458,0,1,-1,1;7458,3,1,-1,1;7500,2,1,-1,0;7521,0,1,-1,2;7542,1,1,-1,0;7583,0,1,-1,0;7604,3,1,-1,2;7625,1,1,-1,0;7667,3,1,-1,0;7688,2,1,-1,2;7708,1,1,-1,0;7729,2,1,-1,2;7750,0,1,-1,0;7771,3,1,-1,2;7792,1,1,-1,0;7833,0,1,-1,0;7854,3,1,-1,2;7875,1,1,-1,0;7917,2,1,-1,0;7938,3,1,-1,2;7958,0,1,-1,0;8000,1,1,-1,0;8021,2,1,-1,2;8042,3,1,-1,0;8063,1,1,-1,2;8083,0,1,-1,0;8104,2,1,-1,2;8125,1,1,-1,0;8167,3,1,-1,0;8188,2,1,-1,2;8208,1,1,-1,0;8250,0,1,-1,0;8271,2,1,-1,2;8292,1,1,-1,0;8333,3,1,-1,0;8354,0,1,-1,2;8375,2,1,-1,0;8396,1,1,-1,2;8417,0,1,-1,0;8438,1,1,-1,2;8458,3,1,-1,0;8500,0,1,-1,0;8521,2,1,-1,2;8542,1,1,-1,0;8563,1,1,-1,2;8583,2,1,-1,0;8604,3,1,-1,2;8625,1,1,-1,0;8729,1,1,-1,2;8750,0,1,-1,0;8771,2,1,-1,2;8792,1,1,-1,0;8813,3,1,-1,2;8833,2,2,2,0;8896,3,1,-1,2;8938,3,1,-1,2;8979,3,1,-1,2","h":"1,2,4833,4958;2,2,8833,9167"}