{"v":1,"fmt":"sldr-chart-v1","id":"am-3p-am-east-mix","d":"Challenge","m":10,"du":93.85,"tr":289,"ch":9,"mx":2,"of":149,"sr":[0.529213,0.5,0.031142,0.013423,0.5],"n":"514,0,1,-1,0;557,1,1,-1,0;600,2,1,-1,0;643,3,1,-1,0;686,3,1,-1,0;728,1,1,-1,0;771,2,1,-1,0;814,0,1,-1,0;857,0,1,-1,0;878,1,1,-1,2;900,2,1,-1,0;943,0,1,-1,0;964,1,1,-1,2;986,2,1,-1,0;1028,0,1,-1,0;1050,2,1,-1,2;1071,1,1,-1,0;1093,3,1,-1,2;1114,2,1,-1,0;1136,1,1,-1,2;1157,0,1,-1,0;1200,3,1,-1,0;1221,2,1,-1,2;1243,1,1,-1,0;1286,3,1,-1,0;1307,2,1,-1,2;1328,1,1,-1,0;1371,0,1,-1,0;1393,2,1,-1,2;1414,3,1,-1,0;1436,1,1,-1,2;1457,0,1,-1,0;1478,1,1,-1,2;1500,2,1,-1,0;1543,0,1,-1,0;1575,1,1,-1,2;1607,3,1,-1,2;1671,1,1,-1,0;1714,0,1,-1,0;1746,2,1,-1,2;1778,1,1,-1,2;1843,3,1,-1,0;1886,2,1,-1,0;1918,3,1,-1,2;1950,1,1,-1,2;1971,3,1,-1,0;2003,2,1,-1,2;2035,1,1,-1,2;2057,0,1,-1,0;2185,1,1,-1,1;2185,2,1,-1,1;2228,0,1,-1,0;2250,0,1,-1,2;2271,0,1,-1,0;2314,3,1,-1,0;2335,3,1,-1,2;2357,3,1,-1,0;2400,0,1,-1,0;2421,2,1,-1,2;2443,1,1,-1,0;2464,3,1,-1,2;2485,0,1,-1,0;2507,1,1,-1,2;2528,2,1,-1,0;2571,3,1,-1,0;2593,0,1,-1,2;2614,1,1,-1,0;2657,3,1,-1,0;2678,0,1,-1,2;2700,1,1,-1,0;2743,2,1,-1,0;2764,1,2,1,3;2764,3,2,2,3;2871,0,1,-1,1;2871,3,1,-1,1;2914,2,1,-1,0;2935,1,1,-1,2;2957,3,1,-1,0;3000,2,1,-1,0;3021,1,1,-1,2;3043,0,1,-1,0;3085,3,1,-1,0;3107,1,1,-1,2;3128,2,1,-1,0;3150,3,1,-1,2;3171,2,1,-1,0;3193,0,1,-1,2;3214,1,1,-1,0;3257,3,1,-1,0;3278,2,1,-1,2;3300,0,1,-1,0;3343,0,1,-1,0;3364,2,1,-1,2;3385,3,1,-1,0;3428,0,1,-1,1;3428,3,1,-1,1;3450,0,1,-1,3;3450,3,1,-1,3;3471,2,1,-1,0;3493,2,1,-1,2;3514,1,1,-1,1;3514,2,1,-1,1;3535,1,1,-1,3;3535,2,1,-1,3;3557,3,1,-1,0;3600,2,1,-1,0;3632,0,1,-1,2;3664,1,1,-1,2;3696,0,1,-1,2;3728,2,1,-1,0;3750,1,1,-1,2;3771,3,1,-1,0;3803,0,1,-1,2;3835,0,1,-1,2;3868,2,1,-1,2;3900,1,1,-1,0;3921,3,1,-1,2;3943,0,1,-1,0;3975,1,1,-1,2;4007,2,1,-1,2;4039,1,1,-1,2;4071,0,1,-1,0;4093,2,1,-1,2;4114,0,1,-1,0;4122,1,1,-1,2;4157,0,1,-1,0;4165,3,1,-1,2;4200,0,1,-1,0;4208,1,1,-1,2;4242,0,1,-1,0;4251,1,1,-1,2;4285,0,1,-1,1;4285,3,1,-1,1;4317,1,1,-1,2;4350,2,1,-1,2;4382,3,1,-1,2;4392,1,1,-1,2;4414,2,1,-1,0;4435,0,1,-1,2;4457,1,1,-1,0;4489,2,1,-1,2;4521,3,1,-1,2;4553,0,1,-1,2;4564,1,1,-1,2;4585,0,1,-1,0;4607,3,1,-1,2;4628,2,1,-1,0;4660,1,1,-1,2;4692,0,1,-1,2;4725,2,1,-1,2;4735,1,1,-1,2;4757,3,1,-1,0;4778,2,1,-1,2;4800,1,1,-1,0;4808,0,1,-1,2;4842,3,1,-1,0;4850,0,1,-1,2;4885,1,1,-1,0;4893,0,1,-1,2;4928,1,1,-1,0;4936,0,1,-1,2;4971,2,1,-1,0;5003,3,1,-1,2;5035,1,1,-1,2;5078,2,1,-1,2;5100,1,1,-1,0;5142,3,1,-1,0;5175,0,1,-1,2;5207,0,1,-1,2;5250,1,1,-1,2;5271,2,1,-1,0;5314,1,1,-1,0;5346,2,1,-1,2;5378,3,1,-1,2;5421,3,1,-1,2;5442,1,1,-1,0;5485,1,1,-1,0;5517,0,1,-1,2;5550,1,1,-1,2;5592,3,1,-1,2;5614,2,1,-1,0;5657,2,1,-1,0;5689,0,1,-1,2;5721,1,1,-1,2;5764,1,1,-1,2;5785,3,1,-1,0;5828,3,1,-1,0;5860,0,1,-1,2;5892,1,1,-1,2;5935,0,1,-1,2;5957,2,1,-1,0;6000,2,1,-1,0;6032,3,1,-1,2;6064,1,1,-1,2;6107,1,1,-1,2;6128,0,1,-1,0;6171,1,1,-1,0;6203,3,1,-1,2;6235,2,1,-1,2;6278,2,1,-1,2;6300,0,1,-1,0;6342,3,2,3,0;6428,2,1,-1,0;6471,1,1,-1,0;6514,0,2,4,0;6599,3,1,-1,0;6642,1,1,-1,0;6685,0,1,-1,0;6717,1,1,-1,2;6749,2,1,-1,2;6771,3,1,-1,0;6803,3,1,-1,2;6835,1,1,-1,2;6857,1,1,-1,0;6889,0,1,-1,2;6921,0,1,-1,2;7028,2,1,-1,0;7060,3,1,-1,2;7092,1,1,-1,2;7124,0,1,-1,2;7157,2,1,-1,0;7178,1,1,-1,2;7199,3,1,-1,0;7232,0,1,-1,2;7264,0,1,-1,2;7296,2,1,-1,2;7328,1,1,-1,0;7349,0,1,-1,2;7371,0,1,-1,0;7403,1,1,-1,2;7435,2,1,-1,2;7467,1,1,-1,2;7499,0,1,-1,0;7521,2,1,-1,2;7542,3,1,-1,0;7550,1,1,-1,2;7585,0,1,-1,0;7593,3,1,-1,2;7628,2,1,-1,0;7636,1,1,-1,2;7671,0,1,-1,0;7679,1,1,-1,2;7714,0,1,-1,1;7714,3,1,-1,1;7746,1,1,-1,2;7778,2,1,-1,2;7810,0,1,-1,2;7821,1,1,-1,2;7842,2,1,-1,0;7864,3,1,-1,2;7885,1,1,-1,0;7917,2,1,-1,2;7949,3,1,-1,2;7982,2,1,-1,2;7992,1,1,-1,2;8014,0,1,-1,0;8035,3,1,-1,2;8057,2,1,-1,0;8089,1,1,-1,2;8121,0,1,-1,2;8153,3,1,-1,2;8164,2,1,-1,2;8185,0,1,-1,0;8207,2,1,-1,2;8228,1,1,-1,0;8236,0,1,-1,2;8271,3,1,-1,0;8279,2,1,-1,2;8314,1,1,-1,0;8322,0,1,-1,2;8357,1,1,-1,0;8365,3,1,-1,2;8399,2,1,-1,0;8442,0,1,-1,0;8485,1,1,-1,0;8496,0,1,-1,2;8507,1,1,-1,2;8571,2,1,-1,0;8614,3,1,-1,0;8657,1,1,-1,0;8667,2,1,-1,2;8678,1,1,-1,2;8742,3,1,-1,0;8785,2,1,-1,0;8828,1,1,-1,0;8871,0,1,-1,0;8914,1,1,-1,0;8935,2,1,-1,2;8956,0,1,-1,0;8978,1,1,-1,2;8999,0,1,-1,0;9010,3,1,-1,2;9021,0,1,-1,2;9085,3,1,-1,0;9128,2,1,-1,0;9171,0,1,-1,0;9181,1,1,-1,2;9192,0,1,-1,2","h":"1,1,2764,2828;2,3,2764,2828;3,3,6342,6385;4,0,6514,6557"}