{"v":1,"fmt":"sldr-chart-v1","id":"wild-rush-from-nonstop-megamix","d":"Challenge","m":9,"du":97.44,"tr":207,"ch":2,"mx":2,"of":69,"sr":[0.357485,0.5,0.009662,0.07177,0.330144],"n":"384,0,1,-1,0;696,0,1,-1,2;720,2,1,-1,0;768,1,1,-1,0;1056,1,1,-1,0;1080,1,1,-1,2;1104,3,1,-1,0;1152,0,1,-1,0;1200,3,1,-1,0;1248,0,1,-1,0;1272,2,1,-1,2;1296,1,1,-1,0;1344,3,1,-1,0;1392,0,1,-1,0;1440,3,1,-1,0;1464,2,1,-1,2;1488,1,1,-1,0;1512,2,1,-1,2;1536,3,1,-1,0;1584,0,1,-1,0;1608,0,1,-1,2;1632,2,1,-1,0;1656,1,1,-1,2;1680,1,1,-1,0;1728,3,1,-1,0;1776,2,1,-1,0;1800,2,1,-1,2;1824,1,1,-1,0;1848,0,1,-1,2;1872,0,1,-1,0;1896,3,1,-1,2;1920,1,2,1,0;1968,3,1,-1,0;2064,3,1,-1,0;2160,3,1,-1,0;2184,3,1,-1,2;2208,0,1,-1,0;2232,2,1,-1,2;2256,1,1,-1,0;2280,3,1,-1,2;2304,0,1,-1,0;2352,0,1,-1,0;2400,0,1,-1,0;2424,1,1,-1,2;2448,2,1,-1,0;2472,3,1,-1,2;2496,0,1,-1,0;2520,3,1,-1,2;2544,3,1,-1,0;2592,1,1,-1,0;2616,2,1,-1,2;2640,2,1,-1,0;2664,1,1,-1,2;2688,3,2,2,0;2736,0,1,-1,0;2832,0,1,-1,0;2928,0,1,-1,0;2952,3,1,-1,2;2976,1,1,-1,0;3000,2,1,-1,2;3024,0,1,-1,0;3048,0,1,-1,2;3072,3,1,-1,0;3120,3,1,-1,0;3168,0,1,-1,0;3216,0,1,-1,0;3264,3,1,-1,0;3312,3,1,-1,0;3336,1,1,-1,2;3360,3,1,-1,0;3408,3,1,-1,0;3432,0,1,-1,2;3456,2,2,3,0;3648,1,1,-1,0;3696,1,1,-1,0;3720,2,1,-1,2;3744,1,1,-1,0;3768,2,1,-1,2;3792,2,1,-1,0;3840,0,1,-1,0;3888,0,1,-1,0;3912,3,1,-1,2;3936,0,1,-1,0;3960,3,1,-1,2;3984,3,1,-1,0;4032,2,1,-1,0;4224,1,1,-1,0;4272,3,1,-1,0;4308,3,1,-1,2;4320,0,1,-1,0;4344,3,1,-1,2;4368,3,1,-1,0;4416,1,1,-1,0;4464,2,1,-1,0;4500,2,1,-1,2;4512,0,1,-1,0;4536,3,1,-1,2;4560,3,1,-1,0;4608,1,2,4,0;4800,3,2,5,0;4896,0,1,-1,0;4944,0,1,-1,0;4992,1,1,-1,1;4992,2,1,-1,1;5184,1,1,-1,0;5232,1,1,-1,0;5280,1,1,-1,0;5328,1,1,-1,0;5376,2,1,-1,0;5424,0,1,-1,0;5472,3,1,-1,0;5520,1,1,-1,0;5568,3,1,-1,0;5616,1,1,-1,0;5664,2,1,-1,0;5712,0,1,-1,0;5760,3,2,6,0;6144,0,1,-1,0;6192,2,1,-1,0;6228,2,1,-1,2;6240,1,1,-1,0;6264,1,1,-1,2;6288,1,1,-1,0;6312,3,1,-1,2;6336,0,1,-1,0;6360,1,1,-1,2;6384,0,1,-1,0;6408,1,1,-1,2;6456,2,1,-1,2;6480,3,1,-1,0;6528,0,1,-1,0;6576,0,1,-1,0;6600,2,1,-1,2;6624,1,1,-1,0;6648,3,1,-1,2;6672,3,1,-1,0;6720,0,1,-1,0;6768,2,1,-1,0;6792,1,1,-1,2;6816,3,1,-1,0;6840,0,1,-1,2;6864,0,1,-1,0;6888,3,1,-1,2;6912,1,1,-1,0;6936,1,1,-1,2;6960,2,1,-1,0;6984,2,1,-1,2;7008,0,1,-1,0;7056,0,1,-1,0;7080,3,1,-1,2;7104,1,1,-1,0;7128,2,1,-1,2;7152,0,1,-1,0;7200,0,1,-1,0;7224,3,1,-1,2;7248,1,1,-1,0;7272,3,1,-1,2;7296,0,2,7,0;7392,1,2,8,0;7488,2,2,9,0;7584,3,2,10,0;7656,0,1,-1,2;7680,2,2,11,0;7848,1,1,-1,2;7872,3,2,12,0;7992,0,1,-1,2;8016,3,1,-1,0;8064,1,1,-1,0;8100,1,1,-1,2;8112,3,1,-1,0;8148,3,1,-1,2;8160,0,1,-1,0;8184,0,1,-1,2;8208,0,1,-1,0;8256,2,1,-1,0;8292,2,1,-1,2;8304,0,1,-1,0;8340,0,1,-1,2;8352,3,1,-1,0;8376,3,1,-1,2;8400,3,1,-1,0;8424,0,1,-1,2;8448,1,1,-1,0;8484,1,1,-1,2;8496,2,2,13,0;8568,3,1,-1,2;8592,3,1,-1,0;8640,0,2,14,0;8664,1,1,-1,2;8688,1,1,-1,0;8760,3,1,-1,2;8784,0,1,-1,1;8784,3,1,-1,1;8832,1,1,-1,0;8868,1,1,-1,2;8880,3,1,-1,0;8916,3,1,-1,2;8928,0,1,-1,0;8952,1,1,-1,2;8976,0,1,-1,0;9024,2,1,-1,0;9060,2,1,-1,2;9072,1,1,-1,0;9108,1,1,-1,2;9120,3,1,-1,0;9144,0,1,-1,2;9168,3,1,-1,0;9192,3,1,-1,2;9216,1,2,15,0","h":"1,1,1920,2160;2,3,2688,2928;3,2,3456,3600;4,1,4608,4752;5,3,4800,4944;6,3,5760,6096;7,0,7296,7344;8,1,7392,7440;9,2,7488,7536;10,3,7584,7632;11,2,7680,7824;12,3,7872,7968;13,2,8496,8592;14,0,8640,8736;15,1,9216,9552"}