{"v":1,"fmt":"sldr-chart-v1","id":"i-feel","d":"Hard","m":12,"du":100.0,"tr":331,"ch":2,"mx":2,"of":217,"sr":[0.555,0.5,0.006042,0.012012,0.651652],"n":"851,1,1,-1,0;883,2,1,-1,2;915,0,1,-1,2;936,3,1,-1,0;957,0,1,-1,2;979,0,1,-1,0;1021,1,1,-1,0;1053,2,1,-1,2;1085,3,1,-1,2;1106,0,1,-1,0;1127,3,1,-1,2;1149,3,1,-1,0;1191,0,1,-1,0;1223,1,1,-1,2;1255,2,1,-1,2;1298,3,1,-1,2;1340,1,1,-1,2;1361,0,1,-1,0;1393,3,1,-1,2;1425,2,1,-1,2;1447,2,1,-1,0;1479,3,1,-1,2;1510,0,1,-1,2;1532,2,1,-1,0;1564,1,1,-1,2;1596,3,1,-1,2;1617,0,1,-1,0;1638,3,1,-1,2;1659,3,1,-1,0;1702,2,1,-1,0;1734,1,1,-1,2;1766,0,1,-1,2;1787,3,1,-1,0;1808,0,1,-1,2;1830,0,1,-1,0;1872,1,1,-1,0;1893,2,1,-1,2;1936,3,1,-1,2;1979,1,1,-1,2;2021,0,1,-1,2;2042,3,1,-1,0;2074,2,1,-1,2;2106,0,1,-1,2;2127,0,1,-1,0;2159,1,1,-1,2;2191,3,1,-1,2;2213,0,1,-1,0;2244,2,1,-1,2;2276,1,1,-1,2;2298,3,1,-1,0;2319,1,1,-1,2;2340,2,1,-1,0;2362,0,1,-1,2;2383,3,1,-1,0;2415,2,1,-1,2;2447,1,1,-1,2;2468,0,1,-1,0;2489,1,1,-1,2;2510,2,1,-1,0;2553,3,1,-1,0;2585,1,1,-1,2;2617,2,1,-1,2;2659,0,1,-1,2;2702,0,1,-1,2;2723,1,1,-1,0;2755,0,1,-1,2;2787,2,1,-1,2;2808,0,1,-1,0;2840,3,1,-1,2;2872,1,1,-1,2;2893,2,1,-1,0;2925,1,1,-1,2;2957,0,1,-1,2;2979,3,1,-1,0;3000,3,1,-1,2;3021,3,1,-1,0;3064,2,1,-1,0;3096,1,1,-1,2;3127,3,1,-1,2;3149,0,1,-1,0;3170,0,1,-1,2;3191,0,1,-1,0;3213,3,1,-1,2;3234,1,1,-1,0;3255,2,1,-1,2;3298,0,1,-1,2;3308,1,1,-1,2;3340,2,1,-1,2;3383,3,1,-1,2;3393,1,1,-1,2;3425,2,1,-1,2;3468,3,1,-1,2;3510,0,1,-1,2;3532,3,1,-1,0;3553,3,1,-1,2;3574,0,1,-1,0;3596,1,1,-1,2;3638,3,1,-1,2;3659,1,1,-1,0;3681,2,1,-1,2;3723,0,1,-1,2;3744,1,1,-1,0;3766,2,1,-1,2;3808,0,1,-1,2;3830,3,1,-1,0;3872,2,1,-1,0;3893,1,1,-1,2;3915,3,1,-1,0;3925,1,1,-1,2;3947,1,1,-1,2;3979,2,1,-1,2;4000,0,1,-1,0;4032,3,1,-1,2;4064,2,1,-1,2;4085,1,1,-1,0;4106,1,1,-1,2;4127,0,1,-1,0;4149,1,1,-1,2;4191,3,1,-1,2;4202,1,1,-1,2;4234,2,1,-1,2;4255,3,1,-1,0;4276,1,1,-1,2;4319,0,1,-1,2;4340,1,1,-1,0;4362,2,1,-1,2;4404,3,1,-1,2;4425,1,1,-1,0;4447,2,1,-1,2;4489,3,1,-1,2;4510,0,1,-1,0;4553,2,1,-1,0;4574,1,1,-1,2;4596,0,1,-1,0;4606,1,1,-1,2;4627,1,1,-1,2;4659,2,1,-1,2;4681,3,1,-1,0;4713,0,1,-1,2;4745,2,1,-1,2;4766,1,1,-1,0;4787,1,1,-1,2;4808,3,1,-1,0;4830,1,1,-1,2;4851,2,1,-1,0;4872,0,1,-1,2;4883,1,1,-1,2;4893,0,1,-1,0;4915,3,1,-1,2;4936,0,1,-1,0;4957,1,1,-1,2;4979,0,1,-1,0;5021,3,1,-1,0;5053,1,1,-1,2;5064,2,1,-1,0;5085,0,1,-1,2;5106,3,1,-1,0;5127,1,1,-1,2;5149,3,1,-1,0;5191,0,1,-1,0;5223,1,1,-1,2;5234,2,1,-1,0;5255,3,1,-1,2;5276,2,1,-1,0;5298,1,1,-1,2;5319,2,1,-1,0;5340,3,1,-1,2;5393,1,1,-1,2;5404,2,1,-1,0;5425,0,1,-1,2;5447,3,1,-1,0;5468,1,1,-1,2;5489,0,1,-1,0;5510,1,1,-1,2;5532,3,1,-1,0;5564,0,1,-1,2;5574,1,1,-1,0;5596,2,1,-1,2;5617,3,1,-1,0;5649,2,1,-1,2;5681,1,1,-1,2;5702,0,1,-1,0;5734,0,1,-1,2;5745,3,1,-1,0;5766,1,1,-1,2;5808,2,1,-1,2;5819,0,1,-1,2;5851,3,1,-1,2;5862,1,1,-1,2;5893,3,1,-1,2;5915,1,1,-1,0;5936,2,1,-1,2;5957,0,1,-1,0;5968,2,1,-1,2;5989,1,1,-1,2;6021,3,1,-1,2;6042,0,1,-1,0;6074,0,1,-1,2;6085,1,1,-1,0;6106,2,1,-1,2;6149,3,1,-1,2;6159,1,1,-1,2;6191,0,1,-1,2;6202,1,1,-1,2;6234,2,1,-1,2;6255,3,1,-1,0;6276,2,1,-1,2;6298,0,1,-1,0;6330,1,1,-1,2;6362,0,1,-1,2;6383,3,1,-1,0;6415,2,1,-1,2;6425,1,1,-1,0;6447,0,1,-1,2;6489,1,1,-1,2;6500,3,1,-1,2;6532,1,1,-1,2;6542,2,1,-1,2;6574,0,1,-1,2;6596,1,1,-1,0;6617,0,1,-1,2;6638,3,1,-1,0;6659,1,1,-1,2;6670,2,1,-1,2;6702,0,1,-1,2;6723,0,1,-1,0;6745,1,1,-1,2;6755,2,1,-1,2;6787,3,1,-1,2;6808,0,2,1,1;6808,3,2,2,1;6936,1,1,-1,0;6979,0,1,-1,0;7000,3,1,-1,2;7021,0,1,-1,0;7042,3,1,-1,2;7053,1,1,-1,2;7085,2,1,-1,2;7127,0,1,-1,2;7138,1,1,-1,2;7170,2,1,-1,2;7213,0,1,-1,2;7255,3,1,-1,2;7276,1,1,-1,0;7319,2,1,-1,0;7330,0,1,-1,2;7351,3,1,-1,2;7383,1,1,-1,2;7404,1,1,-1,0;7436,3,1,-1,2;7468,0,1,-1,2;7510,1,1,-1,2;7521,2,1,-1,2;7553,1,1,-1,2;7574,0,1,-1,0;7596,1,1,-1,2;7617,2,1,-1,0;7659,3,1,-1,0;7681,0,1,-1,2;7702,3,1,-1,0;7723,0,1,-1,2;7734,1,1,-1,2;7766,2,1,-1,2;7808,3,1,-1,2;7819,1,1,-1,2;7851,2,1,-1,2;7893,3,1,-1,2;7936,0,1,-1,2;7957,1,1,-1,0;8000,2,1,-1,0;8010,3,1,-1,2;8032,0,1,-1,2;8064,1,1,-1,2;8085,1,1,-1,0;8117,0,1,-1,2;8149,3,1,-1,2;8191,1,1,-1,2;8202,2,1,-1,2;8234,1,1,-1,2;8255,3,1,-1,0;8276,1,1,-1,2;8298,2,1,-1,0;8340,0,1,-1,0;8362,3,1,-1,2;8383,0,1,-1,0;8404,3,1,-1,2;8415,2,1,-1,2;8447,1,1,-1,2;8489,0,1,-1,2;8500,2,1,-1,2;8532,1,1,-1,2;8574,0,1,-1,2;8617,3,1,-1,2;8638,2,1,-1,0;8681,1,1,-1,0;8691,0,1,-1,2;8713,3,1,-1,2;8745,2,1,-1,2;8766,2,1,-1,0;8798,3,1,-1,2;8830,0,1,-1,2;8872,2,1,-1,2;8883,1,1,-1,2;8915,2,1,-1,2;8936,0,1,-1,0;8957,2,1,-1,2;8979,1,1,-1,0;9021,3,1,-1,0;9042,0,1,-1,2;9064,3,1,-1,0;9085,0,1,-1,2;9096,2,1,-1,2;9128,1,1,-1,2;9170,3,1,-1,2;9181,2,1,-1,2;9213,1,1,-1,2;9255,3,1,-1,2;9298,0,1,-1,2;9319,2,1,-1,0;9362,1,1,-1,0;9372,3,1,-1,2;9393,0,1,-1,2;9425,2,1,-1,2;9447,2,1,-1,0;9479,0,1,-1,2;9510,3,1,-1,2;9553,2,1,-1,2;9564,1,1,-1,2;9596,3,1,-1,2;9617,1,1,-1,0;9638,2,1,-1,2;9659,0,2,3,1;9659,3,2,4,1","h":"1,0,6808,6893;2,3,6808,6893;3,0,9659,9830;4,3,9659,9830"}