{"v":1,"fmt":"sldr-chart-v1","id":"i-feel","d":"Medium","m":8,"du":98.3,"tr":202,"ch":17,"mx":2,"of":70,"sr":[0.371312,0.5,0.084158,0.16895,0.319635],"n":"510,2,1,-1,0;596,1,1,-1,0;681,3,1,-1,0;723,0,1,-1,0;766,2,1,-1,0;787,0,1,-1,2;808,3,1,-1,0;830,1,1,-1,2;851,2,2,1,0;1191,0,2,2,0;1276,3,2,3,0;1361,2,2,4,0;1447,1,2,5,0;1532,0,2,6,1;1532,3,2,7,1;1872,2,2,8,0;1915,0,1,-1,0;1957,1,2,9,0;2000,3,1,-1,0;2042,2,1,-1,0;2085,0,1,-1,1;2085,2,1,-1,1;2127,1,1,-1,0;2170,1,1,-1,1;2170,3,1,-1,1;2213,3,1,-1,0;2234,1,1,-1,2;2255,3,1,-1,0;2298,0,1,-1,0;2319,1,1,-1,2;2340,0,1,-1,0;2383,2,1,-1,0;2425,1,1,-1,0;2468,2,1,-1,0;2489,0,1,-1,2;2510,3,1,-1,0;2532,1,1,-1,2;2553,3,2,10,0;2596,1,1,-1,0;2638,0,2,11,0;2681,2,1,-1,0;2723,2,2,12,0;2766,1,1,-1,0;2808,1,2,13,0;2851,3,1,-1,0;2893,0,1,-1,0;2936,1,1,-1,0;2979,3,1,-1,0;3021,1,1,-1,0;3064,0,1,-1,0;3106,1,1,-1,0;3149,3,1,-1,0;3191,2,1,-1,0;3234,0,2,14,0;3276,1,1,-1,0;3319,3,2,15,0;3362,2,1,-1,0;3404,1,2,16,1;3404,2,2,17,1;3532,3,1,-1,0;3553,1,1,-1,2;3574,3,1,-1,0;3617,0,1,-1,0;3659,3,1,-1,0;3681,1,1,-1,2;3702,2,1,-1,0;3723,0,1,-1,2;3744,3,1,-1,0;3787,0,1,-1,0;3830,1,1,-1,0;3872,0,1,-1,0;3915,3,1,-1,0;3947,2,1,-1,2;3979,1,1,-1,2;4000,0,1,-1,0;4032,2,1,-1,2;4064,0,1,-1,2;4085,1,2,18,0;4170,1,1,-1,1;4170,2,1,-1,1;4213,0,1,-1,0;4234,2,1,-1,2;4255,0,1,-1,0;4298,3,1,-1,0;4340,0,1,-1,0;4362,1,1,-1,2;4383,2,1,-1,0;4404,3,1,-1,2;4425,0,1,-1,0;4468,3,1,-1,0;4510,1,1,-1,0;4553,3,1,-1,0;4596,0,1,-1,0;4627,2,1,-1,2;4659,1,1,-1,2;4681,3,1,-1,0;4713,2,1,-1,2;4745,3,1,-1,2;4766,1,2,19,0;4851,3,1,-1,0;4893,0,1,-1,0;4936,3,1,-1,0;4979,2,1,-1,0;5064,3,1,-1,0;5096,1,1,-1,2;5149,1,1,-1,0;5234,0,1,-1,0;5266,2,1,-1,2;5319,2,1,-1,0;5404,0,1,-1,0;5436,3,1,-1,2;5489,2,1,-1,0;5532,0,1,-1,1;5532,3,1,-1,1;5574,1,1,-1,0;5617,3,1,-1,0;5638,2,1,-1,2;5681,0,1,-1,2;5723,3,1,-1,2;5766,1,1,-1,3;5766,2,1,-1,3;5808,1,1,-1,2;5851,2,1,-1,2;5893,0,1,-1,2;5936,0,1,-1,3;5936,3,1,-1,3;5979,3,1,-1,2;6021,2,1,-1,3;6021,3,1,-1,3;6064,0,1,-1,2;6106,0,1,-1,3;6106,1,1,-1,3;6149,3,1,-1,2;6191,0,1,-1,2;6234,3,1,-1,2;6276,0,1,-1,2;6319,2,1,-1,2;6362,1,1,-1,3;6362,2,1,-1,3;6404,0,1,-1,2;6447,3,1,-1,2;6489,0,1,-1,3;6489,3,1,-1,3;6532,1,1,-1,2;6574,3,1,-1,2;6617,0,1,-1,2;6638,2,1,-1,0;6681,3,1,-1,0;6723,0,1,-1,0;6745,3,1,-1,2;6766,1,1,-1,0;6808,1,2,20,1;6808,2,2,21,1;6979,3,1,-1,0;7000,0,1,-1,2;7021,2,1,-1,0;7064,1,1,-1,0;7085,3,1,-1,2;7106,2,1,-1,0;7149,3,2,22,0;7191,1,1,-1,0;7234,0,2,23,0;7276,2,1,-1,0;7319,0,1,-1,0;7351,2,1,-1,2;7383,1,1,-1,2;7404,3,1,-1,0;7436,2,1,-1,2;7468,3,1,-1,2;7489,1,2,24,0;7574,3,1,-1,0;7617,0,1,-1,0;7659,2,1,-1,0;7681,0,1,-1,2;7702,1,1,-1,0;7745,2,1,-1,0;7766,3,1,-1,2;7787,1,1,-1,0;7830,2,2,25,0;7872,1,1,-1,0;7915,1,2,26,0;7957,2,1,-1,0;8000,2,1,-1,0;8032,0,1,-1,2;8064,3,1,-1,2;8085,1,1,-1,0;8117,2,1,-1,2;8149,0,1,-1,2;8170,3,2,27,0;8255,0,1,-1,0;8298,3,1,-1,0;8340,0,2,28,1;8340,3,2,29,1;8510,1,2,30,1;8510,2,2,31,1;8596,0,2,32,1;8596,3,2,33,1;8681,2,1,-1,0;8702,3,1,-1,2;8723,1,1,-1,0;8766,3,1,-1,0;8787,0,1,-1,2;8808,1,1,-1,0;8851,3,1,-1,0;8893,0,1,-1,0;8936,3,1,-1,0;8957,0,1,-1,2;8979,2,1,-1,0;9021,1,2,34,1;9021,2,2,35,1;9362,2,2,36,0;9404,0,1,-1,0;9447,1,2,37,0;9489,3,1,-1,0;9532,3,1,-1,0;9574,0,1,-1,0;9617,2,1,-1,0;9638,0,1,-1,2;9659,3,1,-1,0","h":"1,2,851,1149;2,0,1191,1234;3,3,1276,1319;4,2,1361,1404;5,1,1447,1489;6,0,1532,1830;7,3,1532,1830;8,2,1872,1915;9,1,1957,2000;10,3,2553,2596;11,0,2638,2681;12,2,2723,2766;13,1,2808,2851;14,0,3234,3276;15,3,3319,3362;16,1,3404,3489;17,2,3404,3489;18,1,4085,4127;19,1,4766,4808;20,1,6808,6936;21,2,6808,6936;22,3,7149,7191;23,0,7234,7276;24,1,7489,7532;25,2,7830,7872;26,1,7915,7957;27,3,8170,8213;28,0,8340,8468;29,3,8340,8468;30,1,8510,8553;31,2,8510,8553;32,0,8596,8638;33,3,8596,8638;34,1,9021,9319;35,2,9021,9319;36,2,9362,9404;37,1,9447,9489"}