{"v":1,"fmt":"sldr-chart-v1","id":"my-summer-love-tommy-s-smile-mix","d":"Challenge","m":12,"du":102.51,"tr":295,"ch":27,"mx":2,"of":181,"sr":[0.523526,0.5,0.091525,0.034161,0.562112],"n":"749,2,1,-1,2;809,3,1,-1,2;854,0,1,-1,2;869,1,1,-1,2;884,0,1,-1,2;929,3,1,-1,2;989,1,1,-1,2;1034,2,1,-1,2;1049,0,1,-1,2;1064,2,1,-1,2;1094,1,1,-1,2;1109,3,1,-1,2;1124,1,1,-1,2;1154,3,1,-1,2;1169,0,1,-1,2;1184,3,1,-1,2;1229,2,1,-1,2;1288,0,1,-1,3;1288,1,1,-1,3;1333,2,1,-1,2;1348,3,1,-1,2;1363,2,1,-1,2;1408,1,1,-1,2;1468,0,1,-1,3;1468,3,1,-1,3;1513,2,1,-1,2;1528,0,1,-1,2;1543,1,1,-1,2;1588,2,1,-1,2;1648,1,1,-1,2;1708,3,1,-1,2;1768,1,1,-1,3;1768,2,1,-1,3;1813,0,1,-1,2;1828,3,1,-1,2;1843,0,1,-1,2;1888,2,1,-1,2;1918,0,1,-1,0;1948,3,1,-1,2;1963,1,1,-1,2;1978,3,1,-1,0;1993,0,1,-1,2;2023,2,1,-1,2;2053,1,1,-1,2;2068,3,1,-1,2;2098,0,1,-1,0;2128,3,1,-1,2;2158,0,1,-1,0;2188,3,1,-1,2;2218,1,1,-1,0;2248,3,1,-1,2;2278,2,1,-1,0;2308,1,1,-1,2;2338,2,1,-1,0;2368,1,1,-1,2;2398,0,1,-1,0;2428,3,1,-1,2;2458,2,1,-1,0;2488,1,1,-1,2;2517,0,1,-1,0;2547,3,1,-1,2;2577,1,1,-1,0;2607,2,1,-1,2;2637,0,1,-1,0;2667,0,1,-1,2;2697,3,1,-1,0;2727,2,1,-1,2;2757,1,1,-1,0;2787,2,1,-1,2;2817,3,1,-1,0;2847,0,1,-1,2;2877,3,1,-1,0;2907,3,1,-1,2;2937,2,1,-1,0;2967,1,1,-1,2;2997,0,1,-1,0;3027,2,1,-1,2;3057,1,1,-1,0;3087,3,1,-1,2;3117,2,1,-1,0;3147,2,1,-1,2;3177,0,1,-1,1;3177,2,1,-1,1;3207,3,1,-1,2;3237,1,1,-1,0;3267,1,1,-1,2;3297,1,1,-1,1;3297,3,1,-1,1;3327,0,1,-1,2;3357,3,1,-1,0;3387,2,1,-1,2;3417,1,1,-1,0;3447,0,1,-1,3;3447,2,1,-1,3;3477,1,1,-1,0;3507,3,1,-1,2;3537,0,1,-1,1;3537,2,1,-1,1;3567,1,1,-1,2;3597,0,1,-1,0;3627,3,1,-1,2;3657,1,1,-1,1;3657,2,1,-1,1;3687,0,1,-1,2;3717,1,1,-1,0;3746,2,1,-1,2;3776,3,1,-1,0;3806,1,1,-1,3;3806,2,1,-1,3;3836,0,1,-1,0;3866,3,1,-1,2;3881,1,1,-1,2;3896,3,1,-1,0;3926,0,1,-1,2;3956,1,1,-1,1;3956,2,1,-1,1;4016,1,1,-1,1;4016,2,1,-1,1;4076,0,1,-1,0;4106,3,1,-1,2;4136,1,1,-1,0;4166,2,1,-1,2;4181,1,1,-1,2;4226,3,1,-1,2;4256,0,1,-1,0;4286,2,1,-1,2;4316,0,1,-1,0;4346,1,1,-1,2;4376,2,1,-1,0;4406,1,1,-1,2;4436,0,1,-1,1;4436,3,1,-1,1;4496,0,1,-1,1;4496,3,1,-1,1;4556,3,1,-1,0;4586,0,1,-1,2;4616,1,1,-1,0;4646,2,1,-1,2;4661,1,1,-1,2;4706,0,1,-1,2;4736,3,1,-1,0;4766,2,1,-1,2;4796,0,1,-1,0;4826,2,1,-1,2;4856,1,1,-1,0;4886,0,1,-1,2;4916,2,1,-1,1;4916,3,1,-1,1;4975,0,1,-1,1;4975,1,1,-1,1;5035,2,1,-1,0;5065,0,1,-1,2;5095,1,1,-1,0;5125,3,1,-1,2;5140,1,1,-1,2;5185,1,1,-1,3;5185,2,1,-1,3;5215,3,1,-1,0;5245,1,1,-1,2;5275,2,1,-1,0;5305,0,1,-1,2;5335,3,1,-1,0;5365,1,1,-1,2;5395,0,1,-1,1;5395,2,1,-1,1;5455,1,1,-1,1;5455,3,1,-1,1;5515,2,1,-1,0;5545,1,1,-1,2;5575,3,1,-1,0;5605,0,1,-1,2;5620,1,1,-1,2;5665,0,1,-1,2;5695,2,1,-1,0;5725,1,1,-1,2;5755,2,1,-1,0;5785,0,1,-1,2;5815,1,1,-1,0;5845,2,1,-1,2;5875,0,1,-1,1;5875,3,1,-1,1;5935,1,1,-1,1;5935,2,1,-1,1;5965,3,1,-1,2;5995,0,2,1,0;6025,2,1,-1,2;6055,2,1,-1,0;6085,2,1,-1,2;6115,3,2,2,0;6145,1,1,-1,2;6175,1,1,-1,0;6205,1,1,-1,2;6234,2,2,3,0;6264,0,1,-1,2;6294,1,1,-1,0;6324,0,1,-1,2;6354,1,2,4,0;6384,2,1,-1,2;6414,3,1,-1,0;6474,0,2,5,0;6504,2,1,-1,2;6534,3,1,-1,0;6564,2,1,-1,2;6594,3,2,6,0;6624,0,1,-1,2;6654,1,1,-1,0;6684,0,1,-1,2;6714,0,2,7,0;6744,2,1,-1,2;6774,2,2,8,0;6804,1,1,-1,2;6834,1,2,9,0;6864,3,1,-1,2;6894,3,1,-1,0;6954,0,1,-1,0;6969,2,1,-1,2;6984,0,1,-1,2;6999,1,1,-1,2;7014,0,1,-1,0;7044,3,1,-1,2;7089,2,1,-1,2;7104,3,1,-1,2;7119,1,1,-1,2;7134,3,1,-1,0;7164,0,1,-1,2;7194,2,1,-1,0;7209,1,1,-1,2;7224,2,1,-1,2;7239,1,1,-1,2;7254,2,1,-1,0;7284,0,1,-1,2;7299,1,1,-1,2;7329,3,1,-1,2;7344,1,1,-1,2;7374,2,1,-1,0;7434,3,1,-1,0;7448,1,1,-1,2;7463,3,1,-1,2;7478,0,1,-1,2;7493,2,1,-1,0;7523,2,1,-1,2;7538,1,1,-1,2;7568,3,1,-1,2;7583,0,1,-1,2;7598,1,1,-1,2;7613,2,1,-1,0;7673,0,1,-1,0;7688,3,1,-1,2;7703,1,1,-1,2;7718,3,1,-1,2;7733,2,1,-1,0;7763,1,1,-1,2;7778,0,1,-1,2;7793,3,1,-1,0;7813,0,1,-1,2;7833,2,1,-1,2;7853,1,1,-1,0;7913,3,1,-1,0;7943,1,1,-1,2;7973,2,1,-1,0;8003,0,1,-1,2;8018,1,1,-1,2;8063,2,1,-1,2;8093,1,1,-1,0;8123,3,1,-1,2;8153,0,1,-1,0;8183,3,1,-1,2;8213,2,1,-1,0;8243,1,1,-1,2;8273,0,1,-1,1;8273,3,1,-1,1;8333,0,1,-1,1;8333,3,1,-1,1;8393,2,1,-1,0;8423,1,1,-1,2;8453,3,1,-1,0;8483,2,1,-1,2;8498,1,1,-1,2;8543,0,1,-1,2;8573,3,1,-1,0;8603,2,1,-1,2;8633,1,1,-1,0;8663,2,1,-1,2;8692,3,1,-1,0;8722,0,1,-1,2;8752,1,1,-1,1;8752,2,1,-1,1;8812,1,1,-1,1;8812,2,1,-1,1;8872,3,1,-1,0;8902,1,1,-1,2;8932,0,1,-1,0;8962,1,1,-1,2;8977,3,1,-1,2;9022,0,1,-1,3;9022,1,1,-1,3;9052,3,1,-1,0;9082,1,1,-1,2;9112,2,1,-1,0;9142,1,1,-1,2;9172,3,1,-1,0;9202,0,1,-1,2;9232,1,1,-1,1;9232,2,1,-1,1;9292,1,1,-1,1;9292,2,1,-1,1;9352,0,1,-1,0;9382,1,1,-1,2;9412,3,1,-1,0;9442,1,1,-1,2;9457,0,1,-1,2;9502,3,1,-1,2;9532,1,1,-1,0;9562,2,1,-1,2;9592,0,1,-1,0;9622,3,1,-1,2;9652,2,1,-1,0;9682,1,1,-1,2;9712,0,2,10,0;9772,3,2,11,0;9921,3,1,-1,2;9951,3,1,-1,0","h":"1,0,5995,6085;2,3,6115,6205;3,2,6234,6324;4,1,6354,6414;5,0,6474,6564;6,3,6594,6654;7,0,6714,6774;8,2,6774,6834;9,1,6834,6894;11,3,9772,9892;10,0,9712,9951"}