{"v":1,"fmt":"sldr-chart-v1","id":"brilliant-2u-k-o-g-g3-mix","d":"Challenge","m":10,"du":85.76,"tr":267,"ch":35,"mx":2,"of":173,"sr":[0.586909,0.5,0.131086,0.006623,0.572848],"n":"829,1,1,-1,2;847,2,1,-1,0;882,0,1,-1,0;917,3,1,-1,0;952,1,1,-1,0;988,3,1,-1,0;1023,1,1,-1,0;1058,2,1,-1,0;1094,0,1,-1,0;1111,3,1,-1,2;1129,1,1,-1,0;1164,2,1,-1,0;1199,0,1,-1,0;1235,3,1,-1,0;1270,0,1,-1,0;1305,2,1,-1,0;1341,1,1,-1,0;1376,3,1,-1,0;1394,0,1,-1,2;1411,0,1,-1,1;1411,3,1,-1,1;1447,2,1,-1,0;1464,1,1,-1,2;1482,2,1,-1,0;1517,0,1,-1,1;1517,3,1,-1,1;1552,1,1,-1,1;1552,2,1,-1,1;1588,3,1,-1,0;1605,0,1,-1,2;1641,1,1,-1,2;1658,2,1,-1,0;1694,2,1,-1,0;1729,3,1,-1,0;1764,0,1,-1,0;1782,3,1,-1,2;1799,1,1,-1,0;1835,2,1,-1,0;1870,1,1,-1,0;1905,3,1,-1,0;1923,1,1,-1,2;1941,0,1,-1,0;1976,1,1,-1,0;2011,2,1,-1,0;2047,0,1,-1,0;2064,3,1,-1,2;2082,1,1,-1,0;2117,2,1,-1,0;2152,0,1,-1,0;2188,3,1,-1,0;2205,0,1,-1,2;2223,1,1,-1,0;2258,2,1,-1,0;2294,1,1,-1,0;2329,0,1,-1,0;2347,1,1,-1,2;2364,3,1,-1,0;2399,1,1,-1,0;2435,2,1,-1,0;2470,3,1,-1,0;2488,0,1,-1,2;2505,1,1,-1,0;2541,0,1,-1,0;2576,3,1,-1,0;2611,0,1,-1,0;2629,3,1,-1,2;2647,1,1,-1,0;2682,3,1,-1,0;2717,0,1,-1,0;2752,3,1,-1,0;2770,0,1,-1,2;2788,1,1,-1,0;2841,0,1,-1,3;2841,3,1,-1,3;2876,1,1,-1,3;2876,2,1,-1,3;2911,0,1,-1,3;2911,3,1,-1,3;2947,1,1,-1,3;2947,2,1,-1,3;2982,0,1,-1,3;2982,2,1,-1,3;3017,1,1,-1,3;3017,3,1,-1,3;3052,2,1,-1,3;3052,3,1,-1,3;3088,0,1,-1,3;3088,1,1,-1,3;3123,3,1,-1,2;3158,0,1,-1,2;3194,2,1,-1,2;3229,1,1,-1,2;3264,2,1,-1,2;3299,0,1,-1,2;3335,3,1,-1,2;3370,1,1,-1,2;3405,0,1,-1,3;3405,2,1,-1,3;3441,1,1,-1,3;3441,2,1,-1,3;3476,1,1,-1,3;3476,3,1,-1,3;3511,0,1,-1,3;3511,3,1,-1,3;3547,0,1,-1,3;3547,1,1,-1,3;3582,2,1,-1,3;3582,3,1,-1,3;3617,1,1,-1,3;3617,2,1,-1,3;3652,0,1,-1,3;3652,3,1,-1,3;3688,1,1,-1,3;3688,2,1,-1,3;3723,0,1,-1,3;3723,3,1,-1,3;3758,1,1,-1,3;3758,2,1,-1,3;3794,0,1,-1,3;3794,3,1,-1,3;3811,2,1,-1,0;3838,1,1,-1,2;3864,3,1,-1,2;3899,0,1,-1,2;3917,3,1,-1,0;3952,2,1,-1,0;3979,3,1,-1,2;4005,1,1,-1,2;4041,0,1,-1,2;4058,1,1,-1,0;4076,3,1,-1,2;4094,0,1,-1,0;4129,0,1,-1,0;4164,0,1,-1,0;4199,0,1,-1,0;4235,2,1,-1,0;4261,0,1,-1,2;4288,1,1,-1,2;4323,3,1,-1,2;4341,1,1,-1,0;4358,0,1,-1,2;4376,3,1,-1,0;4411,3,1,-1,0;4447,3,1,-1,0;4482,3,1,-1,0;4517,0,1,-1,0;4544,3,1,-1,2;4570,1,1,-1,2;4605,2,1,-1,2;4623,0,1,-1,0;4641,1,1,-1,2;4658,3,1,-1,0;4676,1,1,-1,2;4694,0,1,-1,0;4729,1,1,-1,1;4729,2,1,-1,1;4764,0,1,-1,1;4764,3,1,-1,1;4799,2,1,-1,0;4826,0,1,-1,2;4852,1,1,-1,2;4888,0,1,-1,2;4905,3,1,-1,0;4923,1,1,-1,2;4941,2,1,-1,0;4967,1,1,-1,2;4994,3,1,-1,2;5029,0,1,-1,2;5047,1,1,-1,0;5064,2,1,-1,2;5082,3,1,-1,0;5117,0,1,-1,0;5135,1,2,1,2;5223,3,1,-1,0;5258,0,1,-1,0;5294,3,1,-1,0;5329,0,1,-1,0;5347,3,1,-1,2;5364,1,1,-1,0;5391,2,1,-1,2;5417,0,1,-1,2;5452,3,1,-1,2;5470,0,1,-1,0;5488,1,1,-1,2;5505,2,1,-1,0;5541,3,1,-1,0;5576,0,1,-1,0;5611,1,1,-1,0;5647,0,1,-1,0;5682,3,1,-1,0;5699,1,2,2,2;5788,0,1,-1,0;5823,3,1,-1,0;5858,0,1,-1,0;5894,3,1,-1,0;5911,0,1,-1,2;5929,1,1,-1,0;5955,2,1,-1,2;5982,3,1,-1,2;6017,0,1,-1,2;6035,3,1,-1,0;6052,1,1,-1,2;6070,2,1,-1,0;6105,0,1,-1,0;6141,3,1,-1,0;6158,0,1,-1,2;6176,1,1,-1,0;6211,2,1,-1,0;6229,3,1,-1,2;6247,0,1,-1,0;6255,1,1,-1,2;6273,0,1,-1,2;6291,3,1,-1,2;6335,1,1,-1,2;6352,2,1,-1,0;6370,0,1,-1,2;6388,3,1,-1,0;6397,1,1,-1,2;6414,3,1,-1,2;6494,0,1,-1,0;6511,2,1,-1,2;6529,1,1,-1,0;6538,2,1,-1,2;6555,1,1,-1,2;6573,3,1,-1,2;6617,0,1,-1,2;6635,3,1,-1,0;6652,2,1,-1,2;6670,1,1,-1,0;6679,2,1,-1,2;6697,1,1,-1,2;6776,0,1,-1,0;6794,3,1,-1,2;6811,1,1,-1,0;6820,2,1,-1,2;6838,1,1,-1,2;6855,3,1,-1,2;6899,0,1,-1,2;6917,3,1,-1,0;6935,0,1,-1,2;6952,1,1,-1,0;6961,2,1,-1,2;6979,1,1,-1,2;7058,2,1,-1,0;7076,3,1,-1,2;7094,1,1,-1,0;7102,3,1,-1,2;7120,1,1,-1,2;7138,2,1,-1,2;7182,0,1,-1,2;7199,2,1,-1,0;7217,0,1,-1,2;7235,1,1,-1,0;7244,0,1,-1,2;7261,1,1,-1,2;7358,2,1,-1,2;7394,0,1,-1,2;7429,2,1,-1,2;7464,1,1,-1,2;7499,3,1,-1,2;7535,1,1,-1,2;7570,3,1,-1,2;7605,0,1,-1,2;7641,1,1,-1,2;7676,2,1,-1,3;7676,3,1,-1,3;7711,1,1,-1,2;7747,0,1,-1,2;7782,3,1,-1,2;7817,0,1,-1,3;7817,1,1,-1,3;7852,2,1,-1,2;7888,3,1,-1,2;7923,0,1,-1,3;7923,2,1,-1,3;7958,1,1,-1,2;7994,2,1,-1,3;7994,3,1,-1,3;8029,0,1,-1,2;8064,1,1,-1,3;8064,3,1,-1,3;8099,2,1,-1,2;8135,0,1,-1,3;8135,1,1,-1,3;8170,3,1,-1,2;8205,1,1,-1,3;8205,2,1,-1,3;8241,0,1,-1,3;8241,3,1,-1,3;8276,1,1,-1,3;8276,2,1,-1,3;8311,0,1,-1,3;8311,3,1,-1,3;8329,2,1,-1,0;8347,0,1,-1,2;8364,3,1,-1,0;8382,1,1,-1,2;8399,2,1,-1,0;8417,1,1,-1,2;8435,3,1,-1,0;8452,1,1,-1,2;8470,2,1,-1,0","h":"1,1,5135,5329;2,1,5699,5894"}