{"v":1,"fmt":"sldr-chart-v1","id":"higher-next-morning-mix","d":"Challenge","m":11,"du":97.66,"tr":284,"ch":23,"mx":2,"of":145,"sr":[0.523927,0.5,0.080986,0.009772,0.472313],"n":"908,0,1,-1,1;908,2,1,-1,1;954,1,1,-1,1;954,3,1,-1,1;999,0,1,-1,1;999,3,1,-1,1;1113,3,1,-1,2;1135,0,1,-1,0;1181,3,1,-1,0;1215,0,1,-1,2;1249,2,1,-1,2;1294,0,1,-1,2;1317,3,1,-1,0;1362,2,1,-1,0;1397,0,1,-1,2;1431,1,1,-1,2;1453,3,2,1,0;1658,1,1,-1,3;1658,2,1,-1,3;1703,0,1,-1,3;1703,3,1,-1,3;1749,0,1,-1,3;1749,2,1,-1,3;1771,1,1,-1,1;1771,3,1,-1,1;1862,3,1,-1,0;1953,0,1,-1,0;2044,1,1,-1,0;2112,1,1,-1,2;2135,2,1,-1,0;2180,3,1,-1,0;2203,0,1,-1,2;2226,1,1,-1,0;2248,0,1,-1,2;2271,3,1,-1,0;2294,1,1,-1,2;2316,3,1,-1,0;2339,0,1,-1,2;2362,2,1,-1,0;2385,0,1,-1,2;2407,1,1,-1,0;2430,0,1,-1,2;2453,2,1,-1,0;2475,1,1,-1,2;2498,3,1,-1,0;2521,2,1,-1,2;2544,1,1,-1,0;2566,0,1,-1,2;2589,3,1,-1,0;2612,1,1,-1,2;2634,2,1,-1,0;2657,1,1,-1,2;2680,3,1,-1,0;2703,0,1,-1,2;2725,3,1,-1,0;2748,2,1,-1,2;2771,0,1,-1,0;2793,2,1,-1,2;2816,3,1,-1,0;2839,0,1,-1,2;2862,1,1,-1,0;2884,3,1,-1,2;2907,1,1,-1,0;2930,0,1,-1,2;2952,3,1,-1,0;2975,2,1,-1,2;2998,1,1,-1,0;3021,0,1,-1,2;3043,3,1,-1,0;3066,1,1,-1,2;3089,2,1,-1,0;3111,1,1,-1,2;3134,3,1,-1,0;3157,1,1,-1,2;3180,0,1,-1,0;3202,1,1,-1,2;3225,3,1,-1,0;3248,0,1,-1,2;3270,2,1,-1,0;3304,1,1,-1,2;3339,3,1,-1,2;3384,0,1,-1,2;3407,3,1,-1,0;3429,1,1,-1,2;3452,2,1,-1,0;3486,0,1,-1,2;3520,1,1,-1,2;3543,2,1,-1,0;3588,2,1,-1,0;3634,2,1,-1,0;3668,3,1,-1,2;3702,0,1,-1,2;3725,3,1,-1,0;3759,0,1,-1,2;3793,2,1,-1,2;3815,0,1,-1,0;3838,1,1,-1,2;3850,2,1,-1,2;3884,1,1,-1,2;3929,0,1,-1,2;3952,3,1,-1,0;3974,1,1,-1,2;3997,2,1,-1,0;4031,0,1,-1,2;4065,3,1,-1,2;4111,1,1,-1,2;4133,2,1,-1,0;4156,0,1,-1,2;4179,3,1,-1,0;4224,1,1,-1,1;4224,2,1,-1,1;4270,0,1,-1,1;4270,1,1,-1,1;4315,2,1,-1,1;4315,3,1,-1,1;4361,0,1,-1,0;4395,1,1,-1,2;4429,2,1,-1,2;4451,3,1,-1,0;4474,1,1,-1,2;4497,2,1,-1,0;4520,0,1,-1,2;4565,3,1,-1,2;4588,0,1,-1,0;4633,2,1,-1,0;4667,0,1,-1,2;4701,3,1,-1,2;4724,1,1,-1,1;4724,2,1,-1,1;4769,0,1,-1,1;4769,3,1,-1,1;4815,1,1,-1,1;4815,2,1,-1,1;4860,3,1,-1,0;4883,0,1,-1,2;4906,1,2,2,0;4951,3,1,-1,0;5042,0,1,-1,0;5133,3,1,-1,0;5201,0,1,-1,2;5224,0,1,-1,0;5246,3,1,-1,2;5269,1,2,3,0;5315,0,1,-1,0;5405,3,1,-1,0;5428,0,1,-1,2;5451,1,1,-1,0;5496,1,1,-1,1;5496,3,1,-1,1;5542,0,1,-1,1;5542,1,1,-1,1;5587,1,1,-1,1;5587,3,1,-1,1;5633,0,1,-1,0;5655,3,1,-1,2;5678,0,1,-1,0;5701,1,1,-1,2;5723,0,1,-1,0;5746,2,1,-1,2;5769,0,1,-1,0;5814,3,1,-1,0;5837,0,1,-1,2;5860,3,1,-1,0;5882,2,1,-1,2;5905,3,1,-1,0;5928,1,1,-1,2;5951,3,1,-1,0;6019,0,1,-1,2;6041,1,1,-1,0;6087,2,1,-1,0;6121,3,1,-1,2;6155,1,1,-1,2;6189,0,1,-1,2;6200,3,1,-1,2;6223,1,1,-1,0;6269,2,1,-1,0;6291,0,1,-1,2;6314,3,1,-1,0;6325,0,1,-1,2;6359,2,1,-1,0;6382,0,1,-1,2;6405,2,1,-1,0;6428,3,1,-1,2;6450,2,1,-1,0;6473,1,1,-1,2;6496,2,1,-1,0;6541,1,1,-1,0;6564,3,1,-1,2;6587,1,1,-1,0;6609,0,1,-1,2;6632,1,1,-1,0;6655,2,1,-1,2;6677,1,1,-1,0;6723,3,1,-1,0;6746,0,1,-1,2;6768,2,1,-1,0;6791,1,1,-1,2;6814,3,1,-1,0;6836,2,1,-1,2;6859,1,1,-1,0;6905,0,1,-1,0;6927,2,1,-1,2;6950,1,1,-1,0;6973,3,1,-1,2;7018,1,1,-1,3;7018,2,1,-1,3;7052,0,1,-1,3;7052,3,1,-1,3;7086,2,1,-1,0;7109,0,1,-1,2;7132,3,1,-1,0;7154,1,1,-1,2;7177,0,1,-1,0;7200,1,1,-1,2;7223,3,1,-1,0;7268,2,1,-1,0;7291,3,1,-1,2;7313,0,1,-1,0;7336,1,1,-1,2;7359,3,1,-1,0;7382,1,1,-1,2;7404,0,1,-1,0;7450,2,1,-1,0;7472,0,1,-1,2;7495,1,1,-1,0;7518,3,1,-1,2;7541,1,1,-1,0;7563,0,1,-1,2;7586,3,1,-1,0;7609,1,1,-1,2;7631,0,1,-1,0;7654,1,1,-1,2;7677,3,1,-1,0;7700,2,1,-1,2;7722,3,1,-1,0;7745,0,1,-1,2;7768,1,1,-1,0;7813,2,1,-1,0;7836,1,1,-1,2;7858,3,1,-1,0;7881,3,1,-1,2;7904,2,1,-1,0;7927,1,1,-1,2;7949,0,1,-1,0;7972,0,1,-1,2;7995,2,1,-1,0;8017,2,1,-1,2;8040,1,1,-1,0;8063,1,1,-1,2;8086,3,1,-1,0;8108,3,1,-1,2;8131,0,1,-1,0;8154,0,1,-1,2;8176,2,1,-1,0;8199,0,1,-1,2;8222,1,1,-1,0;8245,2,1,-1,2;8267,3,1,-1,0;8290,1,1,-1,2;8313,2,1,-1,0;8335,1,1,-1,2;8358,3,1,-1,0;8381,2,1,-1,2;8404,1,1,-1,0;8426,0,1,-1,2;8449,1,1,-1,0;8472,2,1,-1,2;8506,3,1,-1,2;8540,2,1,-1,0;8563,3,1,-1,2;8585,2,1,-1,0;8608,1,1,-1,2;8631,0,1,-1,0;8653,1,1,-1,2;8676,2,1,-1,0;8722,3,1,-1,0;8744,0,1,-1,2;8767,3,1,-1,0;8790,2,1,-1,2;8812,1,1,-1,0;8835,2,1,-1,2;8858,3,1,-1,0;8903,0,1,-1,0;8926,1,1,-1,2;8949,3,1,-1,0;8971,1,1,-1,2;8994,2,1,-1,0;9017,3,1,-1,2;9040,1,1,-1,0;9062,0,1,-1,2;9085,1,1,-1,0;9108,2,1,-1,2;9130,0,1,-1,0;9153,1,1,-1,2;9176,3,1,-1,0;9199,1,1,-1,2;9221,0,1,-1,0;9289,0,1,-1,3;9289,3,1,-1,3;9335,1,1,-1,3;9335,2,1,-1,3;9380,0,1,-1,3;9380,1,1,-1,3;9414,1,1,-1,3;9414,3,1,-1,3;9448,0,1,-1,1;9448,3,1,-1,1","h":"1,3,1453,1590;2,1,4906,5224;3,1,5269,5405"}