{"v":1,"fmt":"sldr-chart-v1","id":"nothing-gonna-stop-dance-mania-mix","d":"Hard","m":7,"du":97.25,"tr":262,"ch":24,"mx":2,"of":103,"sr":[0.490146,0.5,0.091603,0.129371,0.36014],"n":"497,0,2,1,1;497,3,1,-1,1;538,1,1,-1,0;580,1,1,-1,0;621,1,1,-1,0;663,0,1,-1,1;663,3,2,2,1;704,1,1,-1,0;745,1,1,-1,0;787,1,1,-1,0;828,2,1,-1,0;849,0,1,-1,2;869,2,1,-1,0;911,1,1,-1,0;932,3,1,-1,2;952,1,1,-1,0;994,2,1,-1,0;1014,1,1,-1,2;1035,2,1,-1,0;1076,0,1,-1,0;1097,3,1,-1,2;1118,0,1,-1,0;1159,2,1,-1,1;1159,3,1,-1,1;1201,0,1,-1,1;1201,1,1,-1,1;1242,1,1,-1,1;1242,3,1,-1,1;1283,0,1,-1,1;1283,3,1,-1,1;1325,2,1,-1,0;1345,3,1,-1,2;1366,1,1,-1,0;1387,0,1,-1,2;1407,1,1,-1,0;1428,3,1,-1,2;1449,2,1,-1,0;1490,0,2,3,1;1490,3,2,4,1;1573,2,1,-1,0;1594,0,1,-1,2;1614,1,1,-1,0;1635,2,1,-1,2;1656,3,2,5,0;1738,2,1,-1,0;1759,3,1,-1,2;1780,1,1,-1,0;1801,2,1,-1,2;1821,0,2,6,0;1904,1,1,-1,0;1925,2,1,-1,2;1945,1,1,-1,0;1966,0,1,-1,2;1987,2,2,7,0;2069,0,1,-1,0;2090,1,1,-1,2;2111,3,1,-1,0;2132,1,1,-1,2;2152,2,2,8,0;2235,3,1,-1,0;2256,1,1,-1,2;2276,0,1,-1,0;2297,1,1,-1,2;2318,3,2,9,0;2401,0,1,-1,0;2421,2,1,-1,2;2442,1,1,-1,0;2463,3,1,-1,2;2483,1,2,10,0;2566,2,1,-1,0;2587,0,1,-1,2;2607,1,1,-1,0;2628,2,2,11,2;2649,3,2,12,0;2814,0,2,13,1;2814,3,2,14,1;2897,2,1,-1,0;2918,0,1,-1,2;2938,1,1,-1,0;2959,2,1,-1,2;2980,1,2,15,0;3063,2,1,-1,0;3083,3,1,-1,2;3104,1,1,-1,0;3125,2,1,-1,2;3145,1,2,16,0;3228,0,1,-1,0;3249,1,1,-1,2;3269,3,1,-1,0;3290,0,1,-1,2;3311,1,2,17,0;3394,0,1,-1,0;3414,3,1,-1,2;3435,1,1,-1,0;3456,2,1,-1,2;3476,0,2,18,0;3559,2,1,-1,0;3580,0,1,-1,2;3601,1,1,-1,0;3621,2,1,-1,2;3642,3,2,19,0;3725,2,1,-1,0;3745,3,1,-1,2;3766,1,1,-1,0;3787,2,1,-1,2;3807,0,2,20,0;3890,3,1,-1,0;3911,2,1,-1,2;3932,1,1,-1,0;3952,2,1,-1,2;3973,3,1,-1,0;3994,1,1,-1,2;4014,0,1,-1,0;4035,1,1,-1,2;4056,3,1,-1,0;4076,2,1,-1,2;4097,1,1,-1,0;4138,0,1,-1,1;4138,3,1,-1,1;4159,1,1,-1,2;4201,2,1,-1,2;4242,3,1,-1,2;4283,1,1,-1,2;4304,2,1,-1,0;4325,0,1,-1,2;4366,1,1,-1,2;4407,3,1,-1,2;4449,1,1,-1,2;4469,0,1,-1,0;4490,3,1,-1,2;4532,2,1,-1,2;4573,3,1,-1,2;4614,0,1,-1,2;4635,1,1,-1,0;4656,2,1,-1,2;4697,3,1,-1,2;4738,0,1,-1,2;4780,1,1,-1,2;4801,3,1,-1,0;4821,1,1,-1,2;4863,2,1,-1,2;4904,3,1,-1,2;4945,1,1,-1,2;4966,2,1,-1,0;4987,0,1,-1,2;5028,3,1,-1,2;5069,2,1,-1,2;5111,1,1,-1,2;5132,0,1,-1,0;5152,3,1,-1,2;5194,0,1,-1,2;5235,1,1,-1,2;5276,2,1,-1,2;5297,0,2,21,1;5297,3,2,22,1;5463,0,1,-1,1;5463,3,1,-1,1;5504,2,1,-1,0;5525,1,1,-1,2;5545,3,1,-1,0;5566,2,1,-1,2;5587,1,1,-1,0;5628,0,1,-1,1;5628,3,1,-1,1;5669,2,1,-1,0;5690,1,1,-1,2;5711,0,1,-1,0;5732,2,1,-1,2;5752,1,1,-1,0;5794,2,1,-1,1;5794,3,1,-1,1;5835,1,1,-1,0;5856,0,1,-1,2;5876,3,1,-1,0;5897,2,1,-1,2;5918,1,1,-1,0;5959,1,1,-1,1;5959,3,1,-1,1;6001,2,1,-1,0;6021,1,1,-1,2;6042,3,1,-1,0;6063,1,1,-1,2;6083,0,1,-1,0;6125,0,2,23,1;6125,2,1,-1,1;6166,1,1,-1,0;6207,2,1,-1,1;6207,3,2,24,1;6249,1,1,-1,0;6290,0,2,25,1;6290,3,2,26,1;6456,1,2,27,1;6456,2,2,28,1;6621,0,1,-1,0;6663,1,1,-1,0;6704,3,1,-1,0;6745,1,1,-1,0;6787,0,2,29,1;6787,3,2,30,1;6869,0,1,-1,0;6890,3,1,-1,2;6911,0,1,-1,0;6952,2,1,-1,0;6973,3,1,-1,2;6994,1,1,-1,0;7035,2,1,-1,0;7056,0,1,-1,2;7076,1,1,-1,0;7118,2,1,-1,0;7138,3,1,-1,2;7159,2,1,-1,0;7201,1,1,-1,0;7221,0,1,-1,2;7242,1,1,-1,0;7283,2,1,-1,0;7304,1,1,-1,2;7325,0,1,-1,0;7345,2,1,-1,2;7366,1,1,-1,0;7387,3,1,-1,2;7407,1,1,-1,0;7449,0,2,31,1;7449,2,1,-1,1;7490,1,1,-1,0;7532,2,1,-1,1;7532,3,2,32,1;7573,1,1,-1,0;7614,0,2,33,1;7614,3,2,34,1;7780,2,1,-1,0;7801,1,1,-1,2;7842,0,2,35,3;7842,3,2,36,3;7945,2,2,37,0;8111,0,1,-1,0;8152,1,1,-1,0;8194,2,1,-1,0;8214,3,1,-1,2;8235,2,1,-1,0;8276,3,1,-1,0;8318,1,1,-1,0;8359,2,1,-1,0;8380,0,1,-1,2;8401,2,1,-1,0;8442,1,1,-1,0;8463,2,1,-1,2;8483,0,1,-1,0;8504,3,1,-1,2;8525,2,1,-1,0;8545,3,1,-1,2;8566,0,1,-1,0;8587,1,1,-1,2;8607,2,1,-1,0;8628,3,1,-1,2;8649,2,1,-1,0;8669,1,1,-1,2;8690,0,1,-1,0;8711,3,1,-1,2;8732,1,1,-1,0;8773,3,1,-1,0;8814,2,1,-1,0;8856,1,1,-1,0;8876,0,1,-1,2;8897,1,1,-1,0;8938,0,1,-1,0;8980,2,1,-1,0;9021,1,1,-1,0;9042,3,1,-1,2;9063,1,1,-1,0;9104,2,1,-1,0;9125,1,1,-1,2;9145,3,1,-1,0;9166,0,1,-1,2;9187,1,1,-1,0;9207,0,1,-1,2;9228,3,1,-1,0;9249,2,1,-1,2;9269,1,1,-1,0;9290,0,1,-1,2;9311,1,1,-1,0;9332,2,1,-1,2;9352,3,1,-1,0;9373,0,1,-1,2;9394,2,1,-1,0;9435,0,1,-1,1;9435,3,1,-1,1","h":"1,0,497,621;2,3,663,787;4,3,1490,1532;3,0,1490,1573;5,3,1656,1738;6,0,1821,1904;7,2,1987,2069;8,2,2152,2235;9,3,2318,2401;10,1,2483,2566;11,2,2628,2773;12,3,2649,2773;14,3,2814,2856;13,0,2814,2897;15,1,2980,3063;16,1,3145,3228;17,1,3311,3394;18,0,3476,3559;19,3,3642,3725;20,0,3807,3890;21,0,5297,5421;22,3,5297,5421;23,0,6125,6166;24,3,6207,6249;25,0,6290,6414;26,3,6290,6414;27,1,6456,6580;28,2,6456,6580;29,0,6787,6828;30,3,6787,6828;31,0,7449,7490;32,3,7532,7573;33,0,7614,7738;34,3,7614,7738;35,0,7842,7904;36,3,7842,7904;37,2,7945,8069"}