{"v":1,"fmt":"sldr-chart-v1","id":"nothing-gonna-stop-dance-mania-mix","d":"Medium","m":5,"du":97.25,"tr":189,"ch":20,"mx":2,"of":26,"sr":[0.358183,0.5,0.10582,0.22488,0.124402],"n":"497,0,1,-1,0;580,0,1,-1,0;663,3,1,-1,0;745,3,1,-1,0;828,2,2,1,0;994,1,2,2,0;1159,2,1,-1,0;1180,3,1,-1,2;1201,2,1,-1,0;1242,1,1,-1,0;1263,0,1,-1,2;1283,1,1,-1,0;1325,0,1,-1,0;1345,2,1,-1,2;1366,0,1,-1,0;1407,3,1,-1,0;1428,1,1,-1,2;1449,3,1,-1,0;1490,0,2,3,1;1490,3,2,4,1;1573,1,1,-1,0;1594,2,1,-1,2;1614,1,1,-1,0;1656,0,2,5,1;1656,1,2,6,1;1738,2,1,-1,0;1759,3,1,-1,2;1780,2,1,-1,0;1821,1,2,7,1;1821,3,2,8,1;1904,0,1,-1,0;1925,1,1,-1,2;1945,0,1,-1,0;1987,2,2,9,1;1987,3,2,10,1;2069,3,1,-1,0;2090,1,1,-1,2;2111,3,1,-1,0;2152,0,2,11,1;2152,2,2,12,1;2235,1,1,-1,0;2256,2,1,-1,2;2276,1,1,-1,0;2318,0,2,13,1;2318,3,2,14,1;2401,3,1,-1,0;2421,0,1,-1,2;2442,3,1,-1,0;2483,1,2,15,1;2483,2,2,16,1;2649,3,1,-1,0;2690,0,1,-1,0;2732,2,1,-1,0;2773,1,1,-1,0;2814,0,1,-1,1;2814,3,2,17,1;2856,1,1,-1,0;2897,0,2,18,0;2938,1,1,-1,0;2980,3,2,19,0;3021,1,1,-1,0;3063,0,2,20,0;3104,1,1,-1,0;3145,3,2,21,0;3187,2,1,-1,0;3228,0,2,22,0;3269,2,1,-1,0;3311,3,2,23,0;3352,2,1,-1,0;3394,0,2,24,0;3435,2,1,-1,0;3476,0,2,25,1;3476,3,2,26,1;3559,2,1,-1,0;3601,3,1,-1,0;3642,2,1,-1,0;3683,0,1,-1,0;3725,1,1,-1,0;3766,1,1,-1,0;3807,0,2,27,1;3807,3,2,28,1;3973,1,1,-1,0;4014,1,1,-1,0;4056,1,1,-1,0;4097,1,1,-1,0;4138,0,1,-1,1;4138,3,1,-1,1;4180,1,1,-1,0;4221,2,1,-1,0;4263,3,1,-1,0;4283,0,1,-1,2;4304,1,2,29,0;4428,2,1,-1,0;4469,3,1,-1,0;4511,1,1,-1,0;4552,2,1,-1,0;4594,0,1,-1,0;4614,3,1,-1,2;4635,1,2,30,0;4801,0,1,-1,1;4801,3,1,-1,1;4863,2,1,-1,2;4925,1,1,-1,0;4966,0,1,-1,0;5028,2,1,-1,2;5090,1,1,-1,0;5132,3,2,31,0;5297,0,2,32,0;5463,2,1,-1,0;5504,1,1,-1,0;5545,3,1,-1,0;5566,0,1,-1,2;5587,1,1,-1,0;5628,2,1,-1,0;5669,3,1,-1,0;5711,0,1,-1,0;5732,3,1,-1,2;5752,1,1,-1,0;5794,2,2,33,0;5835,0,1,-1,0;5959,3,1,-1,0;6001,2,1,-1,0;6042,1,1,-1,0;6083,0,1,-1,0;6104,3,1,-1,2;6125,0,1,-1,0;6166,2,2,34,1;6166,3,1,-1,1;6207,0,1,-1,0;6249,3,1,-1,0;6290,1,2,35,0;6373,0,1,-1,0;6414,3,1,-1,0;6456,1,2,36,1;6456,2,2,37,1;6621,0,2,38,0;6787,2,1,-1,0;6828,1,1,-1,0;6869,0,1,-1,0;6890,3,1,-1,2;6911,1,1,-1,0;6952,2,1,-1,0;6994,0,1,-1,0;7035,3,1,-1,0;7056,0,1,-1,2;7076,1,1,-1,0;7118,2,2,39,0;7159,3,1,-1,0;7201,1,1,-1,0;7242,1,1,-1,0;7283,0,1,-1,0;7325,2,1,-1,0;7366,1,1,-1,0;7407,3,1,-1,0;7428,0,1,-1,2;7449,3,1,-1,0;7490,0,1,-1,1;7490,2,2,40,1;7532,3,1,-1,0;7573,0,1,-1,0;7614,1,2,41,0;7697,3,1,-1,0;7738,0,1,-1,0;7780,1,2,42,1;7780,2,2,43,1;7863,3,2,44,0;7945,0,2,45,0;8028,3,1,-1,0;8069,1,1,-1,0;8111,0,2,46,1;8111,3,2,47,1;8276,2,1,-1,0;8318,1,1,-1,0;8359,3,1,-1,0;8380,0,1,-1,2;8401,3,1,-1,0;8442,2,1,-1,0;8483,1,1,-1,0;8525,0,1,-1,0;8545,3,1,-1,2;8566,0,1,-1,0;8607,2,1,-1,0;8649,2,1,-1,0;8690,1,1,-1,0;8732,1,1,-1,0;8773,0,1,-1,1;8773,3,1,-1,1;8814,1,1,-1,0;8856,2,1,-1,0;8876,3,1,-1,2;8897,1,1,-1,0;8938,0,1,-1,1;8938,3,1,-1,1;8980,1,1,-1,0;9021,2,1,-1,0;9042,0,1,-1,2;9063,1,1,-1,0;9104,2,1,-1,0;9125,3,1,-1,2;9145,2,1,-1,0;9187,1,1,-1,0;9207,0,1,-1,2;9228,1,1,-1,0;9269,2,1,-1,0;9311,3,1,-1,0;9352,0,1,-1,0;9394,1,1,-1,0;9435,0,1,-1,1;9435,3,1,-1,1","h":"1,2,828,952;2,1,994,1118;3,0,1490,1532;4,3,1490,1532;5,0,1656,1697;6,1,1656,1697;7,1,1821,1863;8,3,1821,1863;9,2,1987,2028;10,3,1987,2028;11,0,2152,2194;12,2,2152,2194;13,0,2318,2359;14,3,2318,2359;15,1,2483,2607;16,2,2483,2607;17,3,2814,2856;18,0,2897,2938;19,3,2980,3021;20,0,3063,3104;21,3,3145,3187;22,0,3228,3269;23,3,3311,3352;24,0,3394,3435;25,0,3476,3518;26,3,3476,3518;27,0,3807,3932;28,3,3807,3932;29,1,4304,4428;30,1,4635,4759;32,0,5297,5421;31,3,5132,5421;33,2,5794,5835;34,2,6166,6290;35,1,6290,6373;36,1,6456,6580;38,0,6621,6745;37,2,6456,6745;39,2,7118,7159;40,2,7490,7614;41,1,7614,7697;43,2,7780,7821;42,1,7780,7904;45,0,7945,7987;44,3,7863,7987;46,0,8111,8235;47,3,8111,8235"}