{"v":1,"fmt":"sldr-chart-v1","id":"sexy-planet-from-nonstop-megamix","d":"Challenge","m":10,"du":97.0,"tr":291,"ch":78,"mx":2,"of":38,"sr":[0.634021,0.5,0.268041,0.02981,0.102981],"n":"500,0,1,-1,0;533,0,1,-1,0;567,3,1,-1,0;600,3,1,-1,0;633,3,1,-1,0;650,0,1,-1,2;667,2,1,-1,0;700,2,1,-1,0;733,2,1,-1,0;767,2,1,-1,0;783,1,1,-1,2;800,3,1,-1,0;867,3,1,-1,0;933,3,2,1,0;967,0,1,-1,0;1000,0,1,-1,0;1033,0,1,-1,1;1033,3,1,-1,1;1067,1,1,-1,0;1100,1,1,-1,0;1133,1,1,-1,0;1167,1,1,-1,0;1183,3,1,-1,2;1200,0,1,-1,0;1233,0,1,-1,0;1267,0,1,-1,0;1300,0,1,-1,0;1317,2,1,-1,2;1333,1,1,-1,0;1367,1,1,-1,1;1367,3,1,-1,1;1400,0,1,-1,0;1433,0,1,-1,1;1433,1,1,-1,1;1467,3,1,-1,0;1500,2,1,-1,1;1500,3,1,-1,1;1533,0,1,-1,0;1567,0,1,-1,1;1567,2,1,-1,1;1600,1,1,-1,0;1633,1,1,-1,1;1633,3,1,-1,1;1667,0,1,-1,1;1667,1,1,-1,1;1700,1,1,-1,1;1700,3,1,-1,1;1733,0,1,-1,1;1733,1,1,-1,1;1767,1,1,-1,1;1767,3,1,-1,1;1800,0,1,-1,1;1800,1,1,-1,1;1833,1,1,-1,1;1833,3,1,-1,1;1867,0,1,-1,0;1900,0,1,-1,1;1900,1,1,-1,1;1917,1,1,-1,2;1933,2,1,-1,0;1967,2,1,-1,1;1967,3,1,-1,1;1983,3,1,-1,2;2000,0,1,-1,0;2017,2,1,-1,2;2033,1,1,-1,0;2067,0,1,-1,0;2083,2,1,-1,2;2100,1,1,-1,0;2133,3,1,-1,0;2150,0,1,-1,2;2167,3,1,-1,0;2183,0,1,-1,2;2200,3,1,-1,0;2217,0,1,-1,2;2233,3,1,-1,0;2250,0,1,-1,2;2267,2,1,-1,0;2283,1,1,-1,2;2300,2,1,-1,0;2317,1,1,-1,2;2333,2,1,-1,0;2350,1,1,-1,2;2367,2,1,-1,0;2383,2,1,-1,2;2400,0,1,-1,0;2433,3,1,-1,0;2467,1,1,-1,0;2500,2,1,-1,0;2533,0,1,-1,0;2567,0,1,-1,0;2600,0,1,-1,0;2617,3,1,-1,2;2633,0,1,-1,0;2667,2,1,-1,0;2700,2,1,-1,0;2733,1,1,-1,0;2767,1,1,-1,0;2800,3,1,-1,0;2833,2,1,-1,1;2833,3,1,-1,1;2867,0,1,-1,1;2867,1,1,-1,1;2900,2,1,-1,1;2900,3,1,-1,1;2933,0,1,-1,0;2967,2,1,-1,0;3000,1,1,-1,0;3033,3,1,-1,0;3067,2,1,-1,0;3100,1,1,-1,0;3133,2,1,-1,0;3150,1,1,-1,2;3167,2,1,-1,0;3200,3,1,-1,0;3233,0,1,-1,0;3267,3,1,-1,0;3300,0,1,-1,0;3333,2,1,-1,0;3367,0,1,-1,1;3367,2,1,-1,1;3400,1,1,-1,1;3400,3,1,-1,1;3433,0,1,-1,1;3433,2,1,-1,1;3467,1,1,-1,0;3500,1,1,-1,1;3500,3,1,-1,1;3533,1,1,-1,0;3567,1,1,-1,1;3567,3,1,-1,1;3600,1,1,-1,0;3633,1,1,-1,1;3633,3,1,-1,1;3667,1,1,-1,0;3700,1,1,-1,1;3700,3,1,-1,1;3733,1,1,-1,0;3767,1,1,-1,1;3767,3,1,-1,1;3800,1,1,-1,0;3833,1,1,-1,1;3833,3,1,-1,1;3867,0,1,-1,1;3867,1,1,-1,1;3900,1,1,-1,1;3900,3,1,-1,1;3933,0,1,-1,0;3950,3,1,-1,2;3967,1,1,-1,0;4000,2,1,-1,0;4033,0,1,-1,1;4033,2,1,-1,1;4067,2,1,-1,0;4100,0,1,-1,1;4100,2,1,-1,1;4133,2,1,-1,0;4167,0,1,-1,1;4167,2,1,-1,1;4200,2,1,-1,0;4233,0,1,-1,1;4233,2,1,-1,1;4267,2,1,-1,0;4300,0,1,-1,1;4300,2,1,-1,1;4333,2,1,-1,0;4367,0,1,-1,1;4367,2,1,-1,1;4400,0,1,-1,1;4400,1,1,-1,1;4433,0,1,-1,1;4433,2,1,-1,1;4467,1,1,-1,0;4483,3,1,-1,2;4500,1,1,-1,0;4517,3,1,-1,2;4533,0,2,2,0;4567,2,1,-1,0;4600,2,1,-1,0;4633,2,1,-1,0;4650,1,2,3,2;4700,3,1,-1,0;4733,3,1,-1,0;4767,0,1,-1,1;4767,3,1,-1,1;4800,0,1,-1,0;4833,2,1,-1,0;4867,1,1,-1,0;4900,3,1,-1,0;4917,0,1,-1,2;4933,2,1,-1,0;4950,0,1,-1,2;4967,2,1,-1,0;5000,1,1,-1,0;5033,0,1,-1,1;5033,3,1,-1,1;5067,0,2,4,0;5167,0,1,-1,1;5167,3,1,-1,1;5200,1,2,5,0;5300,1,1,-1,1;5300,2,1,-1,1;5333,1,1,-1,0;5367,3,1,-1,0;5400,0,1,-1,0;5433,2,1,-1,0;5450,2,1,-1,2;5467,1,1,-1,0;5483,3,1,-1,2;5500,1,1,-1,0;5533,3,1,-1,0;5567,0,1,-1,1;5567,3,1,-1,1;5600,0,1,-1,0;5633,0,1,-1,0;5667,0,1,-1,0;5700,0,1,-1,0;5733,0,2,6,0;5833,0,1,-1,1;5833,3,1,-1,1;5867,2,1,-1,0;5900,2,1,-1,0;5933,2,1,-1,0;5967,2,1,-1,0;6000,2,2,7,0;6100,1,1,-1,1;6100,2,1,-1,1;6133,1,1,-1,0;6150,3,1,-1,2;6167,0,1,-1,0;6200,0,1,-1,0;6217,2,1,-1,2;6233,1,1,-1,0;6267,0,1,-1,0;6300,0,1,-1,0;6333,0,1,-1,0;6350,1,1,-1,2;6367,3,1,-1,0;6400,0,1,-1,0;6417,2,1,-1,2;6433,1,1,-1,0;6467,3,1,-1,0;6483,1,1,-1,2;6500,2,1,-1,0;6533,0,1,-1,0;6550,2,1,-1,2;6567,1,1,-1,0;6583,3,1,-1,2;6600,0,1,-1,0;6633,0,1,-1,1;6633,3,1,-1,1;6667,0,1,-1,1;6667,2,1,-1,1;6733,1,1,-1,1;6733,2,1,-1,1;6800,0,1,-1,1;6800,2,1,-1,1;6867,1,1,-1,1;6867,2,1,-1,1;6933,0,1,-1,1;6933,2,1,-1,1;6967,1,1,-1,1;6967,2,1,-1,1;7000,0,1,-1,1;7000,2,1,-1,1;7033,1,1,-1,1;7033,2,1,-1,1;7067,0,1,-1,1;7067,3,1,-1,1;7100,0,2,8,1;7100,3,2,9,1;7167,0,1,-1,1;7167,3,1,-1,1;7200,3,1,-1,0;7233,0,1,-1,0;7267,2,1,-1,0;7300,1,1,-1,0;7333,3,1,-1,0;7367,3,1,-1,0;7400,3,1,-1,0;7417,0,1,-1,2;7433,3,1,-1,0;7467,1,1,-1,0;7500,1,1,-1,0;7533,2,1,-1,0;7567,2,1,-1,0;7600,0,1,-1,0;7633,0,1,-1,1;7633,1,1,-1,1;7667,2,1,-1,1;7667,3,1,-1,1;7700,0,1,-1,1;7700,1,1,-1,1;7733,3,1,-1,0;7767,1,1,-1,0;7800,2,1,-1,0;7833,0,1,-1,0;7867,1,1,-1,0;7900,2,1,-1,0;7933,1,1,-1,0;7950,2,1,-1,2;7967,1,1,-1,0;8000,0,1,-1,0;8033,3,1,-1,0;8067,0,1,-1,0;8100,3,1,-1,0;8133,1,1,-1,0;8167,1,1,-1,1;8167,3,1,-1,1;8200,0,1,-1,1;8200,2,1,-1,1;8233,1,1,-1,1;8233,3,1,-1,1;8267,2,1,-1,0;8300,0,1,-1,1;8300,2,1,-1,1;8333,2,1,-1,0;8367,0,1,-1,1;8367,2,1,-1,1;8400,2,1,-1,0;8433,0,1,-1,1;8433,2,1,-1,1;8467,2,1,-1,0;8500,0,1,-1,1;8500,2,1,-1,1;8533,2,1,-1,0;8567,0,1,-1,1;8567,2,1,-1,1;8600,2,1,-1,0;8633,0,1,-1,1;8633,2,1,-1,1;8667,2,1,-1,1;8667,3,1,-1,1;8700,0,1,-1,1;8700,2,1,-1,1;8733,3,1,-1,0;8750,0,1,-1,2;8767,2,1,-1,0;8800,1,1,-1,0;8833,1,1,-1,1;8833,3,1,-1,1;8867,1,1,-1,0;8900,1,1,-1,1;8900,3,1,-1,1;8933,1,1,-1,0;8967,1,1,-1,1;8967,3,1,-1,1;9000,1,1,-1,0;9033,1,1,-1,1;9033,3,1,-1,1;9067,1,1,-1,0;9100,1,1,-1,1;9100,3,1,-1,1;9133,1,1,-1,0;9167,1,1,-1,1;9167,3,1,-1,1;9200,2,1,-1,1;9200,3,1,-1,1;9233,1,1,-1,1;9233,3,1,-1,1;9267,2,1,-1,0;9283,0,1,-1,2;9300,2,1,-1,0;9317,0,1,-1,2;9333,3,1,-1,0;9367,1,1,-1,0;9433,1,1,-1,0;9500,0,2,10,1;9500,3,2,11,1","h":"1,3,933,1000;2,0,4533,4633;3,1,4650,4733;4,0,5067,5133;5,1,5200,5267;6,0,5733,5800;7,2,6000,6067;8,0,7100,7133;9,3,7100,7133;10,0,9500,9700;11,3,9500,9700"}