{"v":1,"fmt":"sldr-chart-v1","id":"afronova-from-nonstop-megamix","d":"Challenge","m":10,"du":92.1,"tr":355,"ch":34,"mx":2,"of":92,"sr":[0.703945,0.5,0.095775,0.046272,0.236504],"n":"360,0,1,-1,0;390,0,1,-1,0;420,3,1,-1,0;450,3,1,-1,0;480,0,1,-1,0;510,0,1,-1,0;540,3,1,-1,0;570,3,1,-1,0;600,2,1,-1,0;615,0,1,-1,2;630,2,1,-1,0;660,3,1,-1,0;675,1,1,-1,2;690,3,1,-1,0;720,0,1,-1,0;735,3,1,-1,2;750,0,1,-1,0;765,3,1,-1,2;780,0,1,-1,0;795,3,1,-1,2;810,0,1,-1,0;840,2,1,-1,0;870,2,1,-1,0;900,1,1,-1,0;930,1,1,-1,0;960,2,1,-1,0;990,2,1,-1,0;1020,1,1,-1,0;1050,1,1,-1,0;1080,3,1,-1,0;1095,2,1,-1,2;1110,3,1,-1,0;1140,1,1,-1,0;1155,0,1,-1,2;1170,1,1,-1,0;1200,2,1,-1,0;1215,1,1,-1,2;1230,2,1,-1,0;1245,1,1,-1,2;1260,2,1,-1,0;1290,1,1,-1,1;1290,2,1,-1,1;1320,2,1,-1,0;1350,0,1,-1,0;1380,1,1,-1,0;1410,0,1,-1,1;1410,3,1,-1,1;1440,2,1,-1,0;1470,3,1,-1,0;1500,1,1,-1,0;1530,0,1,-1,1;1530,3,1,-1,1;1560,0,1,-1,0;1590,3,1,-1,0;1620,0,1,-1,0;1650,0,1,-1,1;1650,3,1,-1,1;1680,2,1,-1,0;1710,1,1,-1,0;1740,2,1,-1,0;1770,1,1,-1,1;1770,2,1,-1,1;1800,2,1,-1,0;1830,0,1,-1,0;1860,3,1,-1,0;1890,1,1,-1,1;1890,3,1,-1,1;1920,0,1,-1,0;1950,1,1,-1,0;1980,2,1,-1,0;2010,2,1,-1,1;2010,3,1,-1,1;2040,1,1,-1,0;2070,0,1,-1,0;2100,3,1,-1,0;2130,1,1,-1,1;2130,3,1,-1,1;2160,2,1,-1,0;2190,3,1,-1,0;2220,0,1,-1,1;2220,3,1,-1,1;2250,0,1,-1,1;2250,1,1,-1,1;2280,2,1,-1,0;2295,0,1,-1,2;2310,2,1,-1,0;2340,0,1,-1,0;2355,3,1,-1,2;2370,0,1,-1,0;2400,2,1,-1,0;2415,0,1,-1,2;2430,2,1,-1,0;2445,0,1,-1,2;2460,2,1,-1,0;2475,0,1,-1,2;2490,2,1,-1,0;2520,1,1,-1,0;2535,2,1,-1,2;2550,1,1,-1,0;2580,3,1,-1,0;2595,1,1,-1,2;2610,3,1,-1,0;2640,0,1,-1,0;2655,1,1,-1,2;2670,0,1,-1,0;2685,1,1,-1,2;2700,0,1,-1,0;2715,1,1,-1,2;2730,0,1,-1,0;2760,2,1,-1,0;2775,3,1,-1,2;2790,2,1,-1,0;2820,1,1,-1,0;2835,0,1,-1,2;2850,1,1,-1,0;2880,3,1,-1,0;2895,1,1,-1,2;2910,3,1,-1,0;2925,1,1,-1,2;2940,3,1,-1,0;2955,1,1,-1,2;2970,3,1,-1,0;3000,0,1,-1,0;3015,2,1,-1,2;3030,0,1,-1,0;3060,3,1,-1,0;3075,2,1,-1,2;3090,3,1,-1,0;3120,3,1,-1,0;3135,0,1,-1,2;3150,3,1,-1,0;3165,0,1,-1,2;3180,3,1,-1,0;3195,0,1,-1,2;3210,3,1,-1,0;3240,1,2,1,1;3240,2,2,2,1;3300,3,1,-1,0;3330,0,1,-1,0;3360,2,1,-1,0;3390,0,1,-1,1;3390,3,1,-1,1;3420,0,2,3,1;3420,3,2,4,1;3480,0,2,5,1;3480,1,2,6,1;3540,3,1,-1,0;3570,1,1,-1,0;3600,2,1,-1,0;3630,1,1,-1,1;3630,3,1,-1,1;3660,1,2,7,1;3660,3,2,8,1;3720,0,2,9,1;3720,3,2,10,1;3780,2,1,-1,0;3810,1,1,-1,0;3840,3,1,-1,0;3870,0,1,-1,0;3900,0,2,11,1;3900,3,2,12,1;3960,0,2,13,1;3960,1,2,14,1;4020,3,1,-1,0;4050,1,1,-1,0;4080,0,1,-1,0;4110,1,1,-1,0;4140,1,2,15,1;4140,3,2,16,1;4200,2,1,-1,0;4215,3,1,-1,2;4230,2,1,-1,0;4260,3,1,-1,0;4275,1,1,-1,2;4290,3,1,-1,0;4320,2,1,-1,0;4335,0,1,-1,2;4350,2,1,-1,0;4365,0,1,-1,2;4380,3,1,-1,0;4395,0,1,-1,2;4410,3,1,-1,0;4440,1,1,-1,0;4455,2,1,-1,2;4470,1,1,-1,0;4500,3,1,-1,0;4515,0,1,-1,2;4530,3,1,-1,0;4560,0,1,-1,0;4575,1,1,-1,2;4590,0,1,-1,0;4605,1,1,-1,2;4620,0,1,-1,0;4635,3,1,-1,2;4650,0,1,-1,0;4680,3,1,-1,0;4695,1,1,-1,2;4710,3,1,-1,0;4740,0,1,-1,0;4755,1,1,-1,2;4770,0,1,-1,0;4800,2,1,-1,0;4815,3,1,-1,2;4830,2,1,-1,0;4845,3,1,-1,2;4860,0,1,-1,0;4875,3,1,-1,2;4890,0,1,-1,0;4920,1,1,-1,0;4935,0,1,-1,2;4950,1,1,-1,0;4980,1,1,-1,0;4995,2,1,-1,2;5010,1,1,-1,0;5040,0,1,-1,0;5055,3,1,-1,2;5070,0,1,-1,0;5085,3,1,-1,2;5100,0,1,-1,0;5130,1,1,-1,1;5130,3,1,-1,1;5160,2,1,-1,0;5190,2,1,-1,0;5220,0,1,-1,0;5250,0,1,-1,0;5280,1,1,-1,0;5310,1,1,-1,0;5340,2,1,-1,0;5370,2,1,-1,0;5400,3,1,-1,0;5430,3,1,-1,0;5460,1,1,-1,0;5490,1,1,-1,0;5520,3,1,-1,0;5550,3,1,-1,0;5580,0,1,-1,0;5610,0,1,-1,0;5640,2,1,-1,0;5655,0,1,-1,2;5670,2,1,-1,0;5700,3,1,-1,0;5715,1,1,-1,2;5730,3,1,-1,0;5760,0,1,-1,0;5775,1,1,-1,2;5790,0,1,-1,0;5820,2,1,-1,0;5835,3,1,-1,2;5850,2,1,-1,0;5880,3,1,-1,0;5895,0,1,-1,2;5910,3,1,-1,0;5940,1,1,-1,0;5955,3,1,-1,2;5970,1,1,-1,0;6000,2,1,-1,0;6015,0,1,-1,2;6030,2,1,-1,0;6045,0,1,-1,2;6060,2,1,-1,0;6090,0,1,-1,1;6090,3,1,-1,1;6120,2,1,-1,0;6135,1,1,-1,2;6180,3,1,-1,0;6195,0,1,-1,2;6210,3,1,-1,0;6240,1,1,-1,0;6255,3,1,-1,2;6270,1,1,-1,0;6300,0,1,-1,1;6300,3,1,-1,1;6360,0,1,-1,0;6375,1,1,-1,2;6420,3,1,-1,0;6435,0,1,-1,2;6450,3,1,-1,0;6480,1,1,-1,0;6495,2,1,-1,2;6510,1,1,-1,0;6540,1,1,-1,1;6540,3,1,-1,1;6600,0,1,-1,0;6615,3,1,-1,2;6660,2,1,-1,0;6675,1,1,-1,2;6690,2,1,-1,0;6720,3,1,-1,0;6735,1,1,-1,2;6750,3,1,-1,0;6780,0,1,-1,1;6780,1,1,-1,1;6840,2,1,-1,0;6855,1,1,-1,2;6900,0,1,-1,0;6915,1,1,-1,2;6930,0,1,-1,0;6960,2,1,-1,0;6975,3,1,-1,2;6990,2,1,-1,0;7020,0,1,-1,1;7020,3,1,-1,1;7080,0,1,-1,1;7080,3,1,-1,1;7110,1,1,-1,0;7125,2,1,-1,2;7170,3,1,-1,0;7185,0,1,-1,2;7215,2,1,-1,2;7230,1,1,-1,0;7260,3,1,-1,0;7290,0,1,-1,0;7320,1,1,-1,1;7320,2,1,-1,1;7350,3,1,-1,0;7410,0,1,-1,0;7455,0,1,-1,2;7470,1,1,-1,0;7500,2,1,-1,0;7560,1,1,-1,1;7560,3,1,-1,1;7590,2,1,-1,0;7605,0,1,-1,2;7650,1,1,-1,0;7665,0,1,-1,2;7695,2,1,-1,2;7710,1,1,-1,0;7740,3,1,-1,0;7770,3,1,-1,0;7800,0,1,-1,1;7800,1,1,-1,1;7830,3,1,-1,0;7890,2,1,-1,0;7935,1,1,-1,2;7950,0,1,-1,0;7980,3,1,-1,0;8040,2,1,-1,0;8055,0,1,-1,2;8070,2,1,-1,0;8100,3,1,-1,0;8115,1,1,-1,2;8130,3,1,-1,0;8160,0,1,-1,0;8175,1,1,-1,2;8190,0,1,-1,0;8220,2,1,-1,0;8250,1,1,-1,1;8250,3,1,-1,1;8280,2,1,-1,0;8295,1,1,-1,2;8310,2,1,-1,0;8340,1,1,-1,0;8355,0,1,-1,2;8370,1,1,-1,0;8400,1,1,-1,0;8415,3,1,-1,2;8430,1,1,-1,0;8460,2,1,-1,0;8490,0,1,-1,1;8490,3,1,-1,1;8520,2,1,-1,0;8535,0,1,-1,2;8550,2,1,-1,0;8580,2,1,-1,0;8595,3,1,-1,2;8610,2,1,-1,0;8640,1,1,-1,0;8655,0,1,-1,2;8670,1,1,-1,0;8700,3,1,-1,0;8730,1,1,-1,1;8730,3,1,-1,1;8760,0,1,-1,0;8775,3,1,-1,2;8790,0,1,-1,0;8805,3,1,-1,2;8820,0,1,-1,0;8835,3,1,-1,2;8850,0,1,-1,0;8865,2,1,-1,2;8880,1,1,-1,0;8895,2,1,-1,2;8910,1,1,-1,0;8925,2,1,-1,2;8940,1,1,-1,0;8955,2,1,-1,2;8970,1,1,-1,0;9000,0,2,17,1;9000,3,2,18,1","h":"1,1,3240,3270;2,2,3240,3270;3,0,3420,3450;4,3,3420,3450;5,0,3480,3510;6,1,3480,3510;7,1,3660,3690;8,3,3660,3690;9,0,3720,3750;10,3,3720,3750;11,0,3900,3930;12,3,3900,3930;13,0,3960,3990;14,1,3960,3990;15,1,4140,4170;16,3,4140,4170;17,0,9000,9210;18,3,9000,9210"}