{"v":1,"fmt":"sldr-chart-v1","id":"d2r","d":"Challenge","m":15,"du":97.1,"tr":471,"ch":40,"mx":2,"of":296,"sr":[0.877103,0.5,0.084926,0.019569,0.579256],"n":"597,0,1,-1,0;616,0,1,-1,2;635,0,2,1,0;691,3,2,2,2;766,1,1,-1,2;803,2,1,-1,2;822,2,1,-1,0;841,1,1,-1,2;860,1,1,-1,0;897,1,1,-1,1;897,2,2,3,1;935,0,1,-1,0;953,0,1,-1,2;991,3,1,-1,2;1010,3,1,-1,0;1047,1,2,4,1;1047,2,1,-1,1;1085,3,1,-1,0;1103,3,1,-1,2;1141,0,1,-1,2;1160,0,1,-1,0;1178,1,1,-1,2;1216,3,1,-1,2;1235,2,1,-1,1;1235,3,1,-1,1;1272,0,1,-1,1;1272,3,1,-1,1;1310,1,1,-1,1;1310,3,1,-1,1;1347,1,1,-1,1;1347,2,1,-1,1;1385,0,1,-1,1;1385,2,1,-1,1;1422,0,1,-1,0;1441,1,1,-1,2;1460,1,1,-1,0;1497,3,1,-1,0;1516,1,1,-1,2;1535,3,1,-1,0;1553,1,1,-1,2;1572,2,1,-1,0;1591,0,1,-1,2;1610,2,1,-1,0;1628,3,1,-1,2;1647,2,1,-1,0;1666,1,1,-1,2;1685,0,1,-1,0;1703,2,1,-1,2;1722,1,1,-1,0;1741,3,1,-1,2;1760,0,1,-1,0;1778,3,1,-1,2;1797,0,1,-1,0;1816,2,1,-1,2;1835,1,1,-1,0;1853,3,1,-1,2;1872,1,1,-1,0;1891,0,1,-1,2;1910,1,1,-1,0;1928,2,1,-1,2;1947,3,1,-1,0;1966,2,1,-1,2;1985,0,1,-1,0;2003,1,1,-1,2;2022,2,1,-1,0;2041,2,1,-1,3;2041,3,1,-1,3;2060,2,1,-1,1;2060,3,1,-1,1;2078,2,1,-1,3;2078,3,1,-1,3;2116,3,1,-1,2;2135,2,1,-1,0;2153,0,1,-1,2;2172,2,1,-1,0;2191,3,1,-1,2;2210,0,1,-1,0;2228,1,1,-1,2;2247,3,1,-1,0;2266,1,1,-1,2;2285,2,1,-1,0;2303,1,1,-1,2;2322,2,1,-1,0;2341,1,1,-1,3;2341,2,1,-1,3;2360,1,1,-1,1;2360,2,1,-1,1;2378,1,1,-1,3;2378,2,1,-1,3;2397,0,1,-1,0;2416,1,1,-1,2;2435,2,1,-1,0;2453,3,1,-1,2;2472,2,1,-1,0;2491,3,1,-1,2;2510,1,1,-1,0;2528,2,1,-1,2;2547,1,1,-1,1;2547,2,1,-1,1;2575,0,1,-1,3;2575,3,1,-1,3;2603,2,1,-1,3;2603,3,1,-1,3;2622,3,1,-1,0;2641,3,1,-1,2;2660,0,1,-1,0;2678,0,1,-1,2;2697,3,1,-1,0;2716,0,1,-1,2;2735,1,1,-1,0;2744,2,1,-1,2;2753,1,1,-1,2;2772,2,1,-1,0;2782,3,1,-1,2;2791,2,1,-1,2;2810,1,1,-1,0;2819,0,1,-1,2;2828,1,1,-1,2;2847,2,1,-1,0;2866,0,1,-1,2;2885,2,1,-1,0;2894,3,1,-1,2;2913,2,1,-1,2;2922,3,1,-1,0;2941,0,1,-1,2;2950,3,1,-1,2;2969,0,1,-1,2;2978,3,1,-1,2;2997,1,1,-1,0;3016,2,1,-1,2;3035,1,1,-1,0;3044,2,1,-1,2;3053,1,1,-1,2;3072,2,1,-1,0;3082,0,1,-1,2;3091,2,1,-1,2;3110,1,1,-1,0;3119,3,1,-1,2;3128,1,1,-1,2;3147,0,1,-1,0;3166,1,1,-1,2;3185,3,1,-1,0;3194,1,1,-1,2;3213,3,1,-1,2;3222,1,1,-1,0;3241,2,1,-1,2;3250,1,1,-1,2;3269,2,1,-1,2;3278,1,1,-1,2;3297,3,1,-1,0;3316,0,1,-1,2;3335,1,1,-1,0;3344,2,1,-1,2;3363,2,1,-1,2;3372,1,1,-1,0;3391,3,1,-1,2;3410,1,1,-1,0;3419,0,1,-1,2;3438,0,1,-1,2;3447,1,1,-1,0;3466,2,1,-1,2;3485,3,1,-1,0;3494,1,1,-1,2;3513,1,1,-1,2;3522,2,1,-1,0;3541,0,1,-1,2;3560,1,1,-1,0;3578,0,1,-1,2;3597,0,1,-1,1;3597,1,1,-1,1;3635,1,1,-1,0;3653,0,1,-1,2;3672,3,1,-1,0;3691,0,1,-1,2;3710,2,1,-1,0;3766,0,1,-1,2;3785,1,1,-1,0;3794,2,1,-1,2;3803,1,1,-1,2;3822,2,1,-1,0;3841,3,1,-1,2;3850,0,1,-1,2;3860,3,1,-1,0;3869,0,1,-1,2;3878,3,1,-1,2;3897,1,1,-1,1;3897,3,2,5,1;3925,0,1,-1,2;3953,2,1,-1,2;3982,3,1,-1,2;3991,1,1,-1,2;4010,2,1,-1,0;4028,0,1,-1,2;4066,0,1,-1,2;4075,1,1,-1,2;4085,0,1,-1,0;4094,1,1,-1,2;4103,2,1,-1,2;4122,3,1,-1,0;4132,1,1,-1,2;4141,3,1,-1,2;4150,1,1,-1,2;4160,2,1,-1,0;4197,0,1,-1,0;4216,2,1,-1,2;4235,0,1,-1,0;4253,1,1,-1,2;4263,2,1,-1,2;4282,3,1,-1,2;4300,1,1,-1,2;4310,3,1,-1,0;4328,1,1,-1,2;4347,3,1,-1,0;4366,2,1,-1,2;4385,1,1,-1,0;4403,0,1,-1,2;4413,2,1,-1,2;4432,0,1,-1,2;4441,2,1,-1,2;4460,0,1,-1,0;4478,3,1,-1,2;4497,1,2,6,1;4497,3,1,-1,1;4525,2,1,-1,2;4553,0,1,-1,2;4582,1,1,-1,2;4591,3,1,-1,2;4610,2,1,-1,0;4628,1,1,-1,2;4666,0,1,-1,2;4675,2,1,-1,2;4685,0,1,-1,0;4694,2,1,-1,2;4703,1,1,-1,2;4722,3,1,-1,0;4732,2,1,-1,2;4741,3,1,-1,2;4750,2,1,-1,2;4760,1,1,-1,0;4797,0,1,-1,0;4816,1,1,-1,2;4835,3,1,-1,0;4853,1,1,-1,2;4863,0,1,-1,2;4882,3,1,-1,2;4900,2,1,-1,2;4910,3,1,-1,0;4928,2,1,-1,2;4947,0,1,-1,0;4966,2,1,-1,2;4985,3,1,-1,0;5003,0,1,-1,2;5013,3,1,-1,2;5022,0,1,-1,0;5060,2,1,-1,0;5078,2,1,-1,2;5097,0,1,-1,0;5116,1,1,-1,2;5135,3,1,-1,0;5153,1,1,-1,2;5172,2,1,-1,0;5191,0,1,-1,2;5210,3,1,-1,0;5228,1,1,-1,2;5247,2,1,-1,0;5266,3,1,-1,2;5285,0,1,-1,0;5303,1,1,-1,2;5322,2,1,-1,0;5341,1,1,-1,2;5360,2,1,-1,0;5378,1,1,-1,2;5397,0,1,-1,0;5416,2,1,-1,2;5435,3,1,-1,0;5453,2,1,-1,2;5472,1,1,-1,0;5491,0,1,-1,2;5510,1,1,-1,0;5528,2,1,-1,2;5547,3,1,-1,0;5566,2,1,-1,2;5585,0,1,-1,0;5603,1,1,-1,2;5622,2,1,-1,0;5641,1,1,-1,3;5641,2,1,-1,3;5660,1,1,-1,1;5660,2,1,-1,1;5678,1,1,-1,3;5678,2,1,-1,3;5716,0,1,-1,2;5735,1,1,-1,0;5753,2,1,-1,2;5772,3,1,-1,0;5791,2,1,-1,2;5810,3,1,-1,0;5828,1,1,-1,2;5847,2,1,-1,0;5866,1,1,-1,2;5885,0,1,-1,0;5903,1,1,-1,2;5922,2,1,-1,0;5941,1,1,-1,3;5941,2,1,-1,3;5960,1,1,-1,1;5960,2,1,-1,1;5978,1,1,-1,3;5978,2,1,-1,3;5997,1,1,-1,0;6016,3,1,-1,2;6035,0,1,-1,0;6053,2,1,-1,2;6072,0,1,-1,0;6091,1,1,-1,2;6110,2,1,-1,0;6128,3,1,-1,2;6147,2,1,-1,1;6147,3,1,-1,1;6175,1,1,-1,3;6175,2,1,-1,3;6203,0,1,-1,3;6203,3,1,-1,3;6222,0,1,-1,0;6241,0,1,-1,2;6260,3,1,-1,0;6278,3,1,-1,2;6297,0,1,-1,0;6316,1,1,-1,2;6335,2,1,-1,0;6344,3,1,-1,2;6353,2,1,-1,2;6372,1,1,-1,0;6382,2,1,-1,2;6391,1,1,-1,2;6410,0,1,-1,0;6419,1,1,-1,2;6428,0,1,-1,2;6447,2,1,-1,0;6466,3,1,-1,2;6485,2,1,-1,0;6494,0,1,-1,2;6513,2,1,-1,2;6522,0,1,-1,0;6541,1,1,-1,2;6550,0,1,-1,2;6569,1,1,-1,2;6578,0,1,-1,2;6597,1,1,-1,0;6616,2,1,-1,2;6635,3,1,-1,0;6644,2,1,-1,2;6653,3,1,-1,2;6672,1,1,-1,0;6691,2,1,-1,2;6710,0,1,-1,0;6719,2,1,-1,2;6728,0,1,-1,2;6747,2,1,-1,0;6766,3,1,-1,2;6785,2,1,-1,0;6794,0,1,-1,2;6813,2,1,-1,2;6822,0,1,-1,0;6841,3,1,-1,2;6850,0,1,-1,2;6869,3,1,-1,2;6878,0,1,-1,2;6897,2,1,-1,0;6916,1,1,-1,2;6935,3,1,-1,0;6944,2,1,-1,2;6963,2,1,-1,2;6972,3,1,-1,0;6991,1,1,-1,2;7010,0,1,-1,0;7028,1,1,-1,2;7047,3,1,-1,0;7066,2,1,-1,2;7075,1,1,-1,2;7094,1,1,-1,2;7103,2,1,-1,2;7122,3,1,-1,0;7141,0,1,-1,2;7160,1,1,-1,0;7178,2,1,-1,2;7197,2,1,-1,1;7197,3,1,-1,1;7235,3,1,-1,0;7253,1,1,-1,2;7272,2,1,-1,0;7291,1,1,-1,2;7310,3,1,-1,0;7366,2,1,-1,2;7375,3,1,-1,2;7385,0,1,-1,0;7394,3,1,-1,2;7403,0,1,-1,2;7422,3,1,-1,0;7441,1,1,-1,2;7450,3,1,-1,2;7460,0,1,-1,0;7469,3,1,-1,2;7478,0,1,-1,2;7497,3,1,-1,0;7516,1,1,-1,2;7535,2,1,-1,0;7544,1,1,-1,2;7563,1,1,-1,2;7572,3,1,-1,0;7591,0,1,-1,2;7610,1,1,-1,0;7619,2,1,-1,2;7638,3,1,-1,2;7647,0,1,-1,0;7666,3,1,-1,2;7685,1,1,-1,0;7694,0,1,-1,2;7713,1,1,-1,2;7722,2,1,-1,0;7741,0,1,-1,2;7760,1,1,-1,0;7778,0,1,-1,2;7797,2,1,-1,0;7816,1,1,-1,2;7835,3,1,-1,0;7844,2,1,-1,2;7863,1,1,-1,2;7872,3,1,-1,0;7891,1,1,-1,2;7910,0,1,-1,0;7919,2,1,-1,2;7938,1,1,-1,2;7947,2,1,-1,0;7966,1,1,-1,2;7985,3,1,-1,0;7994,1,1,-1,2;8013,3,1,-1,2;8022,0,1,-1,0;8041,3,1,-1,2;8050,1,1,-1,2;8069,2,1,-1,2;8078,0,1,-1,2;8097,0,1,-1,1;8097,2,1,-1,1;8116,0,1,-1,2;8135,1,1,-1,0;8153,3,1,-1,2;8191,3,1,-1,2;8210,1,1,-1,1;8210,3,1,-1,1;8228,3,1,-1,2;8247,1,1,-1,0;8266,0,1,-1,2;8285,2,1,-1,0;8303,3,1,-1,2;8322,0,1,-1,0;8341,1,1,-1,2;8360,2,1,-1,0;8378,3,1,-1,2;8397,2,1,-1,0;8435,1,1,-1,0;8453,1,1,-1,3;8453,2,1,-1,3;8491,0,1,-1,3;8491,3,1,-1,3;8519,0,1,-1,3;8519,2,1,-1,3;8547,0,1,-1,1;8547,3,1,-1,1;8575,2,1,-1,3;8575,3,1,-1,3;8603,0,1,-1,3;8603,3,1,-1,3;8622,2,1,-1,0;8641,2,1,-1,2;8660,1,1,-1,0;8678,1,1,-1,2;8697,0,2,7,1;8697,3,1,-1,1;8753,2,1,-1,2;8763,1,1,-1,2;8772,2,1,-1,0;8782,1,1,-1,2;8791,2,1,-1,2;8810,1,1,-1,0;8828,3,2,8,2;8903,1,1,-1,2;8913,2,1,-1,2;8922,1,1,-1,0;8932,2,1,-1,2;8941,1,1,-1,2;8960,3,1,-1,0;8978,0,2,9,2;9053,1,1,-1,2;9063,2,1,-1,2;9072,3,1,-1,0;9082,2,1,-1,2;9091,3,1,-1,2;9110,1,1,-1,0;9119,2,1,-1,2;9128,0,1,-1,2;9138,2,1,-1,2;9166,0,1,-1,3;9166,1,1,-1,3;9203,2,1,-1,3;9203,3,1,-1,3;9222,3,1,-1,0;9241,2,1,-1,2;9260,2,1,-1,0;9297,2,2,10,0","h":"1,0,635,710;2,3,691,747;3,2,897,1010;4,1,1047,1160;5,3,3897,3953;6,1,4497,4553;7,0,8697,8753;8,3,8828,8903;9,0,8978,9053;10,2,9297,9447"}