{"v":1,"fmt":"sldr-chart-v1","id":"d2r","d":"Hard","m":11,"du":97.1,"tr":327,"ch":24,"mx":2,"of":149,"sr":[0.602472,0.5,0.073394,0.031339,0.424501],"n":"597,2,1,-1,0;616,2,1,-1,2;635,2,2,1,0;691,0,2,2,2;766,3,1,-1,2;803,1,1,-1,2;841,0,1,-1,3;841,3,1,-1,3;860,0,1,-1,1;860,3,1,-1,1;897,2,1,-1,0;916,0,1,-1,2;935,1,1,-1,0;972,2,1,-1,0;991,3,1,-1,2;1010,1,1,-1,0;1047,3,1,-1,0;1066,0,1,-1,2;1085,1,1,-1,0;1122,0,1,-1,0;1141,3,1,-1,2;1160,1,1,-1,0;1197,2,1,-1,0;1216,0,1,-1,2;1235,1,1,-1,0;1253,3,1,-1,2;1272,1,1,-1,0;1291,0,1,-1,2;1310,2,1,-1,0;1366,0,1,-1,2;1403,3,1,-1,2;1441,2,1,-1,2;1460,0,1,-1,1;1460,3,1,-1,1;1497,2,1,-1,0;1516,0,1,-1,2;1535,3,1,-1,0;1553,0,1,-1,2;1572,1,1,-1,0;1591,3,1,-1,2;1610,1,1,-1,0;1647,2,1,-1,0;1666,2,1,-1,2;1685,2,1,-1,0;1722,0,1,-1,0;1760,1,1,-1,0;1797,2,1,-1,0;1816,3,1,-1,2;1835,1,1,-1,0;1853,3,1,-1,2;1872,0,1,-1,0;1891,2,1,-1,2;1910,1,1,-1,0;1928,3,1,-1,2;1947,0,1,-1,0;1966,2,1,-1,2;1985,3,1,-1,0;2003,2,1,-1,2;2022,0,1,-1,0;2041,1,1,-1,2;2060,3,1,-1,0;2097,1,1,-1,0;2116,0,1,-1,2;2135,0,1,-1,0;2172,1,1,-1,0;2191,3,1,-1,2;2210,3,1,-1,0;2247,0,1,-1,0;2266,2,1,-1,2;2285,1,1,-1,0;2303,3,1,-1,2;2322,2,1,-1,0;2341,1,1,-1,2;2360,0,1,-1,0;2397,2,1,-1,0;2416,0,1,-1,2;2435,1,1,-1,1;2435,3,1,-1,1;2472,3,1,-1,0;2491,0,1,-1,2;2510,0,1,-1,1;2510,1,1,-1,1;2547,1,1,-1,0;2566,3,1,-1,2;2585,0,1,-1,0;2603,1,1,-1,2;2622,0,1,-1,1;2622,3,1,-1,1;2660,0,1,-1,1;2660,3,1,-1,1;2697,0,1,-1,0;2735,3,1,-1,0;2772,1,1,-1,0;2782,2,1,-1,2;2791,1,1,-1,2;2810,1,1,-1,1;2810,2,1,-1,1;2847,2,1,-1,0;2885,1,1,-1,0;2922,3,1,-1,0;2932,0,1,-1,2;2941,3,1,-1,2;2960,0,1,-1,1;2960,3,1,-1,1;2997,0,1,-1,0;3035,2,1,-1,0;3072,1,1,-1,0;3082,3,1,-1,2;3091,1,1,-1,2;3110,1,1,-1,1;3110,3,1,-1,1;3147,0,1,-1,0;3185,1,1,-1,0;3222,2,1,-1,0;3232,3,1,-1,2;3241,2,1,-1,2;3260,2,1,-1,1;3260,3,1,-1,1;3297,1,1,-1,0;3335,0,1,-1,0;3353,3,1,-1,2;3410,1,1,-1,0;3447,2,1,-1,0;3466,0,1,-1,2;3503,3,1,-1,2;3541,0,1,-1,2;3560,1,1,-1,0;3578,2,1,-1,2;3597,3,1,-1,0;3635,0,1,-1,0;3653,1,1,-1,2;3691,0,1,-1,2;3710,3,1,-1,0;3747,2,1,-1,0;3766,0,1,-1,2;3785,1,1,-1,0;3822,2,1,-1,0;3841,3,1,-1,2;3860,1,1,-1,0;3897,0,2,3,1;3897,3,2,4,1;4047,0,1,-1,0;4085,0,1,-1,0;4122,0,1,-1,0;4160,0,1,-1,0;4197,2,1,-1,0;4216,0,1,-1,2;4235,3,1,-1,0;4253,0,1,-1,2;4263,1,1,-1,2;4282,2,1,-1,2;4300,3,1,-1,2;4310,0,1,-1,0;4328,1,1,-1,2;4347,2,1,-1,0;4366,3,1,-1,2;4385,1,1,-1,0;4403,2,1,-1,2;4413,0,1,-1,2;4441,3,1,-1,2;4460,1,1,-1,0;4478,0,1,-1,2;4497,0,1,-1,0;4525,3,1,-1,2;4553,1,1,-1,2;4582,2,1,-1,2;4591,1,1,-1,2;4610,3,1,-1,0;4628,0,1,-1,2;4647,0,1,-1,0;4685,0,1,-1,0;4722,0,1,-1,0;4760,0,1,-1,0;4797,1,1,-1,0;4816,0,1,-1,2;4835,2,1,-1,0;4853,3,1,-1,2;4863,2,1,-1,2;4882,0,1,-1,2;4900,1,1,-1,2;4910,2,1,-1,0;4928,3,1,-1,2;4947,1,1,-1,0;4966,2,1,-1,2;4985,0,1,-1,0;5003,1,1,-1,2;5013,3,1,-1,2;5097,2,1,-1,0;5116,1,1,-1,2;5135,3,1,-1,0;5172,0,1,-1,0;5191,3,1,-1,2;5210,0,1,-1,0;5247,2,1,-1,0;5266,1,1,-1,2;5285,0,1,-1,0;5303,1,1,-1,2;5322,3,1,-1,0;5360,1,1,-1,0;5397,0,1,-1,0;5416,3,1,-1,2;5435,0,1,-1,0;5453,1,1,-1,2;5472,2,1,-1,0;5491,1,1,-1,2;5510,3,1,-1,0;5528,1,1,-1,2;5547,0,1,-1,0;5566,2,1,-1,2;5585,3,1,-1,0;5603,2,1,-1,2;5622,0,1,-1,0;5660,3,1,-1,0;5697,1,1,-1,0;5716,0,1,-1,2;5735,2,1,-1,0;5772,2,1,-1,0;5791,0,1,-1,2;5810,1,1,-1,0;5847,2,1,-1,0;5866,3,1,-1,2;5885,1,1,-1,0;5903,2,1,-1,2;5922,0,1,-1,0;5941,1,1,-1,2;5960,0,1,-1,0;5997,0,1,-1,0;6016,2,1,-1,2;6035,1,1,-1,0;6072,3,1,-1,0;6091,0,1,-1,2;6110,1,1,-1,0;6147,0,1,-1,0;6175,0,1,-1,2;6203,0,1,-1,2;6222,3,1,-1,0;6241,1,1,-1,3;6241,3,1,-1,3;6260,1,1,-1,1;6260,3,1,-1,1;6297,0,1,-1,0;6335,0,1,-1,0;6372,3,1,-1,0;6382,0,1,-1,2;6391,3,1,-1,2;6410,1,1,-1,1;6410,3,1,-1,1;6447,3,1,-1,0;6485,3,1,-1,0;6522,0,1,-1,0;6532,3,1,-1,2;6541,0,1,-1,2;6560,0,1,-1,1;6560,1,1,-1,1;6597,3,1,-1,0;6635,0,1,-1,0;6653,1,1,-1,2;6691,3,1,-1,2;6710,1,1,-1,0;6747,2,1,-1,0;6785,1,1,-1,0;6803,2,1,-1,2;6841,0,1,-1,2;6860,1,1,-1,0;6897,0,1,-1,0;6935,0,1,-1,0;6953,3,1,-1,2;7010,2,1,-1,0;7047,1,1,-1,0;7066,2,1,-1,2;7103,3,1,-1,2;7141,0,1,-1,2;7160,1,1,-1,0;7178,2,1,-1,2;7197,3,1,-1,0;7235,0,1,-1,0;7253,0,1,-1,2;7291,3,1,-1,2;7310,3,1,-1,0;7366,2,1,-1,2;7403,1,1,-1,2;7441,0,1,-1,2;7460,0,1,-1,0;7497,0,1,-1,0;7535,2,1,-1,0;7553,1,1,-1,2;7591,3,1,-1,2;7610,3,1,-1,0;7647,2,1,-1,0;7666,1,1,-1,2;7685,0,1,-1,0;7722,2,1,-1,0;7741,1,1,-1,2;7760,3,1,-1,0;7797,2,1,-1,0;7835,1,1,-1,0;7853,0,1,-1,2;7891,0,1,-1,2;7910,2,1,-1,0;7966,0,1,-1,3;7966,3,1,-1,3;8003,1,1,-1,2;8041,0,1,-1,2;8060,2,1,-1,0;8078,0,1,-1,2;8097,2,1,-1,0;8135,0,1,-1,1;8135,3,1,-1,1;8153,0,1,-1,3;8153,3,1,-1,3;8210,2,1,-1,0;8247,1,1,-1,1;8247,2,1,-1,1;8266,1,1,-1,3;8266,2,1,-1,3;8303,0,1,-1,2;8341,3,1,-1,2;8360,1,1,-1,0;8378,0,1,-1,2;8397,0,1,-1,0;8435,0,1,-1,0;8453,0,1,-1,2;8491,0,1,-1,2;8510,0,1,-1,0;8547,3,1,-1,0;8575,2,1,-1,2;8603,1,1,-1,2;8622,0,1,-1,0;8641,3,1,-1,2;8660,1,1,-1,0;8697,0,2,5,1;8697,2,2,6,1;8772,1,1,-1,0;8791,2,1,-1,2;8810,0,2,7,1;8810,3,2,8,1;8922,0,1,-1,0;8941,1,1,-1,2;8960,1,2,9,1;8960,2,2,10,1;9053,0,1,-1,2;9091,0,1,-1,2;9128,0,1,-1,2;9166,1,1,-1,2;9203,1,1,-1,2;9222,3,1,-1,0;9241,0,1,-1,2;9260,1,1,-1,0;9297,0,1,-1,0;9316,2,1,-1,2;9335,2,2,11,0","h":"1,2,635,710;2,0,691,747;3,0,3897,4010;4,3,3897,4010;5,0,8697,8735;6,2,8697,8735;7,0,8810,8885;8,3,8810,8885;9,1,8960,9016;10,2,8960,9016;11,2,9335,9447"}