{"v":1,"fmt":"sldr-chart-v1","id":"d2r","d":"Medium","m":7,"du":97.1,"tr":236,"ch":31,"mx":2,"of":34,"sr":[0.45829,0.5,0.131356,0.11985,0.127341],"n":"597,2,2,1,0;747,1,1,-1,0;785,1,1,-1,0;841,3,1,-1,2;860,1,1,-1,0;897,2,1,-1,0;916,0,1,-1,2;935,2,1,-1,0;972,2,1,-1,0;991,0,1,-1,2;1010,2,1,-1,0;1047,3,1,-1,0;1066,1,1,-1,2;1085,3,1,-1,0;1122,3,1,-1,0;1141,1,1,-1,2;1160,3,1,-1,0;1197,0,2,2,0;1235,1,1,-1,0;1272,3,2,3,0;1310,1,1,-1,0;1347,0,2,4,0;1460,0,1,-1,1;1460,3,1,-1,1;1497,2,1,-1,0;1535,2,1,-1,0;1572,0,2,5,0;1610,1,1,-1,0;1647,2,1,-1,0;1685,2,1,-1,0;1722,3,2,6,0;1760,1,1,-1,0;1797,2,1,-1,0;1816,0,1,-1,2;1835,2,1,-1,0;1872,3,1,-1,0;1891,1,1,-1,2;1910,3,1,-1,0;1947,0,1,-1,1;1947,3,1,-1,1;1985,1,1,-1,0;2022,2,1,-1,0;2060,0,1,-1,1;2060,3,1,-1,1;2097,2,1,-1,0;2135,0,1,-1,0;2172,1,1,-1,0;2210,3,1,-1,0;2247,3,1,-1,0;2266,0,1,-1,2;2285,1,1,-1,0;2322,2,1,-1,0;2360,2,1,-1,0;2397,1,1,-1,0;2416,0,1,-1,2;2435,0,1,-1,0;2472,1,1,-1,0;2491,3,1,-1,2;2510,3,1,-1,0;2547,2,1,-1,0;2566,0,1,-1,2;2585,2,1,-1,0;2603,0,1,-1,2;2622,2,1,-1,0;2660,0,1,-1,1;2660,3,1,-1,1;2697,0,1,-1,0;2735,1,1,-1,0;2772,3,1,-1,0;2791,2,1,-1,2;2810,1,1,-1,0;2847,3,1,-1,0;2885,1,1,-1,0;2922,0,1,-1,0;2941,2,1,-1,2;2960,1,1,-1,0;2997,3,1,-1,0;3016,2,1,-1,2;3035,1,1,-1,0;3072,3,1,-1,0;3091,2,1,-1,2;3110,1,1,-1,0;3147,0,1,-1,0;3166,2,1,-1,2;3185,1,1,-1,0;3222,0,1,-1,0;3241,2,1,-1,2;3260,1,1,-1,0;3297,3,2,7,0;3335,1,1,-1,0;3372,0,2,8,0;3410,1,1,-1,0;3447,3,2,9,0;3485,1,1,-1,0;3522,0,2,10,0;3560,1,1,-1,0;3597,2,1,-1,0;3635,2,1,-1,0;3672,2,1,-1,0;3710,2,1,-1,0;3747,3,1,-1,0;3785,1,1,-1,0;3822,2,1,-1,0;3860,0,1,-1,1;3860,3,1,-1,1;3897,1,2,11,1;3897,2,2,12,1;4047,0,1,-1,1;4047,3,1,-1,1;4085,1,2,13,1;4085,3,2,14,1;4197,3,1,-1,0;4235,3,1,-1,0;4272,1,1,-1,0;4310,1,1,-1,0;4347,2,1,-1,0;4385,2,1,-1,0;4422,0,1,-1,0;4460,1,1,-1,1;4460,3,1,-1,1;4497,0,1,-1,1;4497,3,1,-1,1;4535,1,1,-1,0;4572,2,1,-1,0;4591,0,1,-1,2;4610,1,1,-1,0;4647,3,1,-1,0;4685,1,1,-1,0;4722,3,1,-1,0;4760,1,1,-1,0;4797,0,2,15,0;4835,1,1,-1,0;4872,3,2,16,0;4910,1,1,-1,0;4947,0,2,17,0;4985,1,1,-1,0;5022,3,1,-1,0;5060,1,1,-1,1;5060,3,1,-1,1;5097,2,1,-1,0;5135,0,1,-1,0;5172,2,1,-1,0;5210,3,1,-1,0;5247,2,1,-1,0;5285,0,1,-1,0;5322,3,1,-1,0;5360,0,1,-1,1;5360,3,1,-1,1;5397,0,1,-1,0;5435,1,1,-1,0;5472,3,1,-1,0;5510,1,1,-1,0;5547,0,1,-1,0;5585,1,1,-1,0;5622,3,1,-1,0;5660,1,1,-1,1;5660,3,1,-1,1;5697,3,1,-1,0;5735,3,1,-1,0;5772,0,1,-1,0;5810,0,1,-1,0;5847,2,1,-1,0;5885,2,1,-1,0;5922,1,1,-1,0;5960,1,1,-1,1;5960,3,1,-1,1;5997,3,2,18,0;6072,0,2,19,0;6147,2,1,-1,0;6185,2,1,-1,0;6222,0,1,-1,1;6222,3,1,-1,1;6260,0,1,-1,1;6260,3,1,-1,1;6297,2,1,-1,0;6316,0,1,-1,2;6335,2,1,-1,0;6372,2,1,-1,0;6391,0,1,-1,2;6410,2,1,-1,0;6447,3,1,-1,0;6466,1,1,-1,2;6485,3,1,-1,0;6522,3,1,-1,0;6541,1,1,-1,2;6560,3,1,-1,0;6597,0,2,20,0;6635,1,1,-1,0;6672,3,2,21,0;6710,1,1,-1,0;6747,0,2,22,0;6785,1,1,-1,0;6822,3,2,23,0;6860,1,1,-1,0;6897,0,1,-1,1;6897,3,1,-1,1;6972,1,1,-1,1;6972,2,1,-1,1;7010,0,1,-1,1;7010,3,1,-1,1;7047,0,1,-1,1;7047,3,1,-1,1;7122,1,1,-1,0;7160,1,1,-1,0;7197,0,1,-1,1;7197,3,1,-1,1;7235,1,1,-1,0;7272,2,1,-1,0;7310,0,1,-1,1;7310,3,1,-1,1;7347,2,1,-1,0;7385,2,1,-1,0;7422,2,1,-1,0;7460,0,1,-1,1;7460,3,1,-1,1;7497,0,2,24,0;7535,1,1,-1,0;7572,0,1,-1,1;7572,3,2,25,1;7610,1,1,-1,0;7647,0,2,26,1;7647,3,1,-1,1;7685,1,1,-1,0;7722,0,1,-1,1;7722,3,2,27,1;7760,1,1,-1,0;7797,2,1,-1,0;7872,0,1,-1,0;7947,3,1,-1,0;7985,3,1,-1,0;8022,3,1,-1,0;8097,0,1,-1,1;8097,3,1,-1,1;8172,1,1,-1,1;8172,2,1,-1,1;8210,0,1,-1,1;8210,3,1,-1,1;8247,0,1,-1,1;8247,3,1,-1,1;8322,1,1,-1,0;8360,1,1,-1,0;8397,2,1,-1,0;8435,1,1,-1,0;8472,2,1,-1,0;8510,1,1,-1,0;8547,1,1,-1,0;8585,2,1,-1,0;8622,0,1,-1,0;8641,3,1,-1,2;8660,1,1,-1,0;8697,0,2,28,1;8697,3,2,29,1;8791,2,1,-1,2;8810,1,1,-1,0;8828,0,2,30,2;8941,2,1,-1,2;8960,1,1,-1,0;8978,3,2,31,2;9091,3,1,-1,2;9128,1,1,-1,2;9166,0,1,-1,2;9203,1,1,-1,2;9241,2,1,-1,2;9260,3,1,-1,0;9297,0,1,-1,0;9316,2,1,-1,2;9335,1,2,32,0","h":"1,2,597,785;2,0,1197,1235;3,3,1272,1310;4,0,1347,1422;5,0,1572,1610;6,3,1722,1760;7,3,3297,3335;8,0,3372,3410;9,3,3447,3485;10,0,3522,3560;11,1,3897,4010;12,2,3897,4010;13,1,4085,4160;14,3,4085,4160;15,0,4797,4835;16,3,4872,4910;17,0,4947,4985;18,3,5997,6035;19,0,6072,6110;20,0,6597,6635;21,3,6672,6710;22,0,6747,6785;23,3,6822,6860;24,0,7497,7535;25,3,7572,7610;26,0,7647,7685;27,3,7722,7760;28,0,8697,8753;29,3,8697,8753;30,0,8828,8903;31,3,8978,9053;32,1,9335,9447"}