{"v":1,"fmt":"sldr-chart-v1","id":"so-fabulous-so-fierce-freak-out","d":"Hard","m":7,"du":86.03,"tr":256,"ch":32,"mx":2,"of":126,"sr":[0.557945,0.5,0.125,0.013889,0.4375],"n":"728,0,1,-1,2;751,3,1,-1,0;822,3,1,-1,2;845,0,1,-1,0;915,2,1,-1,2;939,1,1,-1,0;986,2,1,-1,0;1033,1,1,-1,0;1056,1,1,-1,2;1079,1,1,-1,0;1150,2,1,-1,2;1173,0,1,-1,0;1197,1,1,-1,2;1244,2,1,-1,2;1267,3,1,-1,0;1290,1,1,-1,2;1337,0,1,-1,2;1361,3,1,-1,0;1384,0,1,-1,2;1431,2,1,-1,2;1454,1,1,-1,0;1478,2,1,-1,2;1525,3,1,-1,2;1548,0,1,-1,0;1572,3,1,-1,2;1619,1,1,-1,2;1642,2,1,-1,0;1665,1,1,-1,2;1712,0,1,-1,3;1712,3,1,-1,3;1759,1,1,-1,3;1759,2,1,-1,3;1806,0,1,-1,3;1806,3,1,-1,3;1853,2,1,-1,2;1876,3,1,-1,0;1900,2,1,-1,2;1947,0,1,-1,2;1970,1,1,-1,0;1993,0,1,-1,2;2040,1,1,-1,2;2064,3,1,-1,0;2087,1,1,-1,2;2111,2,1,-1,0;2134,0,1,-1,2;2158,2,1,-1,0;2181,0,1,-1,2;2204,3,1,-1,0;2228,1,1,-1,2;2275,2,1,-1,2;2298,0,1,-1,0;2322,1,1,-1,2;2368,2,1,-1,2;2392,3,1,-1,0;2415,1,1,-1,2;2439,2,1,-1,0;2462,0,1,-1,2;2486,1,1,-1,0;2509,2,1,-1,2;2533,3,1,-1,0;2556,1,1,-1,2;2579,1,1,-1,0;2626,0,1,-1,1;2626,3,2,1,1;2673,1,1,-1,0;2743,1,1,-1,2;2767,1,1,-1,0;2814,0,2,2,1;2814,3,1,-1,1;2861,1,1,-1,0;2931,1,1,-1,2;2954,1,1,-1,0;3001,0,1,-1,1;3001,3,1,-1,1;3048,1,1,-1,0;3118,3,1,-1,2;3142,0,1,-1,0;3165,3,1,-1,2;3212,0,1,-1,3;3212,1,1,-1,3;3259,2,1,-1,3;3259,3,1,-1,3;3306,0,1,-1,3;3306,3,1,-1,3;3329,1,1,-1,0;3353,2,1,-1,2;3376,0,1,-1,1;3376,3,1,-1,1;3423,1,1,-1,0;3447,3,1,-1,2;3470,1,1,-1,0;3493,2,1,-1,2;3517,0,1,-1,0;3540,1,1,-1,2;3564,0,1,-1,0;3611,0,1,-1,0;3634,3,1,-1,2;3658,1,1,-1,0;3681,2,1,-1,2;3704,0,1,-1,0;3728,1,1,-1,2;3751,2,1,-1,1;3751,3,1,-1,1;3798,0,1,-1,1;3798,1,1,-1,1;3845,2,1,-1,0;3868,0,1,-1,2;3892,3,1,-1,0;3915,1,1,-1,2;3939,2,1,-1,0;3986,3,1,-1,0;4009,1,1,-1,2;4033,2,1,-1,0;4056,0,1,-1,2;4079,3,1,-1,0;4103,0,1,-1,2;4126,1,1,-1,1;4126,3,1,-1,1;4173,0,1,-1,1;4173,2,1,-1,1;4220,1,1,-1,0;4243,1,1,-1,2;4267,1,1,-1,0;4314,3,1,-1,0;4361,3,1,-1,0;4384,0,1,-1,2;4408,2,1,-1,0;4431,1,1,-1,2;4454,3,1,-1,0;4478,0,1,-1,2;4501,0,1,-1,1;4501,2,1,-1,1;4595,1,1,-1,1;4595,3,1,-1,1;4689,2,1,-1,0;4700,0,1,-1,2;4712,2,1,-1,2;4724,0,1,-1,2;4736,3,1,-1,0;4759,1,1,-1,2;4783,3,1,-1,0;4806,1,1,-1,2;4829,0,1,-1,0;4876,1,1,-1,1;4876,2,1,-1,1;4923,3,1,-1,0;4970,1,1,-1,1;4970,2,1,-1,1;5017,0,1,-1,0;5064,1,1,-1,1;5064,2,1,-1,1;5111,3,1,-1,0;5158,0,1,-1,0;5181,3,1,-1,2;5204,0,1,-1,0;5251,2,1,-1,0;5286,0,1,-1,2;5298,3,1,-1,0;5322,1,1,-1,2;5345,2,1,-1,0;5380,0,1,-1,2;5392,2,1,-1,0;5415,1,1,-1,2;5439,1,1,-1,0;5474,3,1,-1,2;5486,0,1,-1,0;5509,1,1,-1,2;5533,2,1,-1,0;5556,3,1,-1,2;5579,0,1,-1,0;5626,3,1,-1,0;5661,0,1,-1,2;5673,1,1,-1,0;5697,2,1,-1,2;5720,1,1,-1,0;5743,0,1,-1,2;5767,3,1,-1,0;5790,1,1,-1,2;5814,3,1,-1,0;5849,0,1,-1,2;5861,3,1,-1,0;5884,2,1,-1,2;5907,3,1,-1,0;5931,1,1,-1,2;5954,2,1,-1,0;5978,0,1,-1,2;6001,3,1,-1,0;6025,2,1,-1,2;6048,3,1,-1,0;6072,0,1,-1,2;6095,1,1,-1,0;6118,2,1,-1,2;6142,3,1,-1,0;6165,0,1,-1,2;6189,3,1,-1,0;6212,1,1,-1,2;6236,2,1,-1,0;6259,0,1,-1,2;6282,3,1,-1,0;6306,1,1,-1,2;6329,3,1,-1,0;6353,3,1,-1,2;6376,3,1,-1,0;6400,0,1,-1,2;6423,1,1,-1,1;6423,2,1,-1,1;6447,0,1,-1,3;6447,3,1,-1,3;6470,3,1,-1,0;6493,1,1,-1,2;6517,0,1,-1,0;6564,2,1,-1,0;6587,3,1,-1,2;6611,0,1,-1,0;6634,3,1,-1,2;6657,1,1,-1,0;6693,2,1,-1,2;6704,1,1,-1,0;6751,0,2,3,1;6751,3,2,4,1;6939,0,1,-1,0;6962,0,1,-1,2;6986,2,1,-1,0;6997,1,1,-1,2;7009,2,1,-1,2;7021,1,1,-1,2;7032,2,1,-1,0;7079,0,1,-1,1;7079,3,1,-1,1;7103,3,1,-1,2;7126,0,1,-1,0;7173,1,1,-1,1;7173,2,1,-1,1;7197,3,1,-1,2;7220,0,1,-1,0;7243,1,1,-1,2;7267,3,1,-1,0;7314,2,1,-1,0;7325,3,1,-1,2;7337,1,1,-1,2;7361,3,1,-1,0;7384,1,1,-1,2;7407,2,1,-1,0;7431,0,1,-1,2;7454,1,1,-1,0;7478,0,1,-1,2;7501,3,1,-1,0;7548,1,1,-1,1;7548,2,1,-1,1;7572,0,1,-1,2;7595,3,1,-1,0;7618,1,1,-1,2;7642,0,1,-1,0;7689,2,1,-1,0;7700,0,1,-1,2;7712,1,1,-1,2;7736,0,1,-1,0;7759,1,1,-1,2;7782,2,1,-1,0;7806,3,1,-1,2;7829,1,1,-1,0;7853,3,1,-1,2;7876,0,1,-1,0;7923,2,1,-1,1;7923,3,1,-1,1;7970,0,1,-1,1;7970,1,1,-1,1;8017,0,1,-1,1;8017,2,1,-1,1;8064,1,1,-1,1;8064,3,1,-1,1;8111,0,1,-1,1;8111,2,1,-1,1;8157,1,1,-1,1;8157,3,1,-1,1;8181,1,1,-1,2;8204,0,1,-1,0;8251,2,1,-1,0;8298,3,1,-1,0;8345,0,1,-1,0;8368,1,1,-1,2;8380,0,1,-1,2;8392,1,1,-1,0;8415,3,1,-1,2;8509,1,1,-1,3;8509,2,1,-1,3;8532,3,1,-1,0;8556,0,1,-1,2","h":"1,3,2626,2767;2,0,2814,2954;3,0,6751,6892;4,3,6751,6892"}