{"v":1,"fmt":"sldr-chart-v1","id":"so-fabulous-so-fierce-freak-out","d":"Medium","m":5,"du":86.03,"tr":175,"ch":13,"mx":2,"of":38,"sr":[0.364214,0.5,0.074286,0.015957,0.202128],"n":"564,2,1,-1,0;658,2,1,-1,0;751,0,1,-1,1;751,3,1,-1,1;845,2,1,-1,0;939,3,1,-1,0;986,0,1,-1,0;1033,1,1,-1,1;1033,2,1,-1,1;1079,0,1,-1,1;1079,3,1,-1,1;1126,2,1,-1,0;1220,2,1,-1,0;1314,3,1,-1,0;1361,1,1,-1,0;1408,0,1,-1,0;1454,1,1,-1,0;1501,3,1,-1,0;1595,0,1,-1,0;1689,1,1,-1,0;1736,1,1,-1,0;1783,0,1,-1,0;1829,3,1,-1,0;1876,1,1,-1,0;1970,1,1,-1,0;2064,0,1,-1,0;2158,3,1,-1,0;2251,0,1,-1,0;2298,0,1,-1,0;2345,3,1,-1,0;2392,3,1,-1,0;2439,1,1,-1,1;2439,2,1,-1,1;2486,0,1,-1,1;2486,1,1,-1,1;2533,0,1,-1,1;2533,3,1,-1,1;2579,1,1,-1,0;2626,0,1,-1,0;2720,3,1,-1,0;2767,3,1,-1,0;2790,0,1,-1,2;2814,3,1,-1,0;2908,0,1,-1,0;2954,0,1,-1,0;2978,3,1,-1,2;3001,2,1,-1,0;3048,2,1,-1,0;3095,1,1,-1,0;3142,1,1,-1,0;3212,3,1,-1,2;3259,0,1,-1,2;3306,2,1,-1,2;3329,1,1,-1,0;3376,0,1,-1,1;3376,3,1,-1,1;3423,1,1,-1,0;3470,2,1,-1,0;3493,3,1,-1,2;3517,1,1,-1,0;3564,2,1,-1,0;3587,0,1,-1,2;3611,1,1,-1,0;3658,2,1,-1,0;3681,3,1,-1,2;3704,0,1,-1,0;3751,0,1,-1,1;3751,3,1,-1,1;3798,2,1,-1,0;3845,3,1,-1,0;3868,0,1,-1,2;3892,1,1,-1,0;3939,2,1,-1,0;3962,1,1,-1,2;3986,2,1,-1,0;4033,0,1,-1,0;4056,3,1,-1,2;4079,0,1,-1,0;4126,2,1,-1,0;4220,1,1,-1,0;4314,1,1,-1,0;4361,2,1,-1,0;4384,0,1,-1,2;4408,3,1,-1,0;4454,1,1,-1,1;4454,2,1,-1,1;4501,0,1,-1,1;4501,3,1,-1,1;4548,2,1,-1,0;4642,1,1,-1,0;4783,1,1,-1,1;4783,2,1,-1,1;4829,0,1,-1,1;4829,3,1,-1,1;4876,0,1,-1,0;4900,3,1,-1,2;4970,1,1,-1,0;4993,0,1,-1,2;5064,2,1,-1,0;5087,1,1,-1,2;5158,3,1,-1,0;5181,3,1,-1,2;5204,0,1,-1,0;5251,3,1,-1,0;5275,0,1,-1,2;5345,2,1,-1,0;5368,3,1,-1,2;5439,0,1,-1,0;5462,3,1,-1,2;5533,1,1,-1,0;5556,1,1,-1,2;5579,1,1,-1,0;5626,2,1,-1,0;5650,3,1,-1,2;5673,1,1,-1,0;5720,0,1,-1,0;5743,3,1,-1,2;5767,0,1,-1,0;5814,2,1,-1,0;5837,0,1,-1,2;5861,1,1,-1,0;5907,3,1,-1,0;5931,0,1,-1,2;5954,3,1,-1,0;6001,1,1,-1,0;6048,1,1,-1,0;6095,1,1,-1,0;6142,1,1,-1,0;6189,2,1,-1,0;6212,1,1,-1,2;6236,2,1,-1,0;6282,3,1,-1,0;6306,0,1,-1,2;6329,3,1,-1,0;6376,0,1,-1,0;6400,1,1,-1,2;6423,3,1,-1,0;6447,2,1,-1,2;6470,0,1,-1,0;6517,3,1,-1,0;6564,1,1,-1,0;6587,0,1,-1,2;6611,2,1,-1,0;6634,3,1,-1,2;6657,3,1,-1,0;6704,0,1,-1,0;6751,1,2,1,1;6751,2,2,2,1;6939,0,1,-1,0;6962,3,1,-1,2;6986,0,2,3,0;7032,1,1,-1,0;7079,2,1,-1,0;7126,1,1,-1,0;7150,3,1,-1,2;7173,0,1,-1,0;7220,1,1,-1,0;7243,0,1,-1,2;7267,3,1,-1,0;7314,2,1,-1,0;7361,2,1,-1,0;7407,0,1,-1,0;7431,3,1,-1,2;7454,1,1,-1,0;7501,2,1,-1,0;7548,2,1,-1,0;7595,1,1,-1,0;7642,1,1,-1,0;7689,0,1,-1,0;7712,1,1,-1,2;7736,3,1,-1,0;7782,3,1,-1,0;7806,1,1,-1,2;7829,0,1,-1,0;7876,3,1,-1,0;7923,1,1,-1,0;7970,0,1,-1,0;8017,1,1,-1,0;8064,0,1,-1,0;8111,0,1,-1,0;8157,3,1,-1,0;8204,3,1,-1,0;8251,2,1,-1,0;8345,1,1,-1,0;8392,1,1,-1,0;8509,2,1,-1,2;8532,0,1,-1,0;8556,3,1,-1,2","h":"1,1,6751,6892;2,2,6751,6892;3,0,6986,7079"}