{"v":1,"fmt":"sldr-chart-v1","id":"maximum-overdrive-kc-club-mix","d":"Hard","m":8,"du":85.3,"tr":251,"ch":25,"mx":2,"of":126,"sr":[0.539273,0.5,0.099602,0.057971,0.456522],"n":"516,1,1,-1,0;538,3,1,-1,2;581,3,1,-1,2;624,3,1,-1,2;666,3,1,-1,2;688,1,1,-1,0;709,0,1,-1,2;731,1,1,-1,0;773,1,1,-1,0;795,1,1,-1,2;816,0,1,-1,1;816,3,1,-1,1;859,2,1,-1,0;881,3,1,-1,2;902,2,1,-1,0;945,2,1,-1,0;966,0,1,-1,2;988,2,1,-1,0;1031,2,1,-1,0;1052,1,1,-1,2;1073,2,1,-1,0;1095,1,1,-1,2;1116,3,1,-1,0;1138,0,1,-1,2;1159,3,1,-1,0;1202,2,1,-1,0;1223,0,1,-1,2;1245,1,1,-1,0;1288,2,1,-1,0;1309,3,1,-1,2;1331,1,1,-1,0;1373,0,1,-1,0;1395,1,1,-1,2;1416,0,1,-1,0;1438,1,1,-1,2;1459,3,1,-1,0;1481,1,1,-1,2;1502,3,1,-1,0;1523,1,1,-1,2;1545,1,2,1,1;1545,2,1,-1,1;1588,3,1,-1,0;1609,3,1,-1,2;1716,2,1,-1,0;1759,2,1,-1,0;1802,1,1,-1,0;1823,1,1,-1,2;1888,0,1,-1,1;1888,3,2,2,1;1931,0,1,-1,0;1952,0,1,-1,2;2038,2,1,-1,2;2059,2,1,-1,0;2081,0,1,-1,2;2102,1,1,-1,0;2123,1,1,-1,2;2145,3,1,-1,0;2166,3,1,-1,2;2209,2,1,-1,2;2252,3,1,-1,2;2273,2,1,-1,0;2306,1,1,-1,2;2381,0,1,-1,3;2381,1,1,-1,3;2445,2,1,-1,1;2445,3,1,-1,1;2488,0,1,-1,0;2509,3,1,-1,2;2552,2,1,-1,2;2595,0,1,-1,2;2616,2,1,-1,0;2648,1,1,-1,2;2745,2,1,-1,0;2766,1,1,-1,2;2788,1,1,-1,0;2809,1,1,-1,2;2830,0,1,-1,1;2830,3,1,-1,1;2873,1,1,-1,1;2873,2,1,-1,1;2916,0,2,3,1;2916,3,2,4,1;3045,1,1,-1,0;3066,2,1,-1,2;3088,1,2,5,0;3216,0,1,-1,0;3238,3,1,-1,2;3259,0,2,6,0;3430,3,1,-1,0;3452,1,1,-1,2;3473,0,1,-1,0;3495,3,1,-1,2;3516,2,1,-1,0;3538,1,1,-1,2;3559,2,1,-1,0;3602,0,2,7,1;3602,3,1,-1,1;3688,1,1,-1,0;3709,1,1,-1,2;3730,1,1,-1,0;3773,3,2,8,0;3859,2,1,-1,0;3880,2,1,-1,2;3902,2,1,-1,0;3945,0,2,9,0;3988,1,1,-1,0;4030,3,1,-1,0;4073,1,1,-1,0;4116,3,1,-1,0;4137,3,1,-1,2;4159,3,2,10,0;4202,0,1,-1,0;4223,0,1,-1,2;4245,0,1,-1,0;4287,2,1,-1,0;4309,3,1,-1,2;4330,0,1,-1,0;4352,1,1,-1,2;4373,0,1,-1,0;4395,1,1,-1,2;4416,0,1,-1,0;4459,2,1,-1,0;4480,3,1,-1,2;4502,2,1,-1,0;4523,1,1,-1,2;4545,0,1,-1,0;4566,1,1,-1,2;4587,0,1,-1,0;4630,2,1,-1,0;4652,0,1,-1,2;4673,1,1,-1,0;4716,1,1,-1,0;4737,2,1,-1,2;4759,0,1,-1,0;4780,3,1,-1,2;4802,0,1,-1,0;4823,0,1,-1,2;4845,3,1,-1,0;4866,3,1,-1,2;4887,1,1,-1,0;4909,1,1,-1,2;4930,1,1,-1,0;4973,0,1,-1,0;5005,1,1,-1,2;5037,3,1,-1,2;5070,2,1,-1,2;5091,3,1,-1,2;5102,2,1,-1,0;5123,1,1,-1,2;5145,0,1,-1,0;5177,1,1,-1,2;5209,0,1,-1,2;5241,0,1,-1,2;5262,2,1,-1,2;5273,3,1,-1,0;5295,0,1,-1,2;5316,1,1,-1,0;5348,2,1,-1,2;5380,3,1,-1,2;5412,0,1,-1,2;5434,3,1,-1,2;5445,2,1,-1,0;5466,1,1,-1,2;5487,0,1,-1,0;5509,0,1,-1,2;5530,3,1,-1,0;5552,3,1,-1,2;5573,0,1,-1,0;5595,0,1,-1,2;5616,3,1,-1,0;5659,0,1,-1,1;5659,3,1,-1,1;5680,1,1,-1,2;5702,2,1,-1,0;5712,3,1,-1,2;5734,1,1,-1,2;5809,0,1,-1,3;5809,1,1,-1,3;5873,2,1,-1,1;5873,3,1,-1,1;5894,3,1,-1,2;5916,0,1,-1,0;5937,1,1,-1,2;5980,0,1,-1,2;6023,1,1,-1,2;6044,2,1,-1,0;6055,3,1,-1,2;6077,1,1,-1,2;6152,2,1,-1,2;6173,2,1,-1,0;6194,0,1,-1,2;6216,1,1,-1,0;6237,1,1,-1,2;6259,3,1,-1,0;6269,1,1,-1,2;6280,3,1,-1,2;6344,0,1,-1,1;6344,3,2,11,1;6387,0,1,-1,0;6409,0,1,-1,2;6473,1,1,-1,0;6516,0,2,12,1;6516,3,1,-1,1;6559,3,1,-1,0;6580,3,1,-1,2;6602,1,1,-1,0;6623,2,1,-1,2;6666,0,1,-1,3;6666,3,1,-1,3;6709,1,1,-1,2;6730,2,1,-1,0;6741,1,1,-1,2;6762,1,1,-1,2;6859,0,1,-1,1;6859,3,1,-1,1;6880,1,1,-1,2;6902,2,1,-1,0;6923,0,1,-1,3;6923,3,1,-1,3;6966,1,1,-1,3;6966,2,1,-1,3;7030,0,1,-1,1;7030,3,2,13,1;7094,2,1,-1,2;7137,2,1,-1,2;7159,2,1,-1,0;7202,0,2,14,1;7202,3,1,-1,1;7266,1,1,-1,2;7309,1,1,-1,2;7330,1,1,-1,0;7373,2,1,-1,0;7384,1,1,-1,2;7394,2,1,-1,2;7416,0,1,-1,0;7437,0,1,-1,2;7459,1,1,-1,0;7469,0,1,-1,2;7480,1,1,-1,2;7501,3,1,-1,0;7523,3,1,-1,2;7544,2,1,-1,0;7566,2,1,-1,2;7587,1,1,-1,0;7598,0,1,-1,2;7609,1,1,-1,2;7630,0,1,-1,0;7651,3,1,-1,2;7662,1,1,-1,2;7673,3,1,-1,0;7716,0,1,-1,1;7716,3,2,15,1;7759,1,1,-1,0;7780,1,1,-1,2;7823,0,1,-1,2;7844,1,1,-1,0;7887,0,2,16,1;7887,3,1,-1,1;7930,1,1,-1,0;7951,1,1,-1,2;7994,3,1,-1,2;8016,1,1,-1,0;8059,3,1,-1,0;8101,2,1,-1,0;8123,1,1,-1,2;8187,0,1,-1,1;8187,3,1,-1,1;8230,1,1,-1,1;8230,2,1,-1,1;8251,3,1,-1,2;8273,0,1,-1,0;8294,3,1,-1,2;8316,0,1,-1,1;8316,1,1,-1,1;8359,3,1,-1,0;8380,3,1,-1,2","h":"1,1,1545,1759;2,3,1888,1952;3,0,2916,3002;4,3,2916,3002;5,1,3088,3173;6,0,3259,3388;7,0,3602,3730;8,3,3773,3902;9,0,3945,4073;10,3,4159,4245;11,3,6344,6409;12,0,6516,6580;13,3,7030,7159;14,0,7202,7330;15,3,7716,7780;16,0,7887,7951"}