{"v":1,"fmt":"sldr-chart-v1","id":"maximum-overdrive-kc-club-mix","d":"Medium","m":4,"du":85.3,"tr":192,"ch":16,"mx":2,"of":26,"sr":[0.406409,0.5,0.083333,0.048077,0.125],"n":"516,1,1,-1,0;559,3,1,-1,0;602,1,1,-1,0;645,0,1,-1,0;688,1,1,-1,0;731,3,1,-1,0;773,1,1,-1,0;816,0,1,-1,0;838,3,1,-1,2;859,1,1,-1,0;902,0,1,-1,0;945,1,1,-1,0;988,2,1,-1,0;1009,3,1,-1,2;1031,0,1,-1,0;1073,3,1,-1,0;1116,1,1,-1,0;1159,2,1,-1,0;1181,0,1,-1,2;1202,3,1,-1,0;1245,1,1,-1,0;1331,1,1,-1,0;1373,3,1,-1,0;1395,0,1,-1,2;1416,1,1,-1,0;1459,0,1,-1,0;1481,3,1,-1,2;1502,1,1,-1,0;1545,0,1,-1,1;1545,3,2,1,1;1673,1,1,-1,0;1716,1,1,-1,0;1802,0,1,-1,0;1845,1,1,-1,0;1888,0,2,2,1;1888,3,1,-1,1;1973,1,1,-1,0;2059,3,1,-1,0;2102,1,1,-1,0;2145,2,1,-1,0;2166,0,1,-1,2;2188,1,1,-1,0;2231,2,1,-1,0;2273,3,1,-1,0;2316,0,1,-1,0;2359,1,1,-1,0;2402,2,1,-1,0;2445,3,1,-1,0;2488,2,1,-1,0;2509,3,1,-1,2;2530,0,1,-1,0;2573,2,1,-1,0;2616,0,1,-1,0;2659,0,1,-1,0;2680,3,1,-1,2;2702,1,1,-1,0;2745,2,1,-1,0;2766,0,1,-1,2;2788,3,1,-1,0;2830,1,1,-1,0;2873,2,1,-1,0;2916,0,1,-1,1;2916,3,2,3,1;3002,1,1,-1,0;3045,1,1,-1,0;3088,0,2,4,1;3088,3,1,-1,1;3173,1,1,-1,0;3216,1,1,-1,0;3259,2,1,-1,0;3302,3,1,-1,0;3345,0,1,-1,0;3366,3,1,-1,2;3388,1,1,-1,0;3430,3,1,-1,0;3452,0,1,-1,2;3473,3,1,-1,0;3516,2,1,-1,0;3538,1,1,-1,2;3559,2,1,-1,0;3602,0,2,5,1;3602,3,1,-1,1;3645,1,1,-1,0;3688,1,1,-1,0;3709,1,1,-1,2;3730,1,1,-1,0;3773,0,1,-1,1;3773,3,2,6,1;3816,1,1,-1,0;3859,1,1,-1,0;3880,1,1,-1,2;3902,1,1,-1,0;3945,2,1,-1,0;3966,0,1,-1,2;3988,1,1,-1,0;4030,2,1,-1,0;4052,3,1,-1,2;4073,1,1,-1,0;4116,3,1,-1,0;4159,0,1,-1,0;4202,1,1,-1,0;4223,1,1,-1,2;4245,1,1,-1,0;4287,2,1,-1,0;4330,1,1,-1,0;4373,3,1,-1,0;4395,1,1,-1,2;4416,0,1,-1,0;4459,2,1,-1,0;4502,1,1,-1,0;4545,0,1,-1,0;4566,1,1,-1,2;4587,3,1,-1,0;4630,2,1,-1,0;4673,2,1,-1,0;4716,1,1,-1,0;4759,1,1,-1,0;4802,3,1,-1,0;4845,0,1,-1,0;4887,1,1,-1,0;4909,1,1,-1,2;4930,1,1,-1,0;4973,1,1,-1,0;5016,2,1,-1,0;5059,0,1,-1,0;5080,2,1,-1,2;5102,3,1,-1,0;5145,1,1,-1,0;5187,2,1,-1,0;5230,3,1,-1,0;5252,2,1,-1,2;5273,0,1,-1,0;5316,1,1,-1,0;5359,1,1,-1,0;5402,2,1,-1,0;5445,2,1,-1,0;5487,0,1,-1,0;5530,3,1,-1,0;5573,2,1,-1,0;5595,2,1,-1,2;5616,2,1,-1,0;5659,0,1,-1,1;5659,3,1,-1,1;5702,2,1,-1,0;5744,3,1,-1,0;5787,0,1,-1,0;5830,2,1,-1,0;5873,2,1,-1,0;5916,1,1,-1,0;5959,1,1,-1,0;6002,3,1,-1,0;6044,0,1,-1,0;6087,3,1,-1,0;6130,0,1,-1,0;6173,2,1,-1,0;6259,2,1,-1,0;6302,1,1,-1,0;6344,0,1,-1,1;6344,3,2,7,1;6430,2,1,-1,0;6473,2,1,-1,0;6516,0,2,8,1;6516,3,1,-1,1;6602,1,1,-1,0;6644,1,1,-1,0;6687,0,1,-1,1;6687,3,1,-1,1;6730,1,1,-1,0;6816,1,1,-1,0;6859,2,1,-1,0;6902,3,1,-1,0;6944,1,1,-1,0;6987,0,1,-1,0;7030,0,1,-1,1;7030,3,2,9,1;7073,2,1,-1,0;7159,2,1,-1,0;7202,0,2,10,1;7202,3,1,-1,1;7244,1,1,-1,0;7330,1,1,-1,0;7416,1,1,-1,0;7501,1,1,-1,0;7544,2,1,-1,0;7587,3,1,-1,0;7630,1,1,-1,0;7673,0,1,-1,0;7716,0,1,-1,1;7716,3,1,-1,1;7759,2,1,-1,0;7801,3,1,-1,0;7823,1,1,-1,2;7844,0,1,-1,0;7887,1,1,-1,0;7930,1,1,-1,0;7973,0,1,-1,0;7994,1,1,-1,2;8016,3,1,-1,0;8101,1,1,-1,0;8187,1,1,-1,0;8230,0,1,-1,1;8230,3,1,-1,1;8273,1,1,-1,1;8273,2,1,-1,1;8316,0,1,-1,1;8316,3,1,-1,1;8359,1,1,-1,0;8380,1,1,-1,2","h":"1,3,1545,1845;2,0,1888,2102;3,3,2916,3045;4,0,3088,3216;5,0,3602,3730;6,3,3773,3902;7,3,6344,6473;8,0,6516,6644;9,3,7030,7159;10,0,7202,7330"}