{"v":1,"fmt":"sldr-chart-v1","id":"stay","d":"Hard","m":9,"du":87.02,"tr":340,"ch":29,"mx":2,"of":203,"sr":[0.706734,0.5,0.085294,0.01897,0.550136],"n":"516,0,2,1,0;601,2,1,-1,0;687,2,1,-1,0;730,3,1,-1,0;751,2,1,-1,2;794,0,1,-1,2;816,3,1,-1,0;837,0,1,-1,2;859,0,1,-1,1;859,3,1,-1,1;901,1,1,-1,0;944,2,1,-1,0;966,1,1,-1,2;987,2,1,-1,0;1009,0,1,-1,3;1009,3,1,-1,3;1073,1,1,-1,0;1116,2,1,-1,0;1137,1,1,-1,2;1159,2,1,-1,0;1180,3,1,-1,2;1201,0,1,-1,0;1223,2,1,-1,2;1244,0,1,-1,0;1266,2,1,-1,2;1287,1,1,-1,0;1309,2,1,-1,2;1330,1,1,-1,0;1351,2,1,-1,2;1373,1,1,-1,0;1384,3,1,-1,2;1394,1,1,-1,2;1416,2,1,-1,0;1426,1,1,-1,2;1437,2,1,-1,2;1459,0,1,-1,0;1469,2,1,-1,2;1480,0,1,-1,2;1501,2,1,-1,0;1512,1,1,-1,2;1523,2,1,-1,2;1544,0,1,-1,0;1587,0,1,-1,0;1630,3,1,-1,0;1651,0,1,-1,2;1673,3,1,-1,0;1694,0,1,-1,2;1716,1,1,-1,0;1737,3,1,-1,2;1769,1,1,-1,2;1801,0,1,-1,0;1834,2,1,-1,2;1866,1,1,-1,2;1877,3,1,-1,2;1909,0,1,-1,2;1941,1,1,-1,2;1973,3,1,-1,0;2005,2,1,-1,2;2037,1,1,-1,2;2048,0,1,-1,2;2080,3,1,-1,2;2112,1,1,-1,2;2144,0,1,-1,0;2177,1,1,-1,2;2209,2,1,-1,2;2219,3,1,-1,2;2252,0,1,-1,2;2284,2,1,-1,2;2316,3,1,-1,0;2348,1,1,-1,2;2369,2,1,-1,2;2380,0,1,-1,2;2391,2,1,-1,2;2423,1,1,-1,2;2455,0,1,-1,2;2487,2,1,-1,0;2519,1,1,-1,2;2541,1,1,-1,2;2552,3,1,-1,2;2562,1,1,-1,2;2594,2,1,-1,2;2627,3,1,-1,2;2659,1,1,-1,0;2691,2,1,-1,2;2723,2,1,-1,2;2734,0,1,-1,2;2766,3,1,-1,2;2798,3,1,-1,2;2830,2,1,-1,0;2862,0,1,-1,2;2894,0,1,-1,2;2937,0,1,-1,2;2969,0,1,-1,2;3002,1,1,-1,0;3034,3,1,-1,2;3066,3,1,-1,2;3087,0,1,-1,0;3109,1,1,-1,2;3130,3,1,-1,0;3152,1,1,-1,3;3152,3,1,-1,3;3173,0,1,-1,0;3194,1,1,-1,2;3216,2,1,-1,0;3237,0,1,-1,3;3237,2,1,-1,3;3259,1,1,-1,0;3280,1,1,-1,3;3280,2,1,-1,3;3302,1,1,-1,0;3323,1,1,-1,3;3323,3,1,-1,3;3344,1,1,-1,0;3366,3,1,-1,2;3387,0,1,-1,1;3387,3,1,-1,1;3430,2,1,-1,0;3441,0,1,-1,2;3452,2,1,-1,2;3473,1,1,-1,0;3494,3,1,-1,2;3516,1,1,-1,0;3527,3,1,-1,2;3537,1,1,-1,2;3559,2,1,-1,0;3580,0,1,-1,2;3602,1,1,-1,0;3612,0,1,-1,2;3623,1,1,-1,2;3644,0,1,-1,0;3666,3,1,-1,2;3687,1,1,-1,0;3698,3,1,-1,2;3709,1,1,-1,2;3730,3,1,-1,0;3752,0,1,-1,2;3773,2,1,-1,0;3784,0,1,-1,2;3794,2,1,-1,2;3816,1,1,-1,0;3837,3,1,-1,2;3859,2,1,-1,0;3869,3,1,-1,2;3880,2,1,-1,2;3902,1,1,-1,0;3923,2,1,-1,2;3944,3,1,-1,0;3955,0,1,-1,2;3966,3,1,-1,2;3987,1,1,-1,0;4009,3,1,-1,2;4030,0,1,-1,0;4041,3,1,-1,2;4052,0,1,-1,2;4073,1,1,-1,0;4094,2,1,-1,2;4116,3,1,-1,0;4127,1,1,-1,2;4137,3,1,-1,2;4159,0,1,-1,0;4180,1,1,-1,2;4202,3,1,-1,0;4212,1,1,-1,2;4223,3,1,-1,2;4244,1,1,-1,0;4266,0,1,-1,2;4287,2,1,-1,0;4298,3,1,-1,2;4309,2,1,-1,2;4330,0,1,-1,0;4352,3,1,-1,2;4373,1,1,-1,0;4384,0,1,-1,2;4394,1,1,-1,2;4416,3,1,-1,0;4437,2,1,-1,2;4459,0,1,-1,0;4469,2,1,-1,2;4480,0,1,-1,2;4502,2,1,-1,0;4523,3,1,-1,2;4544,1,1,-1,0;4555,2,1,-1,2;4566,1,1,-1,2;4587,2,1,-1,0;4609,0,1,-1,2;4630,2,1,-1,0;4641,1,1,-1,2;4652,2,1,-1,2;4673,1,1,-1,0;4694,3,1,-1,2;4716,0,1,-1,0;4737,2,1,-1,2;4759,1,1,-1,1;4759,3,1,-1,1;4802,0,1,-1,1;4802,3,1,-1,1;4823,2,1,-1,2;4844,1,1,-1,0;4866,2,1,-1,2;4887,0,1,-1,0;4909,3,1,-1,2;4930,1,1,-1,1;4930,2,1,-1,1;4973,0,1,-1,1;4973,3,1,-1,1;4994,2,1,-1,2;5016,1,1,-1,0;5037,2,1,-1,2;5059,3,1,-1,0;5080,0,1,-1,2;5102,1,1,-1,1;5102,2,1,-1,1;5123,3,1,-1,2;5144,1,1,-1,1;5144,2,1,-1,1;5166,0,1,-1,2;5187,2,1,-1,0;5209,1,1,-1,2;5230,0,1,-1,1;5230,3,1,-1,1;5252,2,1,-1,2;5273,1,1,-1,0;5295,0,1,-1,2;5316,1,1,-1,1;5316,2,1,-1,1;5337,3,1,-1,2;5359,0,1,-1,0;5380,3,1,-1,2;5402,0,1,-1,1;5402,1,1,-1,1;5423,2,1,-1,2;5445,1,1,-1,1;5445,3,1,-1,1;5487,0,1,-1,1;5487,3,1,-1,1;5509,2,1,-1,2;5530,0,1,-1,0;5552,2,1,-1,2;5573,1,1,-1,0;5595,3,1,-1,2;5616,1,1,-1,0;5637,3,1,-1,2;5659,1,1,-1,1;5659,2,1,-1,1;5680,0,1,-1,2;5702,3,1,-1,0;5723,0,1,-1,2;5745,1,1,-1,0;5766,2,1,-1,2;5787,1,1,-1,0;5809,2,1,-1,2;5830,0,1,-1,1;5830,3,1,-1,1;5873,2,1,-1,0;5916,3,1,-1,0;5959,2,1,-1,0;6002,3,1,-1,0;6012,2,1,-1,2;6023,3,1,-1,2;6045,2,1,-1,0;6055,1,1,-1,2;6066,2,1,-1,2;6087,1,1,-1,0;6098,0,1,-1,2;6109,1,1,-1,2;6130,0,2,2,0;6173,3,1,-1,0;6259,0,1,-1,1;6259,3,1,-1,1;6345,3,1,-1,0;6366,0,1,-1,2;6387,3,1,-1,0;6409,0,1,-1,2;6430,2,1,-1,0;6452,1,1,-1,2;6473,2,1,-1,0;6495,1,1,-1,2;6516,2,1,-1,0;6537,0,1,-1,2;6548,3,1,-1,2;6559,0,1,-1,0;6580,2,1,-1,2;6591,1,1,-1,2;6602,2,1,-1,0;6623,0,1,-1,2;6634,1,1,-1,2;6645,0,1,-1,0;6666,3,1,-1,2;6677,2,1,-1,2;6687,3,1,-1,0;6709,1,1,-1,2;6720,2,1,-1,2;6730,1,1,-1,0;6752,3,1,-1,2;6762,0,1,-1,2;6773,3,1,-1,0;6795,0,1,-1,2;6805,2,1,-1,2;6816,0,1,-1,0;6837,3,1,-1,2;6848,1,1,-1,2;6859,3,1,-1,0;6880,1,1,-1,2;6902,0,1,-1,0;6923,1,1,-1,2;6945,3,1,-1,0;6966,2,1,-1,2;6987,1,1,-1,0;7009,0,1,-1,2;7030,3,1,-1,0;7052,0,1,-1,2;7062,1,1,-1,2;7073,0,1,-1,0;7095,3,1,-1,2;7105,1,1,-1,2;7116,3,1,-1,0;7137,0,1,-1,2;7148,1,1,-1,2;7159,0,1,-1,0;7180,3,1,-1,2;7191,1,1,-1,2;7202,3,2,3,0;7245,2,1,-1,0;7287,0,1,-1,0;7330,1,1,-1,1;7330,2,1,-1,1;7373,2,1,-1,1;7373,3,1,-1,1;7395,3,1,-1,2;7416,1,1,-1,0;7459,0,1,-1,1;7459,2,1,-1,1;7480,0,1,-1,2;7502,1,1,-1,0;7545,1,1,-1,0;7566,0,1,-1,2;7598,2,1,-1,2;7630,1,1,-1,0;7662,3,1,-1,2;7695,0,1,-1,2;7705,2,1,-1,2;7737,3,1,-1,2;7770,2,1,-1,2;7802,1,1,-1,0;7834,0,1,-1,2;7855,1,1,-1,2;7866,2,1,-1,2;7877,1,1,-1,2;7909,3,1,-1,2;7941,0,1,-1,3;7941,1,1,-1,3;7973,1,1,-1,1;7973,3,1,-1,1;8005,0,1,-1,3;8005,1,1,-1,3;8037,3,1,-1,2;8048,0,1,-1,2;8080,1,1,-1,2;8112,1,1,-1,2;8145,2,1,-1,0;8177,2,1,-1,2;8209,1,1,-1,2;8230,3,2,4,0;8316,2,2,5,0;8402,0,2,6,1;8402,3,2,7,1;8573,1,1,-1,1;8573,2,1,-1,1","h":"1,0,516,687;2,0,6130,6216;3,3,7202,7287;4,3,8230,8273;5,2,8316,8359;6,0,8402,8530;7,3,8402,8530"}