{"v":1,"fmt":"sldr-chart-v1","id":"stay","d":"Medium","m":5,"du":87.02,"tr":162,"ch":9,"mx":2,"of":50,"sr":[0.327511,0.5,0.055556,0.163743,0.292398],"n":"516,2,1,-1,0;601,0,1,-1,0;687,1,1,-1,0;837,2,1,-1,2;859,0,2,1,0;1030,3,2,2,0;1201,1,2,3,0;1330,2,1,-1,0;1373,2,2,4,0;1459,0,1,-1,0;1544,0,2,5,1;1544,2,1,-1,1;1587,2,1,-1,0;1630,3,1,-1,0;1651,3,1,-1,2;1673,3,1,-1,0;1737,2,1,-1,2;1769,1,1,-1,2;1801,2,1,-1,0;1834,1,1,-1,2;1866,3,1,-1,2;1909,1,1,-1,2;1941,0,1,-1,2;1973,1,1,-1,0;2005,0,1,-1,2;2037,3,1,-1,2;2080,3,1,-1,2;2112,1,1,-1,2;2144,3,1,-1,0;2177,1,1,-1,2;2209,0,1,-1,2;2252,2,1,-1,2;2284,1,1,-1,2;2316,3,1,-1,0;2348,1,1,-1,2;2380,2,1,-1,2;2423,0,1,-1,2;2455,2,1,-1,2;2487,0,1,-1,0;2519,2,1,-1,2;2552,1,1,-1,2;2594,3,1,-1,2;2627,2,1,-1,2;2659,2,1,-1,0;2691,3,1,-1,2;2723,0,1,-1,2;2766,2,1,-1,2;2798,2,1,-1,2;2830,0,1,-1,0;2862,0,1,-1,2;2894,0,1,-1,2;2937,2,1,-1,2;2969,2,1,-1,2;3002,3,1,-1,0;3034,3,1,-1,2;3066,3,1,-1,2;3087,0,1,-1,0;3130,2,1,-1,0;3173,3,1,-1,0;3216,2,1,-1,0;3259,0,1,-1,0;3302,1,1,-1,0;3344,3,1,-1,0;3387,1,1,-1,0;3430,0,1,-1,1;3430,3,1,-1,1;3473,2,1,-1,0;3516,0,1,-1,0;3559,3,2,6,0;3602,1,1,-1,0;3644,1,1,-1,0;3687,0,1,-1,0;3730,1,1,-1,0;3773,2,1,-1,0;3816,0,1,-1,0;3859,3,1,-1,0;3902,1,1,-1,0;3944,3,1,-1,0;3987,0,2,7,0;4030,1,1,-1,0;4073,2,1,-1,0;4116,0,1,-1,0;4159,1,1,-1,0;4202,3,1,-1,0;4244,1,1,-1,0;4287,0,1,-1,0;4330,2,1,-1,0;4373,3,1,-1,0;4416,2,1,-1,0;4459,0,2,8,0;4587,3,1,-1,0;4630,1,1,-1,0;4716,2,1,-1,0;4759,1,1,-1,0;4802,0,2,9,1;4802,3,2,10,1;4930,1,1,-1,0;4973,3,1,-1,0;5059,2,1,-1,0;5102,1,1,-1,0;5144,3,2,11,0;5187,1,1,-1,0;5230,0,1,-1,0;5273,1,1,-1,0;5316,0,1,-1,0;5402,0,1,-1,0;5445,1,1,-1,0;5487,0,2,12,0;5573,1,1,-1,0;5616,1,1,-1,0;5659,3,2,13,0;5745,1,1,-1,0;5787,1,1,-1,0;5830,2,2,14,0;5873,1,1,-1,0;5916,1,1,-1,0;5959,1,1,-1,0;6002,1,1,-1,1;6002,2,1,-1,1;6045,0,1,-1,0;6087,1,1,-1,0;6130,0,1,-1,1;6130,3,1,-1,1;6173,0,2,15,0;6259,3,2,16,0;6345,0,1,-1,1;6345,3,1,-1,1;6387,2,1,-1,0;6430,3,1,-1,0;6473,0,1,-1,0;6516,3,2,17,0;6602,0,2,18,0;6687,0,1,-1,0;6730,2,1,-1,0;6773,3,1,-1,0;6816,2,1,-1,0;6859,0,2,19,1;6859,3,2,20,1;6987,1,1,-1,0;7030,3,2,21,0;7159,1,1,-1,0;7202,0,2,22,0;7373,2,2,23,0;7459,1,2,24,0;7545,2,1,-1,0;7566,3,1,-1,2;7598,0,1,-1,2;7630,2,1,-1,0;7662,1,1,-1,2;7695,3,1,-1,2;7737,0,1,-1,2;7770,3,1,-1,2;7802,1,1,-1,0;7834,2,1,-1,2;7866,0,1,-1,2;7909,1,1,-1,2;7941,2,1,-1,2;7973,0,1,-1,0;8005,3,1,-1,2;8037,1,1,-1,2;8080,0,1,-1,2;8112,1,1,-1,2;8145,0,1,-1,0;8177,3,1,-1,2;8209,0,1,-1,2;8230,2,2,25,0;8316,1,2,26,0;8402,0,2,27,1;8402,3,2,28,1;8573,1,1,-1,1;8573,2,1,-1,1","h":"1,0,859,987;2,3,1030,1159;3,1,1201,1330;4,2,1373,1501;5,0,1544,1630;6,3,3559,3644;7,0,3987,4073;8,0,4459,4673;10,3,4802,4887;9,0,4802,5016;11,3,5144,5359;12,0,5487,5616;13,3,5659,5787;14,2,5830,5959;15,0,6173,6302;16,3,6259,6302;18,0,6602,6645;17,3,6516,6645;20,3,6859,6945;19,0,6859,7030;21,3,7030,7202;22,0,7202,7330;24,1,7459,7502;23,2,7373,7502;26,1,8316,8359;25,2,8230,8359;27,0,8402,8530;28,3,8402,8530"}