{"v":1,"fmt":"sldr-chart-v1","id":"tsugaru-apple-mix","d":"Challenge","m":11,"du":93.55,"tr":353,"ch":17,"mx":2,"of":142,"sr":[0.659184,0.5,0.048159,0.018919,0.383784],"n":"727,0,1,-1,0;764,0,1,-1,0;800,0,1,-1,0;836,0,1,-1,0;873,0,1,-1,0;909,0,1,-1,0;945,0,1,-1,0;982,0,1,-1,0;1000,3,1,-1,2;1018,3,1,-1,0;1055,3,1,-1,0;1091,3,1,-1,0;1127,3,1,-1,0;1164,3,1,-1,0;1200,3,1,-1,0;1236,3,1,-1,0;1273,3,1,-1,0;1291,2,1,-1,2;1309,2,1,-1,0;1345,2,1,-1,0;1382,2,1,-1,0;1418,2,1,-1,0;1455,2,1,-1,0;1491,2,1,-1,0;1527,2,1,-1,0;1564,1,1,-1,0;1582,0,1,-1,2;1600,3,1,-1,0;1636,2,1,-1,0;1655,2,1,-1,2;1673,2,1,-1,0;1709,1,1,-1,0;1727,3,1,-1,2;1745,0,1,-1,0;1782,2,1,-1,0;1800,1,1,-1,2;1818,2,1,-1,0;1855,1,1,-1,0;1873,0,1,-1,2;1891,3,1,-1,0;1927,2,1,-1,0;1945,1,1,-1,2;1964,2,1,-1,0;2000,2,1,-1,0;2018,2,1,-1,2;2036,2,1,-1,0;2055,1,1,-1,2;2073,3,1,-1,0;2091,0,1,-1,2;2109,3,1,-1,0;2145,3,1,-1,0;2164,3,1,-1,2;2182,1,1,-1,0;2200,2,1,-1,2;2218,0,1,-1,0;2236,3,1,-1,2;2255,0,1,-1,0;2291,0,1,-1,0;2309,0,1,-1,2;2345,0,1,-1,2;2364,0,1,-1,0;2382,1,1,-1,2;2400,2,1,-1,0;2418,3,1,-1,2;2436,2,1,-1,0;2455,2,1,-1,2;2473,2,1,-1,0;2491,2,1,-1,2;2509,3,1,-1,0;2527,3,1,-1,2;2545,0,1,-1,0;2564,1,1,-1,2;2582,1,1,-1,0;2600,1,1,-1,2;2618,0,1,-1,0;2636,2,1,-1,2;2655,3,1,-1,0;2673,2,1,-1,2;2691,0,1,-1,0;2709,3,1,-1,2;2727,0,1,-1,0;2745,0,1,-1,2;2764,0,1,-1,0;2782,1,1,-1,2;2800,3,1,-1,0;2818,1,1,-1,2;2836,0,1,-1,0;2855,3,1,-1,2;2873,0,1,-1,0;2891,0,1,-1,2;2909,1,1,-1,0;2927,2,1,-1,2;2945,3,1,-1,0;2964,1,1,-1,2;2982,2,1,-1,0;3000,0,1,-1,2;3018,3,1,-1,0;3036,3,1,-1,2;3055,2,1,-1,0;3073,1,1,-1,2;3091,0,1,-1,0;3109,3,1,-1,2;3127,1,1,-1,0;3145,2,1,-1,2;3164,0,1,-1,0;3182,0,1,-1,2;3200,3,1,-1,0;3236,1,1,-1,0;3273,0,1,-1,0;3309,1,1,-1,0;3345,3,1,-1,0;3382,2,1,-1,0;3418,0,1,-1,0;3455,2,1,-1,0;3491,3,1,-1,0;3527,1,1,-1,0;3564,0,1,-1,0;3600,1,1,-1,0;3636,2,1,-1,0;3664,2,1,-1,2;3673,0,1,-1,0;3700,0,1,-1,2;3709,3,1,-1,0;3736,3,1,-1,2;3745,1,1,-1,0;3773,1,1,-1,2;3782,2,1,-1,0;3809,2,1,-1,2;3818,0,1,-1,0;3845,0,1,-1,2;3855,3,1,-1,0;3882,3,1,-1,2;3891,1,1,-1,0;3918,1,1,-1,2;3927,2,1,-1,0;3955,2,1,-1,2;3964,0,1,-1,0;3991,0,1,-1,2;4000,3,1,-1,0;4027,3,1,-1,2;4036,1,1,-1,0;4064,1,1,-1,2;4073,2,1,-1,0;4100,2,1,-1,2;4109,0,1,-1,0;4136,0,1,-1,2;4145,3,1,-1,0;4173,3,1,-1,2;4182,1,1,-1,0;4209,1,1,-1,2;4218,2,1,-1,0;4245,2,1,-1,2;4255,0,1,-1,0;4282,0,1,-1,2;4291,1,1,-1,0;4318,1,1,-1,2;4327,2,1,-1,0;4355,2,1,-1,2;4364,3,1,-1,0;4391,3,1,-1,2;4400,1,1,-1,0;4427,1,1,-1,2;4436,2,1,-1,0;4464,2,1,-1,2;4473,0,1,-1,0;4500,0,1,-1,2;4509,2,1,-1,0;4536,2,1,-1,2;4545,0,1,-1,0;4573,0,1,-1,2;4582,1,1,-1,0;4609,1,1,-1,2;4618,2,1,-1,0;4645,2,1,-1,2;4655,3,1,-1,0;4682,3,1,-1,2;4691,1,1,-1,0;4718,1,1,-1,2;4727,2,1,-1,0;4755,2,1,-1,2;4764,0,1,-1,0;4791,0,1,-1,2;4800,2,1,-1,0;4827,0,1,-1,2;4836,1,1,-1,0;4873,2,1,-1,0;4900,3,1,-1,2;4909,1,1,-1,0;4945,3,1,-1,0;4973,2,1,-1,2;4982,1,1,-1,0;5018,0,1,-1,0;5045,2,1,-1,2;5055,1,1,-1,0;5091,2,1,-1,0;5118,3,1,-1,2;5127,1,1,-1,0;5164,2,1,-1,0;5191,0,1,-1,2;5200,1,1,-1,0;5236,0,1,-1,0;5264,1,1,-1,2;5273,2,1,-1,0;5309,3,1,-1,0;5336,1,1,-1,2;5345,2,1,-1,0;5382,0,1,-1,0;5409,3,1,-1,2;5418,0,1,-1,0;5455,0,1,-1,1;5455,3,1,-1,1;5491,3,1,-1,0;5527,2,1,-1,0;5555,1,1,-1,2;5564,2,1,-1,0;5600,1,1,-1,1;5600,2,1,-1,1;5636,1,1,-1,0;5673,2,1,-1,0;5700,0,1,-1,2;5709,2,1,-1,0;5745,1,1,-1,0;5773,3,1,-1,2;5782,1,1,-1,0;5818,0,1,-1,0;5845,3,1,-1,2;5855,0,1,-1,0;5891,0,1,-1,1;5891,3,1,-1,1;5964,0,1,-1,0;5982,3,1,-1,2;6000,3,1,-1,0;6036,0,1,-1,0;6055,0,1,-1,2;6073,3,1,-1,0;6091,2,1,-1,2;6109,1,1,-1,0;6127,2,1,-1,2;6164,1,1,-1,2;6182,2,1,-1,0;6200,1,1,-1,2;6236,0,1,-1,2;6255,3,1,-1,0;6291,2,1,-1,0;6309,2,1,-1,2;6327,2,1,-1,0;6345,3,1,-1,2;6364,0,1,-1,0;6382,1,1,-1,2;6400,2,1,-1,0;6418,0,1,-1,2;6436,2,1,-1,0;6455,1,1,-1,2;6473,3,1,-1,0;6491,1,1,-1,2;6509,3,1,-1,0;6527,0,1,-1,2;6545,3,1,-1,0;6564,1,1,-1,2;6582,3,1,-1,0;6600,0,1,-1,2;6618,2,1,-1,0;6636,0,1,-1,2;6655,2,1,-1,0;6691,0,1,-1,0;6709,1,1,-1,2;6727,0,1,-1,0;6745,3,1,-1,2;6764,2,1,-1,0;6782,3,1,-1,2;6800,2,1,-1,0;6836,3,1,-1,0;6855,0,1,-1,2;6873,3,1,-1,0;6891,1,1,-1,2;6909,2,1,-1,0;6927,1,1,-1,2;6945,2,1,-1,0;6982,0,1,-1,0;7000,3,1,-1,2;7018,0,1,-1,0;7036,1,1,-1,2;7055,2,1,-1,0;7073,1,1,-1,2;7091,2,1,-1,0;7127,3,1,-1,0;7182,3,1,-1,2;7236,3,1,-1,0;7273,3,1,-1,0;7300,3,1,-1,2;7309,0,1,-1,0;7336,0,1,-1,2;7345,1,1,-1,0;7373,1,1,-1,2;7382,2,1,-1,0;7418,2,1,-1,1;7418,3,1,-1,1;7455,0,1,-1,1;7455,1,1,-1,1;7491,1,1,-1,1;7491,3,1,-1,1;7527,0,1,-1,1;7527,2,1,-1,1;7555,0,1,-1,2;7564,3,1,-1,0;7591,3,1,-1,2;7600,0,1,-1,0;7627,0,1,-1,2;7636,2,1,-1,0;7664,2,1,-1,2;7673,1,1,-1,0;7700,1,1,-1,2;7709,3,1,-1,0;7727,2,1,-1,2;7745,1,1,-1,0;7764,0,1,-1,2;7782,2,1,-1,0;7800,1,1,-1,2;7818,3,1,-1,0;7836,0,1,-1,2;7855,3,1,-1,0;7882,3,1,-1,2;7891,0,1,-1,0;7918,0,1,-1,2;7927,1,1,-1,0;7955,1,1,-1,2;7964,2,1,-1,0;7991,2,1,-1,2;8000,3,1,-1,0;8036,0,1,-1,1;8036,1,1,-1,1;8073,2,1,-1,0;8109,1,1,-1,1;8109,3,1,-1,1;8136,1,1,-1,2;8145,3,1,-1,0;8173,3,1,-1,2;8182,2,1,-1,0;8209,2,1,-1,2;8218,1,1,-1,0;8245,1,1,-1,2;8255,0,1,-1,0;8282,0,1,-1,2;8291,2,1,-1,0;8327,1,1,-1,1;8327,3,1,-1,1;8364,0,1,-1,1;8364,1,1,-1,1;8418,0,1,-1,3;8418,3,1,-1,3;8455,0,1,-1,3;8455,2,1,-1,3;8491,2,1,-1,3;8491,3,1,-1,3;8509,0,1,-1,1;8509,3,1,-1,1;8545,1,1,-1,1;8545,2,1,-1,1;8582,0,2,1,1;8582,3,2,2,1;8716,0,1,-1,2;8736,0,2,3,0;8896,3,1,-1,2;8919,3,2,4,0;8966,2,2,5,0;9013,0,2,6,0;9069,2,1,-1,0;9101,3,1,-1,2;9117,1,1,-1,2;9132,2,2,7,0","h":"1,0,8582,8697;2,3,8582,8697;3,0,8736,8873;4,3,8919,8966;5,2,8966,9013;6,0,9013,9069;7,2,9132,9207"}