{"v":1,"fmt":"sldr-chart-v1","id":"there-you-ll-be","d":"Hard","m":8,"du":90.34,"tr":327,"ch":16,"mx":2,"of":131,"sr":[0.632795,0.5,0.04893,0.067055,0.381924],"n":"419,3,1,-1,0;436,2,1,-1,2;488,0,1,-1,0;506,1,1,-1,2;558,1,2,1,1;558,2,2,2,1;698,2,1,-1,0;715,0,1,-1,2;837,1,1,-1,0;855,3,1,-1,2;959,2,1,-1,2;977,0,1,-1,0;1046,3,1,-1,0;1081,3,1,-1,0;1116,2,1,-1,0;1134,3,1,-1,2;1151,0,1,-1,0;1169,1,1,-1,2;1186,0,1,-1,0;1203,2,1,-1,2;1221,1,1,-1,0;1238,3,1,-1,2;1256,1,1,-1,0;1273,2,1,-1,2;1291,0,1,-1,0;1326,0,1,-1,0;1343,1,1,-1,2;1360,3,1,-1,0;1395,2,1,-1,0;1413,0,1,-1,2;1430,1,1,-1,0;1465,2,1,-1,0;1482,3,1,-1,2;1500,1,1,-1,0;1535,2,1,-1,0;1570,3,1,-1,0;1605,1,1,-1,0;1639,0,1,-1,0;1674,2,1,-1,0;1692,0,1,-1,2;1709,3,1,-1,0;1727,1,1,-1,2;1744,3,1,-1,0;1762,0,1,-1,2;1779,1,1,-1,0;1814,0,1,-1,0;1831,1,1,-1,2;1849,2,1,-1,0;1866,3,1,-1,2;1884,0,1,-1,0;1901,1,1,-1,2;1919,2,1,-1,0;1936,3,1,-1,2;1971,3,1,-1,2;1988,1,1,-1,0;2006,2,1,-1,2;2023,0,1,-1,0;2041,3,1,-1,2;2058,1,1,-1,0;2075,2,1,-1,2;2093,0,1,-1,0;2110,3,1,-1,2;2128,0,1,-1,0;2145,3,1,-1,2;2163,0,1,-1,0;2180,3,1,-1,2;2198,0,1,-1,0;2232,0,2,3,1;2232,1,2,4,1;2372,3,1,-1,0;2389,2,1,-1,2;2407,3,1,-1,0;2442,0,1,-1,0;2459,1,1,-1,2;2477,0,1,-1,0;2511,3,1,-1,0;2546,0,1,-1,0;2581,3,1,-1,0;2599,1,1,-1,2;2616,0,1,-1,0;2651,0,1,-1,0;2668,1,1,-1,2;2686,0,1,-1,0;2721,3,1,-1,0;2738,1,1,-1,2;2756,3,1,-1,0;2791,0,1,-1,0;2825,3,1,-1,0;2860,0,1,-1,0;2878,1,1,-1,2;2895,3,1,-1,0;2930,2,1,-1,0;2948,0,1,-1,2;2965,3,1,-1,0;2982,1,1,-1,2;3000,2,1,-1,0;3017,0,1,-1,2;3035,1,1,-1,0;3070,2,1,-1,0;3087,3,1,-1,2;3104,0,1,-1,0;3122,1,1,-1,2;3139,2,1,-1,0;3157,3,1,-1,2;3174,0,1,-1,0;3209,2,1,-1,0;3227,0,1,-1,2;3244,1,1,-1,0;3279,2,1,-1,0;3296,3,1,-1,2;3314,1,1,-1,0;3349,0,2,5,1;3349,3,2,6,1;3488,2,1,-1,0;3506,3,1,-1,2;3523,2,1,-1,0;3558,0,1,-1,0;3575,1,1,-1,2;3593,0,1,-1,0;3628,0,1,-1,0;3663,3,1,-1,0;3697,0,1,-1,0;3715,1,1,-1,2;3732,3,1,-1,0;3767,1,1,-1,0;3785,3,1,-1,2;3802,1,1,-1,0;3837,2,1,-1,0;3854,0,1,-1,2;3872,2,1,-1,0;3907,0,1,-1,0;3942,3,1,-1,0;3977,3,1,-1,0;3994,1,1,-1,2;4011,0,1,-1,0;4046,2,1,-1,0;4064,3,1,-1,2;4081,0,1,-1,0;4099,1,1,-1,2;4116,2,1,-1,0;4134,3,1,-1,2;4151,1,1,-1,0;4186,2,1,-1,0;4203,0,1,-1,2;4221,3,1,-1,0;4238,1,1,-1,2;4256,2,1,-1,0;4273,0,1,-1,2;4290,3,1,-1,0;4325,2,1,-1,0;4343,3,1,-1,2;4360,1,1,-1,0;4395,2,1,-1,0;4413,0,1,-1,2;4430,1,1,-1,0;4465,3,1,-1,0;4482,0,1,-1,2;4535,0,1,-1,0;4552,3,1,-1,2;4604,0,2,7,1;4604,3,2,8,1;4674,0,1,-1,0;4692,1,1,-1,2;4709,3,1,-1,0;4726,1,1,-1,2;4744,0,1,-1,0;4814,3,1,-1,0;4831,1,1,-1,2;4849,0,1,-1,0;4866,1,1,-1,2;4883,3,2,9,0;4918,1,1,-1,0;4953,0,2,10,0;4988,1,1,-1,0;5023,3,2,11,0;5058,0,2,12,0;5163,3,1,-1,0;5180,1,1,-1,2;5197,0,1,-1,0;5215,1,1,-1,2;5232,3,1,-1,0;5250,0,1,-1,2;5267,3,1,-1,0;5302,0,1,-1,0;5319,1,1,-1,2;5337,3,1,-1,0;5354,1,1,-1,2;5372,0,1,-1,0;5407,0,1,-1,1;5407,3,1,-1,1;5442,2,1,-1,0;5459,0,1,-1,2;5476,3,1,-1,0;5494,1,1,-1,2;5511,3,1,-1,0;5529,0,1,-1,2;5546,2,1,-1,0;5581,2,2,13,1;5581,3,2,14,1;5651,0,2,15,1;5651,1,2,16,1;5721,0,2,17,1;5721,3,2,18,1;5860,3,1,-1,0;5878,0,1,-1,2;5895,2,1,-1,0;5912,1,1,-1,2;5930,3,1,-1,0;5965,0,1,-1,1;5965,3,1,-1,1;6000,0,1,-1,0;6017,1,1,-1,2;6035,3,1,-1,0;6052,1,1,-1,2;6069,0,1,-1,0;6104,1,1,-1,1;6104,2,1,-1,1;6139,3,1,-1,0;6157,1,1,-1,2;6174,0,1,-1,0;6192,1,1,-1,2;6209,3,1,-1,0;6244,0,1,-1,1;6244,3,1,-1,1;6279,2,1,-1,0;6296,3,1,-1,2;6314,0,1,-1,0;6331,2,1,-1,2;6349,3,1,-1,0;6383,1,1,-1,1;6383,2,1,-1,1;6418,2,1,-1,0;6436,0,1,-1,2;6453,3,1,-1,0;6471,0,1,-1,2;6488,1,1,-1,0;6505,2,1,-1,2;6523,3,1,-1,0;6540,0,1,-1,2;6575,3,1,-1,2;6610,0,1,-1,3;6610,3,1,-1,3;6628,0,1,-1,0;6645,3,1,-1,2;6662,0,1,-1,0;6680,3,1,-1,2;6697,1,1,-1,0;6715,2,1,-1,2;6732,1,1,-1,0;6750,2,1,-1,2;6767,0,1,-1,0;6785,2,1,-1,2;6802,0,1,-1,0;6819,2,1,-1,2;6837,3,1,-1,0;6872,0,1,-1,0;6907,3,1,-1,0;6924,3,1,-1,2;6941,0,1,-1,0;6976,3,1,-1,0;6994,1,1,-1,2;7011,0,1,-1,0;7046,0,1,-1,0;7064,1,1,-1,2;7081,3,1,-1,0;7116,3,1,-1,0;7133,1,1,-1,2;7168,0,1,-1,3;7168,3,2,19,3;7203,0,1,-1,2;7238,0,1,-1,2;7255,0,1,-1,0;7273,1,1,-1,2;7308,0,2,20,3;7308,3,1,-1,3;7343,3,1,-1,2;7378,3,1,-1,2;7395,3,1,-1,0;7412,1,1,-1,2;7447,0,1,-1,2;7465,3,1,-1,0;7482,0,1,-1,2;7500,3,1,-1,0;7517,0,1,-1,2;7534,2,1,-1,0;7552,0,1,-1,2;7569,3,1,-1,0;7604,2,1,-1,0;7622,3,1,-1,2;7639,0,1,-1,0;7674,2,1,-1,0;7691,0,1,-1,2;7709,1,1,-1,0;7726,0,1,-1,2;7744,3,1,-1,0;7761,0,1,-1,2;7779,1,1,-1,0;7814,1,1,-1,0;7831,0,1,-1,2;7848,2,1,-1,0;7866,0,1,-1,2;7883,3,1,-1,0;7901,0,1,-1,2;7918,1,1,-1,0;7936,2,1,-1,2;7953,3,1,-1,0;7971,0,1,-1,2;7988,1,1,-1,0;8005,2,1,-1,2;8023,3,1,-1,0;8040,0,1,-1,2;8058,3,1,-1,0;8093,2,1,-1,0;8110,3,1,-1,2;8127,0,1,-1,0;8162,2,1,-1,0;8180,0,1,-1,2;8197,3,1,-1,0;8232,2,1,-1,0;8250,3,1,-1,2;8267,1,1,-1,0;8284,3,1,-1,2;8302,0,1,-1,0;8319,3,1,-1,2;8337,1,1,-1,0;8372,1,1,-1,0;8389,3,1,-1,2;8407,2,1,-1,0;8424,3,1,-1,2;8441,0,1,-1,0;8459,3,1,-1,2;8476,1,1,-1,0;8494,2,1,-1,2;8511,0,1,-1,0;8529,3,1,-1,2;8546,1,1,-1,0;8564,2,1,-1,2;8581,0,1,-1,0;8598,3,1,-1,2;8616,0,1,-1,0;8651,0,2,21,1;8651,3,2,22,1;8720,1,2,23,0","h":"1,1,558,663;2,2,558,663;3,0,2232,2337;4,1,2232,2337;5,0,3349,3453;6,3,3349,3453;7,0,4604,4639;8,3,4604,4639;9,3,4883,4953;10,0,4953,5023;12,0,5058,5128;11,3,5023,5128;13,2,5581,5616;14,3,5581,5616;15,0,5651,5686;16,1,5651,5686;17,0,5721,5825;18,3,5721,5825;19,3,7168,7238;20,0,7308,7378;22,3,8651,8686;21,0,8651,8860;23,1,8720,8860"}