{"v":1,"fmt":"sldr-chart-v1","id":"there-you-ll-be","d":"Medium","m":6,"du":90.34,"tr":227,"ch":18,"mx":2,"of":58,"sr":[0.451996,0.5,0.079295,0.069388,0.236735],"n":"419,0,1,-1,0;488,3,1,-1,0;558,1,2,1,0;698,2,1,-1,0;837,1,1,-1,0;959,2,1,-1,2;977,3,1,-1,0;1046,0,1,-1,0;1116,2,1,-1,0;1151,0,1,-1,0;1186,3,1,-1,0;1221,1,1,-1,0;1256,0,1,-1,1;1256,3,2,2,1;1291,2,1,-1,0;1326,1,1,-1,0;1395,0,2,3,1;1395,3,1,-1,1;1430,1,1,-1,0;1465,3,1,-1,0;1535,0,1,-1,0;1570,1,1,-1,0;1605,3,1,-1,0;1639,2,1,-1,0;1674,2,1,-1,0;1709,3,1,-1,0;1744,0,1,-1,0;1779,1,1,-1,0;1814,3,1,-1,0;1831,2,1,-1,2;1866,0,1,-1,2;1901,0,1,-1,3;1901,2,1,-1,3;1936,3,1,-1,2;1971,0,1,-1,3;1971,3,1,-1,3;2006,1,1,-1,2;2041,0,1,-1,3;2041,3,1,-1,3;2075,2,1,-1,2;2110,1,1,-1,3;2110,3,1,-1,3;2145,3,1,-1,2;2180,0,1,-1,3;2180,1,1,-1,3;2215,3,1,-1,2;2232,0,2,4,1;2232,3,2,5,1;2372,3,1,-1,0;2407,1,1,-1,0;2442,0,1,-1,0;2477,2,1,-1,0;2511,3,1,-1,0;2546,1,1,-1,0;2581,0,1,-1,0;2599,1,1,-1,2;2616,0,1,-1,0;2651,2,1,-1,0;2686,3,1,-1,0;2721,1,1,-1,0;2756,0,1,-1,0;2791,1,1,-1,0;2825,3,1,-1,0;2860,1,1,-1,0;2878,3,1,-1,2;2895,1,1,-1,0;2930,2,1,-1,0;2948,3,1,-1,2;2965,2,1,-1,0;3000,1,1,-1,0;3017,0,1,-1,2;3035,1,1,-1,0;3070,2,1,-1,0;3087,0,1,-1,2;3104,2,1,-1,0;3139,1,1,-1,0;3157,3,1,-1,2;3174,1,1,-1,0;3209,2,1,-1,0;3244,3,1,-1,0;3279,1,1,-1,0;3314,0,1,-1,0;3349,1,2,6,1;3349,2,2,7,1;3488,0,1,-1,0;3523,1,1,-1,0;3558,3,1,-1,0;3593,2,1,-1,0;3628,0,1,-1,0;3663,1,1,-1,0;3697,3,1,-1,0;3715,1,1,-1,2;3732,3,1,-1,0;3767,2,1,-1,0;3802,0,1,-1,0;3837,1,1,-1,0;3872,3,1,-1,0;3907,1,1,-1,0;3942,0,1,-1,0;3977,1,1,-1,0;3994,0,1,-1,2;4011,1,1,-1,0;4046,2,1,-1,0;4064,0,1,-1,2;4081,2,1,-1,0;4116,1,1,-1,0;4134,3,1,-1,2;4151,1,1,-1,0;4186,2,1,-1,0;4203,3,1,-1,2;4221,2,1,-1,0;4256,1,1,-1,0;4273,0,1,-1,2;4290,1,1,-1,0;4325,2,1,-1,0;4360,0,1,-1,0;4395,1,1,-1,0;4430,3,1,-1,0;4465,0,1,-1,0;4482,3,1,-1,2;4535,3,1,-1,0;4552,0,1,-1,2;4604,0,1,-1,1;4604,3,1,-1,1;4674,2,1,-1,0;4692,0,1,-1,2;4709,1,1,-1,0;4744,0,1,-1,0;4761,3,1,-1,2;4779,1,1,-1,0;4814,2,1,-1,0;4831,0,1,-1,2;4849,3,1,-1,0;4883,1,1,-1,0;4918,0,1,-1,0;4953,1,1,-1,0;4988,3,1,-1,0;5023,2,1,-1,0;5058,0,1,-1,0;5093,2,1,-1,0;5128,3,1,-1,0;5163,0,1,-1,1;5163,1,1,-1,1;5232,1,1,-1,0;5267,1,1,-1,0;5302,3,2,8,0;5372,0,2,9,0;5442,3,1,-1,0;5476,3,1,-1,0;5511,0,1,-1,0;5546,0,1,-1,0;5581,1,1,-1,1;5581,2,1,-1,1;5651,3,1,-1,0;5686,2,1,-1,0;5721,0,1,-1,1;5721,1,1,-1,1;5790,1,1,-1,0;5825,1,1,-1,0;5860,0,1,-1,0;5878,1,1,-1,2;5895,0,1,-1,0;5930,2,1,-1,0;5947,3,1,-1,2;5965,2,1,-1,0;6000,1,1,-1,0;6017,0,1,-1,2;6035,1,1,-1,0;6069,3,1,-1,0;6087,2,1,-1,2;6104,3,1,-1,0;6139,1,2,10,0;6209,2,2,11,0;6279,3,1,-1,0;6314,1,1,-1,0;6349,0,1,-1,0;6383,2,1,-1,0;6418,3,1,-1,0;6453,1,1,-1,0;6488,0,1,-1,0;6523,2,1,-1,0;6558,3,1,-1,0;6575,1,1,-1,2;6610,1,1,-1,3;6610,3,1,-1,3;6645,0,1,-1,2;6680,0,1,-1,3;6680,2,1,-1,3;6715,3,1,-1,2;6750,1,1,-1,3;6750,3,1,-1,3;6785,1,1,-1,2;6819,0,1,-1,2;6837,2,1,-1,0;6907,1,1,-1,0;6976,0,1,-1,1;6976,3,1,-1,1;7011,2,1,-1,0;7046,1,1,-1,0;7116,0,1,-1,0;7133,1,1,-1,2;7168,3,1,-1,2;7203,3,1,-1,2;7238,3,1,-1,2;7255,1,1,-1,0;7290,0,1,-1,0;7325,0,1,-1,0;7360,0,1,-1,0;7395,0,1,-1,0;7412,1,1,-1,2;7447,3,1,-1,2;7465,0,1,-1,0;7482,3,1,-1,2;7500,0,1,-1,0;7517,3,1,-1,2;7534,0,2,12,0;7569,2,1,-1,0;7604,3,1,-1,0;7674,3,2,13,0;7709,2,1,-1,0;7744,1,1,-1,0;7814,0,1,-1,0;7848,1,1,-1,0;7883,3,1,-1,0;7918,2,1,-1,0;7953,2,1,-1,0;7988,3,1,-1,0;8023,1,1,-1,0;8058,0,1,-1,0;8093,2,2,14,0;8127,1,1,-1,0;8162,0,1,-1,0;8232,1,2,15,0;8267,2,1,-1,0;8302,3,1,-1,0;8372,2,1,-1,0;8407,3,1,-1,0;8441,1,1,-1,0;8476,0,1,-1,0;8511,1,1,-1,0;8546,3,1,-1,0;8581,3,1,-1,0;8616,0,1,-1,0;8651,0,2,16,1;8651,3,2,17,1","h":"1,1,558,663;2,3,1256,1360;3,0,1395,1500;4,0,2232,2337;5,3,2232,2337;6,1,3349,3453;7,2,3349,3453;9,0,5372,5407;8,3,5302,5407;10,1,6139,6244;11,2,6209,6244;12,0,7534,7639;13,3,7674,7779;14,2,8093,8197;15,1,8232,8337;16,0,8651,8860;17,3,8651,8860"}