{"v":1,"fmt":"sldr-chart-v1","id":"b4u-b4-za-beat-mix","d":"Challenge","m":10,"du":81.52,"tr":243,"ch":12,"mx":2,"of":100,"sr":[0.521344,0.5,0.049383,0.031373,0.392157],"n":"705,2,1,-1,0;829,1,1,-1,2;847,2,1,-1,0;970,1,1,-1,2;988,2,1,-1,0;1058,2,1,-1,0;1129,2,1,-1,0;1164,1,1,-1,0;1199,3,1,-1,0;1226,0,1,-1,2;1235,3,1,-1,0;1252,1,1,-1,2;1270,2,2,1,0;1411,0,2,2,0;1552,3,2,3,0;1694,1,2,4,0;1835,2,1,-1,0;1870,1,1,-1,0;1905,3,1,-1,0;1941,0,1,-1,0;1976,3,1,-1,0;2011,1,1,-1,0;2047,2,1,-1,0;2082,0,1,-1,0;2117,2,1,-1,0;2152,0,1,-1,0;2188,3,1,-1,0;2223,1,1,-1,0;2258,3,1,-1,0;2294,2,1,-1,0;2329,1,1,-1,0;2364,0,1,-1,0;2400,2,1,-1,0;2435,2,1,-1,0;2470,2,1,-1,0;2505,2,1,-1,0;2523,1,1,-1,2;2541,2,1,-1,0;2558,0,1,-1,2;2576,1,1,-1,0;2594,2,1,-1,2;2611,3,1,-1,0;2629,2,1,-1,2;2647,1,1,-1,0;2664,0,1,-1,2;2700,3,1,-1,2;2735,0,1,-1,2;2770,2,1,-1,2;2805,1,1,-1,2;2841,3,1,-1,2;2876,2,1,-1,2;2911,1,1,-1,2;2947,2,1,-1,2;2982,3,1,-1,2;3017,0,1,-1,2;3052,1,1,-1,2;3088,2,1,-1,2;3123,1,1,-1,2;3158,0,1,-1,2;3194,3,1,-1,2;3229,1,1,-1,2;3264,0,1,-1,3;3264,2,1,-1,3;3300,1,1,-1,2;3335,0,1,-1,2;3370,2,1,-1,2;3405,1,1,-1,3;3405,3,1,-1,3;3441,0,1,-1,2;3476,3,1,-1,2;3511,2,1,-1,2;3547,0,1,-1,3;3547,1,1,-1,3;3582,3,1,-1,2;3617,0,1,-1,2;3652,1,1,-1,2;3688,2,1,-1,3;3688,3,1,-1,3;3723,1,1,-1,2;3758,0,1,-1,2;3794,2,1,-1,2;3811,0,1,-1,0;3829,3,1,-1,2;3847,1,1,-1,0;3864,3,1,-1,2;3882,0,1,-1,0;3900,3,1,-1,2;3917,2,1,-1,0;3952,1,1,-1,0;3970,0,1,-1,2;3988,3,1,-1,0;4005,0,1,-1,2;4023,2,1,-1,0;4041,0,1,-1,2;4058,3,1,-1,0;4094,2,1,-1,0;4111,0,1,-1,2;4129,0,1,-1,0;4147,1,1,-1,2;4164,2,1,-1,0;4182,0,1,-1,2;4200,3,1,-1,0;4235,2,1,-1,0;4252,3,1,-1,2;4270,3,1,-1,0;4288,1,1,-1,2;4305,2,1,-1,0;4323,3,1,-1,2;4341,0,1,-1,0;4376,2,1,-1,0;4394,1,1,-1,2;4411,0,1,-1,0;4429,2,1,-1,2;4447,0,1,-1,0;4464,3,1,-1,2;4482,1,1,-1,0;4517,2,1,-1,0;4535,1,1,-1,2;4552,3,1,-1,0;4570,2,1,-1,2;4588,3,1,-1,0;4605,0,1,-1,2;4623,1,1,-1,0;4658,3,1,-1,0;4676,1,1,-1,2;4694,2,1,-1,0;4711,0,1,-1,2;4729,0,1,-1,0;4747,1,1,-1,2;4764,2,1,-1,0;4782,3,1,-1,2;4800,2,1,-1,0;4835,1,1,-1,0;4870,3,1,-1,0;4888,0,1,-1,2;4905,2,1,-1,0;4923,1,1,-1,2;4941,3,2,5,0;5011,2,1,-1,0;5047,1,1,-1,0;5082,0,1,-1,0;5117,0,1,-1,0;5152,0,1,-1,0;5188,0,1,-1,0;5205,1,1,-1,2;5223,0,2,6,0;5294,3,1,-1,0;5329,3,1,-1,0;5364,2,1,-1,0;5382,0,1,-1,2;5400,3,1,-1,0;5417,1,1,-1,2;5435,3,1,-1,0;5452,0,1,-1,2;5470,2,1,-1,0;5488,1,1,-1,2;5505,3,2,7,0;5576,2,1,-1,0;5611,1,1,-1,0;5647,0,1,-1,0;5682,0,1,-1,0;5717,0,1,-1,0;5752,0,1,-1,0;5770,2,1,-1,2;5788,0,2,8,0;5858,2,1,-1,0;5894,1,1,-1,0;5929,2,1,-1,0;5947,0,1,-1,2;5964,1,1,-1,0;5982,2,1,-1,2;6000,3,1,-1,0;6017,1,1,-1,2;6035,2,1,-1,0;6052,1,1,-1,2;6070,2,1,-1,0;6105,0,1,-1,0;6141,2,1,-1,1;6141,3,1,-1,1;6176,1,1,-1,0;6211,0,1,-1,1;6211,2,1,-1,1;6247,3,1,-1,0;6282,1,1,-1,1;6282,2,1,-1,1;6317,0,1,-1,0;6352,1,1,-1,1;6352,2,1,-1,1;6388,0,1,-1,1;6388,3,1,-1,1;6423,1,1,-1,1;6423,2,1,-1,1;6458,0,1,-1,1;6458,3,1,-1,1;6494,2,1,-1,0;6511,0,1,-1,2;6529,1,1,-1,0;6547,0,1,-1,2;6564,3,1,-1,0;6573,1,1,-1,2;6582,0,1,-1,2;6591,1,1,-1,2;6635,2,1,-1,0;6670,0,1,-1,0;6705,3,1,-1,0;6723,1,1,-1,2;6741,2,1,-1,0;6758,1,1,-1,2;6776,0,1,-1,0;6811,0,1,-1,0;6847,0,1,-1,0;6882,0,1,-1,0;6900,3,1,-1,2;6917,1,1,-1,0;6952,2,1,-1,0;6988,3,1,-1,0;7005,3,1,-1,2;7023,0,1,-1,0;7041,3,1,-1,2;7058,1,1,-1,0;7094,2,1,-1,0;7129,3,1,-1,0;7164,1,1,-1,0;7200,2,1,-1,0;7235,1,1,-1,0;7270,3,1,-1,0;7288,2,1,-1,2;7305,0,1,-1,0;7323,2,1,-1,2;7341,1,1,-1,0;7376,1,1,-1,0;7411,1,1,-1,0;7447,1,1,-1,0;7464,3,1,-1,2;7482,0,1,-1,0;7517,2,1,-1,0;7552,0,1,-1,0;7588,1,1,-1,0;7605,2,1,-1,2;7623,3,1,-1,0;7641,1,1,-1,2;7658,3,1,-1,0;7676,0,1,-1,2;7694,1,1,-1,0;7711,2,1,-1,2;7729,1,1,-1,0;7747,0,1,-1,2;7764,3,1,-1,0;7782,0,1,-1,2;7817,2,1,-1,2;7835,1,1,-1,0;7852,2,1,-1,2;7870,1,1,-1,0;7905,0,1,-1,1;7905,3,1,-1,1","h":"1,2,1270,1517;2,0,1411,1658;4,1,1694,1800;3,3,1552,1800;5,3,4941,5152;6,0,5223,5329;7,3,5505,5717;8,0,5788,5894"}