{"v":1,"fmt":"sldr-chart-v1","id":"waka-laka","d":"Hard","m":8,"du":92.84,"tr":361,"ch":98,"mx":2,"of":134,"sr":[0.823998,0.5,0.271468,0.0,0.291939],"n":"425,3,1,-1,0;460,2,1,-1,0;495,1,1,-1,0;522,2,1,-1,2;531,1,1,-1,0;566,0,1,-1,0;601,3,1,-1,0;637,1,1,-1,0;663,3,1,-1,2;672,1,1,-1,0;707,3,1,-1,0;742,0,1,-1,0;778,1,1,-1,0;848,2,1,-1,0;884,0,1,-1,0;919,3,1,-1,0;945,0,1,-1,2;954,3,1,-1,0;989,0,1,-1,0;1025,2,1,-1,0;1060,1,1,-1,0;1087,2,1,-1,2;1095,1,1,-1,0;1131,3,1,-1,0;1148,1,1,-1,2;1166,3,1,-1,0;1192,2,1,-1,2;1210,3,1,-1,2;1228,1,1,-1,2;1254,3,1,-1,2;1272,0,1,-1,0;1289,1,1,-1,2;1307,0,1,-1,0;1334,1,1,-1,2;1413,0,1,-1,1;1413,2,1,-1,1;1448,1,1,-1,1;1448,3,1,-1,1;1484,0,1,-1,1;1484,1,1,-1,1;1519,3,1,-1,0;1537,0,1,-1,2;1554,2,1,-1,0;1572,1,1,-1,2;1589,3,1,-1,0;1607,1,1,-1,2;1625,2,1,-1,1;1625,3,1,-1,1;1660,1,1,-1,1;1660,3,1,-1,1;1695,3,1,-1,0;1713,1,1,-1,2;1731,0,1,-1,0;1748,1,1,-1,2;1766,1,1,-1,1;1766,3,1,-1,1;1801,0,1,-1,1;1801,1,1,-1,1;1837,0,1,-1,0;1854,1,1,-1,2;1872,3,1,-1,0;1889,1,1,-1,2;1907,2,1,-1,1;1907,3,1,-1,1;1942,1,1,-1,1;1942,3,1,-1,1;1978,2,1,-1,1;1978,3,1,-1,1;2013,0,1,-1,1;2013,1,1,-1,1;2048,1,1,-1,1;2048,3,1,-1,1;2084,2,1,-1,0;2101,0,1,-1,2;2119,3,1,-1,0;2137,1,1,-1,2;2154,0,1,-1,0;2172,1,1,-1,2;2189,1,1,-1,1;2189,2,1,-1,1;2225,0,1,-1,1;2225,1,1,-1,1;2260,0,1,-1,0;2278,3,1,-1,2;2295,1,1,-1,0;2313,2,1,-1,2;2331,0,1,-1,1;2331,2,1,-1,1;2366,0,1,-1,1;2366,1,1,-1,1;2401,0,1,-1,1;2401,3,1,-1,1;2437,2,1,-1,1;2437,3,1,-1,1;2472,0,1,-1,1;2472,1,1,-1,1;2542,3,1,-1,0;2560,0,1,-1,2;2578,3,1,-1,0;2595,1,1,-1,2;2613,3,1,-1,0;2631,0,1,-1,2;2648,3,1,-1,0;2666,1,1,-1,2;2684,2,1,-1,0;2701,0,1,-1,2;2719,2,1,-1,0;2737,1,1,-1,2;2754,2,1,-1,0;2772,0,1,-1,2;2790,2,1,-1,0;2807,1,1,-1,2;2825,2,1,-1,0;2842,0,1,-1,2;2860,3,1,-1,0;2878,0,1,-1,2;2895,2,1,-1,0;2913,0,1,-1,2;2931,3,1,-1,0;2948,0,1,-1,2;2966,3,1,-1,0;2984,1,1,-1,2;3001,0,1,-1,0;3019,1,1,-1,2;3037,0,1,-1,1;3037,3,1,-1,1;3072,2,1,-1,0;3090,0,1,-1,2;3107,2,1,-1,0;3125,0,1,-1,2;3142,2,1,-1,0;3160,0,1,-1,2;3178,3,1,-1,0;3195,2,1,-1,2;3213,3,1,-1,0;3231,1,1,-1,2;3248,0,1,-1,1;3248,3,1,-1,1;3284,3,1,-1,0;3301,0,1,-1,2;3319,1,1,-1,0;3337,1,1,-1,2;3354,2,1,-1,0;3390,2,1,-1,1;3390,3,1,-1,1;3425,2,1,-1,0;3442,3,1,-1,2;3460,0,1,-1,0;3478,1,1,-1,2;3495,2,1,-1,0;3531,1,1,-1,1;3531,2,1,-1,1;3566,3,1,-1,0;3584,0,1,-1,2;3619,1,1,-1,2;3637,0,1,-1,0;3654,3,1,-1,2;3672,2,1,-1,0;3690,3,1,-1,2;3707,2,1,-1,0;3725,3,1,-1,2;3742,0,1,-1,0;3760,2,1,-1,2;3778,0,1,-1,0;3795,1,1,-1,2;3813,0,1,-1,1;3813,3,1,-1,1;3848,3,1,-1,0;3866,0,1,-1,2;3884,2,1,-1,0;3901,0,1,-1,2;3919,1,1,-1,0;3937,1,1,-1,3;3937,2,1,-1,3;3972,3,1,-1,2;3990,2,1,-1,0;4025,0,1,-1,1;4025,1,1,-1,1;4060,2,1,-1,1;4060,3,1,-1,1;4095,1,1,-1,1;4095,3,1,-1,1;4131,0,1,-1,0;4166,1,1,-1,0;4184,0,1,-1,2;4201,3,1,-1,0;4219,1,1,-1,2;4237,2,1,-1,0;4254,0,1,-1,2;4272,2,1,-1,0;4307,3,1,-1,0;4325,2,1,-1,2;4342,3,1,-1,0;4360,1,1,-1,2;4378,0,1,-1,1;4378,3,1,-1,1;4413,3,1,-1,0;4431,0,1,-1,2;4448,1,1,-1,0;4466,3,1,-1,2;4519,2,1,-1,1;4519,3,1,-1,1;4554,3,1,-1,0;4572,0,1,-1,2;4607,0,1,-1,2;4625,3,1,-1,0;4660,1,1,-1,1;4660,2,1,-1,1;4695,3,1,-1,0;4713,0,1,-1,2;4748,1,1,-1,2;4766,0,1,-1,0;4784,3,1,-1,2;4801,2,1,-1,0;4819,3,1,-1,2;4837,2,1,-1,0;4854,3,1,-1,2;4872,0,1,-1,0;4890,2,1,-1,2;4907,0,1,-1,0;4925,1,1,-1,2;4943,0,1,-1,1;4943,3,1,-1,1;4978,3,1,-1,0;4995,0,1,-1,2;5013,2,1,-1,0;5031,2,1,-1,2;5048,1,1,-1,0;5066,1,1,-1,3;5066,3,1,-1,3;5101,3,1,-1,2;5119,2,1,-1,0;5137,3,1,-1,2;5154,1,1,-1,1;5154,3,1,-1,1;5190,1,1,-1,1;5190,2,1,-1,1;5225,0,1,-1,1;5225,2,1,-1,1;5260,0,1,-1,1;5260,1,1,-1,1;5295,0,1,-1,1;5295,3,1,-1,1;5313,2,1,-1,2;5331,3,1,-1,0;5348,1,1,-1,2;5366,0,1,-1,1;5366,3,1,-1,1;5384,2,1,-1,2;5401,0,1,-1,0;5419,1,1,-1,2;5437,0,1,-1,1;5437,3,1,-1,1;5454,2,1,-1,2;5472,3,1,-1,0;5490,1,1,-1,2;5507,0,1,-1,1;5507,3,1,-1,1;5525,2,1,-1,2;5543,0,1,-1,0;5560,1,1,-1,2;5578,0,1,-1,1;5578,3,1,-1,1;5595,0,1,-1,2;5613,3,1,-1,0;5631,1,1,-1,2;5648,1,1,-1,1;5648,3,1,-1,1;5666,3,1,-1,2;5684,0,1,-1,0;5701,1,1,-1,2;5719,0,1,-1,1;5719,1,1,-1,1;5737,0,1,-1,2;5754,3,1,-1,0;5772,1,1,-1,2;5790,1,1,-1,1;5790,3,1,-1,1;5825,0,1,-1,0;5843,2,1,-1,2;5878,1,1,-1,2;5895,3,1,-1,0;5913,2,1,-1,2;5931,0,1,-1,1;5931,3,1,-1,1;5948,2,1,-1,2;5966,0,1,-1,0;5984,1,1,-1,2;6001,0,1,-1,1;6001,3,1,-1,1;6019,2,1,-1,2;6037,3,1,-1,0;6054,1,1,-1,2;6072,0,1,-1,1;6072,3,1,-1,1;6090,2,1,-1,2;6107,0,1,-1,0;6125,1,1,-1,2;6143,0,1,-1,1;6143,3,1,-1,1;6195,2,1,-1,2;6213,0,1,-1,0;6248,3,1,-1,0;6284,0,1,-1,0;6319,1,1,-1,0;6354,1,1,-1,1;6354,3,1,-1,1;6390,0,1,-1,1;6390,2,1,-1,1;6425,0,1,-1,1;6425,1,1,-1,1;6460,2,1,-1,1;6460,3,1,-1,1;6495,1,1,-1,1;6495,2,1,-1,1;6531,0,1,-1,1;6531,3,1,-1,1;6566,1,1,-1,1;6566,2,1,-1,1;6637,0,1,-1,1;6637,2,1,-1,1;6672,1,1,-1,1;6672,3,1,-1,1;6707,0,1,-1,1;6707,1,1,-1,1;6743,3,1,-1,0;6760,0,1,-1,2;6778,2,1,-1,0;6795,1,1,-1,2;6813,3,1,-1,0;6831,1,1,-1,2;6848,2,1,-1,1;6848,3,1,-1,1;6884,1,1,-1,1;6884,3,1,-1,1;6919,3,1,-1,0;6937,1,1,-1,2;6954,0,1,-1,0;6972,1,1,-1,2;6990,1,1,-1,1;6990,3,1,-1,1;7025,0,1,-1,1;7025,1,1,-1,1;7060,0,1,-1,0;7078,1,1,-1,2;7095,3,1,-1,0;7113,1,1,-1,2;7131,0,1,-1,1;7131,1,1,-1,1;7166,1,1,-1,1;7166,3,1,-1,1;7201,2,1,-1,1;7201,3,1,-1,1;7237,0,1,-1,1;7237,1,1,-1,1;7272,1,1,-1,1;7272,3,1,-1,1;7307,0,1,-1,0;7325,2,1,-1,2;7343,1,1,-1,0;7360,2,1,-1,2;7378,0,1,-1,0;7395,1,1,-1,2;7413,0,1,-1,1;7413,2,1,-1,1;7448,0,1,-1,1;7448,1,1,-1,1;7484,0,1,-1,0;7501,3,1,-1,2;7519,1,1,-1,0;7537,2,1,-1,2;7554,0,1,-1,1;7554,2,1,-1,1;7590,0,1,-1,1;7590,1,1,-1,1;7625,0,1,-1,1;7625,3,1,-1,1;7660,2,1,-1,1;7660,3,1,-1,1;7696,0,1,-1,1;7696,1,1,-1,1;7766,0,1,-1,1;7766,2,1,-1,1;7801,1,1,-1,1;7801,3,1,-1,1;7837,0,1,-1,1;7837,1,1,-1,1;7872,3,1,-1,0;7890,0,1,-1,2;7907,2,1,-1,0;7925,1,1,-1,2;7943,3,1,-1,0;7960,1,1,-1,2;7978,2,1,-1,1;7978,3,1,-1,1;8013,1,1,-1,1;8013,3,1,-1,1;8048,3,1,-1,0;8066,1,1,-1,2;8084,0,1,-1,0;8101,1,1,-1,2;8119,1,1,-1,1;8119,3,1,-1,1;8154,0,1,-1,1;8154,1,1,-1,1;8190,0,1,-1,0;8207,1,1,-1,2;8225,3,1,-1,0;8243,1,1,-1,2;8260,0,1,-1,1;8260,1,1,-1,1;8296,1,1,-1,1;8296,3,1,-1,1;8331,2,1,-1,1;8331,3,1,-1,1;8366,0,1,-1,1;8366,1,1,-1,1;8401,1,1,-1,1;8401,3,1,-1,1;8437,2,1,-1,0;8454,0,1,-1,2;8472,3,1,-1,0;8490,1,1,-1,2;8507,2,1,-1,0;8525,1,1,-1,2;8543,0,1,-1,1;8543,2,1,-1,1;8578,0,1,-1,1;8578,1,1,-1,1;8613,0,1,-1,0;8631,3,1,-1,2;8648,1,1,-1,0;8666,2,1,-1,2;8684,0,1,-1,1;8684,2,1,-1,1;8719,0,1,-1,1;8719,1,1,-1,1;8754,0,1,-1,0;8772,3,1,-1,2;8790,1,1,-1,0;8807,2,1,-1,2;8825,0,1,-1,1;8825,2,1,-1,1;8860,0,1,-1,1;8860,1,1,-1,1;8896,0,1,-1,0;8913,1,1,-1,2;8931,3,1,-1,0;8948,1,1,-1,2;8966,1,1,-1,1;8966,2,1,-1,1;9001,0,1,-1,1;9001,1,1,-1,1;9037,0,1,-1,1;9037,3,1,-1,1;9072,1,1,-1,1;9072,2,1,-1,1;9090,1,1,-1,3;9090,2,1,-1,3","h":""}