{"v":1,"fmt":"sldr-chart-v1","id":"waka-laka","d":"Medium","m":6,"du":92.84,"tr":243,"ch":67,"mx":2,"of":38,"sr":[0.556513,0.5,0.27572,0.1,0.122581],"n":"425,2,1,-1,0;460,3,1,-1,0;495,2,1,-1,0;566,0,1,-1,0;601,1,1,-1,0;637,0,1,-1,0;707,0,1,-1,0;742,1,1,-1,0;778,2,1,-1,0;848,2,1,-1,0;884,3,1,-1,0;919,2,1,-1,0;954,3,1,-1,0;989,0,1,-1,0;1025,1,1,-1,0;1060,0,1,-1,0;1095,1,1,-1,0;1131,3,1,-1,0;1148,1,1,-1,2;1166,0,1,-1,0;1201,3,1,-1,0;1237,0,1,-1,0;1272,3,1,-1,0;1307,1,1,-1,0;1342,0,1,-1,1;1342,3,1,-1,1;1413,0,1,-1,1;1413,2,1,-1,1;1448,1,1,-1,0;1484,1,2,1,0;1554,0,1,-1,0;1589,0,1,-1,0;1625,2,1,-1,0;1660,1,1,-1,1;1660,3,1,-1,1;1695,3,1,-1,0;1713,1,1,-1,2;1731,3,1,-1,0;1766,2,1,-1,0;1801,1,1,-1,0;1837,0,1,-1,0;1854,1,1,-1,2;1872,0,1,-1,0;1907,2,1,-1,0;1942,0,1,-1,1;1942,3,1,-1,1;1978,2,1,-1,1;1978,3,1,-1,1;2013,1,1,-1,0;2048,1,2,2,0;2119,0,1,-1,0;2154,0,1,-1,0;2189,2,1,-1,0;2225,1,1,-1,1;2225,3,1,-1,1;2260,0,1,-1,0;2278,1,1,-1,2;2295,0,1,-1,0;2331,1,1,-1,0;2366,3,1,-1,0;2401,0,1,-1,1;2401,1,1,-1,1;2437,3,1,-1,0;2472,1,2,3,1;2472,2,2,4,1;2542,2,1,-1,0;2578,0,1,-1,0;2613,2,1,-1,0;2648,0,1,-1,0;2684,3,1,-1,0;2719,1,1,-1,0;2754,3,1,-1,0;2790,1,1,-1,0;2825,0,2,5,1;2825,2,2,6,1;2895,1,2,7,1;2895,3,2,8,1;2966,0,1,-1,1;2966,3,1,-1,1;3001,0,1,-1,1;3001,3,1,-1,1;3037,0,2,9,1;3037,3,2,10,1;3107,1,1,-1,1;3107,2,1,-1,1;3142,3,1,-1,0;3178,2,1,-1,0;3195,3,1,-1,2;3213,1,1,-1,0;3248,0,1,-1,1;3248,1,1,-1,1;3284,2,1,-1,0;3301,3,2,11,2;3354,0,1,-1,0;3390,1,1,-1,1;3390,3,1,-1,1;3425,2,1,-1,0;3442,0,2,12,2;3495,3,1,-1,0;3531,1,1,-1,1;3531,2,1,-1,1;3566,3,1,-1,0;3584,0,2,13,2;3637,1,1,-1,0;3672,0,1,-1,1;3672,3,1,-1,1;3707,1,1,-1,1;3707,2,1,-1,1;3742,3,1,-1,0;3760,2,1,-1,2;3778,1,1,-1,0;3813,0,1,-1,1;3813,1,1,-1,1;3848,2,1,-1,0;3866,1,2,14,2;3937,3,1,-1,2;3990,0,1,-1,1;3990,3,1,-1,1;4025,1,1,-1,1;4025,3,1,-1,1;4060,1,1,-1,1;4060,3,1,-1,1;4095,0,1,-1,1;4095,3,1,-1,1;4131,0,1,-1,1;4131,2,1,-1,1;4166,0,1,-1,1;4166,1,1,-1,1;4237,1,1,-1,1;4237,2,1,-1,1;4272,0,1,-1,1;4272,3,1,-1,1;4307,2,1,-1,0;4325,3,1,-1,2;4342,1,1,-1,0;4378,0,2,15,1;4378,1,2,16,1;4448,0,1,-1,0;4466,1,1,-1,2;4519,1,2,17,1;4519,3,2,18,1;4607,3,1,-1,2;4625,2,1,-1,0;4660,1,2,19,1;4660,2,2,20,1;4748,2,1,-1,2;4766,1,1,-1,0;4801,0,1,-1,1;4801,3,1,-1,1;4837,1,1,-1,0;4872,3,1,-1,0;4890,2,1,-1,2;4907,1,1,-1,0;4943,0,1,-1,1;4943,1,1,-1,1;4978,2,1,-1,0;4995,1,2,21,2;5066,3,1,-1,2;5119,2,1,-1,0;5154,1,1,-1,1;5154,3,1,-1,1;5190,2,1,-1,1;5190,3,1,-1,1;5225,1,1,-1,1;5225,2,1,-1,1;5260,0,1,-1,1;5260,1,1,-1,1;5295,0,1,-1,1;5295,3,1,-1,1;5366,2,2,22,1;5366,3,2,23,1;5454,3,1,-1,2;5472,0,1,-1,0;5507,1,2,24,1;5507,2,2,25,1;5595,2,1,-1,2;5613,3,1,-1,0;5648,0,2,26,1;5648,1,2,27,1;5737,0,1,-1,2;5754,3,1,-1,0;5790,1,1,-1,1;5790,3,1,-1,1;5825,3,1,-1,0;5843,2,1,-1,2;5878,1,1,-1,2;5895,0,1,-1,0;5931,0,2,28,1;5931,2,2,29,1;6019,0,1,-1,2;6037,3,1,-1,0;6072,1,2,30,1;6072,2,2,31,1;6195,3,1,-1,2;6213,0,1,-1,0;6248,1,1,-1,0;6284,3,1,-1,0;6319,1,1,-1,0;6354,0,1,-1,1;6354,1,1,-1,1;6390,3,1,-1,0;6425,0,1,-1,1;6425,2,1,-1,1;6460,1,1,-1,0;6495,0,1,-1,1;6495,3,1,-1,1;6531,1,1,-1,0;6566,0,1,-1,1;6566,3,1,-1,1;6637,0,1,-1,1;6637,2,1,-1,1;6672,1,1,-1,0;6707,2,1,-1,1;6707,3,1,-1,1;6743,1,1,-1,0;6778,0,1,-1,0;6795,1,1,-1,2;6813,0,1,-1,0;6848,2,1,-1,0;6884,1,1,-1,1;6884,3,1,-1,1;6919,3,1,-1,0;6937,1,1,-1,2;6954,3,1,-1,0;6990,2,1,-1,0;7025,0,1,-1,1;7025,1,1,-1,1;7060,0,1,-1,0;7078,1,1,-1,2;7095,0,1,-1,0;7131,2,1,-1,0;7166,0,1,-1,1;7166,3,1,-1,1;7201,0,1,-1,1;7201,2,1,-1,1;7237,1,1,-1,0;7272,2,1,-1,1;7272,3,1,-1,1;7307,1,1,-1,0;7343,0,1,-1,0;7360,1,1,-1,2;7378,0,1,-1,0;7413,2,1,-1,0;7448,0,1,-1,1;7448,1,1,-1,1;7484,3,1,-1,0;7501,1,1,-1,2;7519,3,1,-1,0;7554,2,1,-1,0;7590,1,1,-1,1;7590,3,1,-1,1;7625,0,1,-1,1;7625,1,1,-1,1;7660,3,1,-1,0;7696,1,1,-1,1;7696,2,1,-1,1;7766,0,1,-1,1;7766,2,1,-1,1;7801,1,1,-1,0;7837,2,1,-1,1;7837,3,1,-1,1;7872,1,1,-1,0;7907,0,1,-1,0;7925,1,1,-1,2;7943,0,1,-1,0;7978,2,1,-1,0;8013,0,1,-1,1;8013,1,1,-1,1;8048,3,1,-1,0;8066,1,1,-1,2;8084,3,1,-1,0;8119,2,1,-1,0;8154,1,1,-1,1;8154,3,1,-1,1;8190,0,1,-1,0;8207,1,1,-1,2;8225,0,1,-1,0;8260,2,1,-1,0;8296,0,1,-1,1;8296,3,1,-1,1;8331,0,1,-1,1;8331,2,1,-1,1;8366,1,1,-1,0;8401,2,1,-1,1;8401,3,1,-1,1;8437,1,1,-1,0;8472,0,1,-1,0;8490,1,1,-1,2;8507,0,1,-1,0;8543,2,1,-1,0;8578,3,1,-1,0;8613,0,1,-1,0;8631,1,1,-1,2;8648,0,1,-1,0;8684,2,1,-1,0;8719,3,1,-1,0;8754,0,1,-1,0;8772,1,1,-1,2;8790,0,1,-1,0;8825,2,1,-1,0;8860,3,1,-1,0;8896,0,1,-1,0;8913,1,1,-1,2;8931,0,1,-1,0;8966,1,1,-1,0;9001,3,1,-1,0;9037,0,1,-1,1;9037,1,1,-1,1;9072,3,1,-1,0;9090,1,1,-1,2","h":"1,1,1484,1519;2,1,2048,2084;3,1,2472,2507;4,2,2472,2507;5,0,2825,2860;6,2,2825,2860;7,1,2895,2931;8,3,2895,2931;9,0,3037,3072;10,3,3037,3072;11,3,3301,3354;12,0,3442,3495;13,0,3584,3637;14,1,3866,3919;15,0,4378,4413;16,1,4378,4413;17,1,4519,4554;18,3,4519,4554;19,1,4660,4695;20,2,4660,4695;21,1,4995,5048;22,2,5366,5437;23,3,5366,5437;24,1,5507,5578;25,2,5507,5578;26,0,5648,5719;27,1,5648,5719;28,0,5931,6001;29,2,5931,6001;30,1,6072,6143;31,2,6072,6143"}