{"v":1,"fmt":"sldr-chart-v1","id":"ever-snow","d":"Hard","m":10,"du":90.64,"tr":334,"ch":26,"mx":2,"of":189,"sr":[0.661959,0.5,0.077844,0.013889,0.525],"n":"499,2,2,1,0;540,0,1,-1,0;623,0,1,-1,0;664,1,1,-1,0;706,1,1,-1,0;768,0,1,-1,2;789,3,1,-1,0;830,0,1,-1,0;861,3,1,-1,2;892,1,1,-1,2;913,2,1,-1,0;944,0,1,-1,2;975,3,1,-1,2;995,2,1,-1,0;1026,1,1,-1,2;1057,0,1,-1,2;1078,3,1,-1,0;1109,1,1,-1,2;1140,2,1,-1,2;1161,1,1,-1,0;1192,1,1,-1,2;1223,0,1,-1,2;1244,1,1,-1,0;1275,1,1,-1,2;1306,3,1,-1,2;1326,1,1,-1,0;1357,2,1,-1,2;1389,1,1,-1,2;1409,3,1,-1,0;1430,0,1,-1,2;1451,1,1,-1,0;1471,2,1,-1,2;1492,3,1,-1,0;1513,0,1,-1,2;1533,1,1,-1,0;1554,0,1,-1,2;1564,2,1,-1,2;1575,0,1,-1,0;1585,2,1,-1,2;1606,1,1,-1,2;1626,3,1,-1,2;1637,0,1,-1,2;1657,3,1,-1,0;1689,1,1,-1,2;1720,2,1,-1,2;1761,0,1,-1,2;1782,1,1,-1,0;1802,2,1,-1,2;1823,3,1,-1,0;1844,0,1,-1,2;1864,3,1,-1,0;1885,1,1,-1,2;1906,2,1,-1,0;1926,1,1,-1,2;1947,2,1,-1,0;1968,0,1,-1,2;1989,1,1,-1,0;2009,2,1,-1,2;2030,3,1,-1,0;2051,1,1,-1,2;2071,2,1,-1,0;2092,0,1,-1,2;2113,3,1,-1,0;2133,2,1,-1,2;2154,0,1,-1,0;2175,2,1,-1,2;2195,3,1,-1,0;2216,1,1,-1,2;2237,0,1,-1,0;2257,1,1,-1,2;2278,3,1,-1,0;2299,0,1,-1,2;2320,2,1,-1,0;2351,0,1,-1,2;2382,3,1,-1,2;2423,0,1,-1,2;2444,3,1,-1,0;2464,0,1,-1,2;2485,2,1,-1,0;2506,0,1,-1,2;2526,2,1,-1,0;2547,1,1,-1,2;2568,2,1,-1,0;2589,1,1,-1,2;2609,3,1,-1,0;2630,1,1,-1,2;2651,3,1,-1,0;2671,0,1,-1,2;2692,3,1,-1,0;2713,0,1,-1,2;2733,1,1,-1,0;2754,2,1,-1,2;2775,3,1,-1,0;2795,0,1,-1,2;2816,1,1,-1,0;2837,2,1,-1,2;2857,3,1,-1,0;2878,1,1,-1,2;2899,2,1,-1,0;2920,0,1,-1,2;2940,3,1,-1,0;2961,0,1,-1,2;2982,2,1,-1,0;3013,0,1,-1,2;3044,1,1,-1,2;3075,2,1,-1,2;3106,3,1,-1,0;3126,1,1,-1,2;3147,2,1,-1,0;3178,1,1,-1,2;3209,0,1,-1,2;3240,1,1,-1,2;3271,2,1,-1,0;3292,0,1,-1,2;3313,1,1,-1,0;3344,2,1,-1,2;3375,3,1,-1,2;3406,0,1,-1,2;3437,3,1,-1,0;3457,1,1,-1,2;3478,2,1,-1,0;3509,0,1,-1,2;3540,3,1,-1,2;3571,0,1,-1,2;3602,2,1,-1,0;3623,1,1,-1,2;3644,0,1,-1,0;3675,1,1,-1,2;3706,2,1,-1,2;3737,0,1,-1,2;3768,1,1,-1,0;3789,3,1,-1,2;3809,1,1,-1,0;3840,2,1,-1,2;3871,3,1,-1,2;3902,0,1,-1,2;3933,1,1,-1,0;3954,3,1,-1,2;3975,1,1,-1,0;4006,2,1,-1,2;4037,1,1,-1,2;4068,0,1,-1,2;4099,3,1,-1,0;4120,1,1,-1,2;4140,2,1,-1,0;4171,0,1,-1,2;4202,1,1,-1,2;4223,2,1,-1,0;4244,3,1,-1,2;4264,0,1,-1,0;4285,1,1,-1,2;4306,2,1,-1,0;4326,3,1,-1,2;4347,0,1,-1,1;4347,1,1,-1,1;4389,2,1,-1,0;4409,3,1,-1,2;4430,0,1,-1,1;4430,1,1,-1,1;4471,2,1,-1,0;4492,0,1,-1,2;4513,1,1,-1,1;4513,3,1,-1,1;4554,2,1,-1,0;4575,0,1,-1,2;4595,1,1,-1,1;4595,3,1,-1,1;4637,2,1,-1,0;4657,0,1,-1,2;4678,1,1,-1,0;4699,3,1,-1,2;4720,1,1,-1,0;4740,0,1,-1,2;4761,2,1,-1,0;4782,3,1,-1,2;4802,2,1,-1,0;4823,0,1,-1,2;4844,1,1,-1,0;4864,2,1,-1,2;4885,3,1,-1,0;4906,1,1,-1,2;4926,2,1,-1,0;4947,1,1,-1,2;4968,2,1,-1,0;4999,0,1,-1,2;5030,1,1,-1,2;5051,3,1,-1,0;5071,1,1,-1,2;5092,0,1,-1,0;5113,1,1,-1,2;5133,2,1,-1,0;5164,3,1,-1,2;5195,1,1,-1,2;5216,0,1,-1,0;5237,1,1,-1,2;5257,3,1,-1,0;5278,1,1,-1,2;5299,2,1,-1,0;5330,1,1,-1,2;5361,3,1,-1,2;5382,0,1,-1,0;5402,2,1,-1,2;5423,1,1,-1,0;5444,3,1,-1,2;5464,1,1,-1,1;5464,2,1,-1,1;5495,0,1,-1,3;5495,2,1,-1,3;5526,1,1,-1,3;5526,3,1,-1,3;5630,0,1,-1,1;5630,3,2,2,1;5661,0,1,-1,2;5692,0,1,-1,2;5795,1,1,-1,1;5795,2,2,3,1;5826,1,1,-1,2;5857,1,1,-1,2;5961,0,2,4,1;5961,3,1,-1,1;5992,3,1,-1,2;6023,3,1,-1,2;6044,1,2,5,1;6044,2,1,-1,1;6075,2,1,-1,2;6106,2,1,-1,2;6126,0,1,-1,0;6147,3,1,-1,2;6168,1,1,-1,0;6189,3,1,-1,2;6209,0,1,-1,0;6220,1,1,-1,2;6230,0,1,-1,2;6240,1,1,-1,2;6251,0,1,-1,0;6271,3,1,-1,2;6292,0,1,-1,0;6313,3,1,-1,2;6333,1,1,-1,0;6354,3,1,-1,2;6375,0,1,-1,0;6395,1,1,-1,2;6416,0,1,-1,0;6437,3,1,-1,2;6457,1,1,-1,0;6478,2,1,-1,2;6499,1,1,-1,0;6520,2,1,-1,2;6540,0,1,-1,0;6561,2,1,-1,2;6582,0,1,-1,0;6602,3,1,-1,2;6623,2,1,-1,0;6644,3,1,-1,2;6664,2,1,-1,0;6685,1,1,-1,2;6706,0,1,-1,0;6726,3,1,-1,2;6747,0,1,-1,0;6768,2,1,-1,2;6789,1,1,-1,0;6830,0,1,-1,1;6830,2,1,-1,1;6871,1,1,-1,1;6871,2,1,-1,1;6913,0,1,-1,1;6913,3,1,-1,1;6954,0,1,-1,1;6954,3,1,-1,1;6975,1,1,-1,2;6995,2,1,-1,0;7016,1,1,-1,2;7037,3,1,-1,0;7057,0,1,-1,2;7078,1,1,-1,0;7120,0,1,-1,1;7120,3,1,-1,1;7140,1,1,-1,2;7161,2,1,-1,0;7182,0,1,-1,2;7202,3,1,-1,0;7223,0,1,-1,2;7244,1,1,-1,0;7285,1,1,-1,1;7285,2,1,-1,1;7306,0,1,-1,2;7326,1,1,-1,1;7326,3,1,-1,1;7368,1,1,-1,1;7368,2,1,-1,1;7389,3,1,-1,2;7409,0,1,-1,1;7409,1,1,-1,1;7451,2,1,-1,0;7471,3,1,-1,2;7492,1,1,-1,0;7513,2,1,-1,2;7533,0,1,-1,0;7554,1,1,-1,2;7575,3,1,-1,0;7595,1,1,-1,2;7616,2,1,-1,0;7647,3,1,-1,2;7678,1,1,-1,2;7699,2,1,-1,0;7720,1,1,-1,2;7740,3,1,-1,0;7761,0,1,-1,2;7782,2,1,-1,0;7813,0,1,-1,2;7844,1,1,-1,2;7864,2,1,-1,0;7885,1,1,-1,2;7906,0,1,-1,0;7926,3,1,-1,2;7947,2,1,-1,0;7978,1,1,-1,2;8009,2,1,-1,2;8030,3,1,-1,0;8051,0,1,-1,2;8071,3,1,-1,0;8092,0,1,-1,2;8113,3,1,-1,0;8133,2,1,-1,2;8154,1,1,-1,0;8175,0,1,-1,2;8216,2,1,-1,2;8237,1,1,-1,0;8278,0,1,-1,1;8278,3,1,-1,1;8309,0,1,-1,3;8309,2,1,-1,3;8340,1,1,-1,3;8340,3,1,-1,3;8382,2,1,-1,2;8402,0,1,-1,0;8423,1,1,-1,2;8444,2,1,-1,0;8475,3,1,-1,2;8506,1,1,-1,2;8526,3,1,-1,0;8547,0,1,-1,2;8568,3,1,-1,0;8589,0,1,-1,2;8609,1,1,-1,1;8609,2,1,-1,1;8640,2,1,-1,3;8640,3,1,-1,3;8671,0,1,-1,3;8671,1,1,-1,3;8713,3,1,-1,2;8733,2,1,-1,0;8754,1,1,-1,2;8775,0,1,-1,0;8806,3,1,-1,2;8837,0,1,-1,2;8857,2,1,-1,0;8878,1,1,-1,2;8899,0,1,-1,0;8920,3,1,-1,2","h":"1,2,499,747;2,3,5630,5754;3,2,5795,5920;4,0,5961,6023;5,1,6044,6106"}