{"v":1,"fmt":"sldr-chart-v1","id":"ever-snow","d":"Medium","m":7,"du":90.64,"tr":209,"ch":21,"mx":2,"of":57,"sr":[0.422919,0.5,0.100478,0.030435,0.247826],"n":"499,2,2,1,0;789,1,1,-1,0;830,0,1,-1,0;871,1,1,-1,0;913,3,1,-1,0;954,1,1,-1,0;995,0,1,-1,0;1037,1,1,-1,0;1078,3,1,-1,0;1120,1,1,-1,0;1161,0,1,-1,0;1202,1,1,-1,0;1244,0,1,-1,0;1264,3,1,-1,2;1285,1,1,-1,0;1326,3,1,-1,0;1368,1,1,-1,0;1409,3,1,-1,0;1430,0,1,-1,2;1451,1,1,-1,0;1492,0,2,2,1;1492,3,2,3,1;1657,0,1,-1,0;1689,3,1,-1,2;1720,1,1,-1,2;1782,1,1,-1,0;1823,3,1,-1,0;1864,2,1,-1,0;1906,1,1,-1,0;1947,0,1,-1,0;1989,1,1,-1,1;1989,2,1,-1,1;2030,3,1,-1,0;2071,1,1,-1,1;2071,2,1,-1,1;2113,0,1,-1,0;2154,3,1,-1,0;2195,1,1,-1,0;2237,3,1,-1,0;2257,0,1,-1,2;2278,1,1,-1,0;2320,3,1,-1,0;2351,0,1,-1,2;2382,1,1,-1,2;2444,1,1,-1,0;2485,0,1,-1,0;2526,2,1,-1,0;2568,1,1,-1,0;2609,3,1,-1,0;2651,1,1,-1,1;2651,2,1,-1,1;2692,0,1,-1,0;2733,1,1,-1,1;2733,2,1,-1,1;2775,3,1,-1,0;2816,0,1,-1,0;2857,1,1,-1,0;2899,0,1,-1,0;2920,1,1,-1,2;2940,3,1,-1,0;2982,0,1,-1,0;3013,0,1,-1,2;3044,0,1,-1,2;3106,1,1,-1,0;3147,3,1,-1,0;3178,3,1,-1,2;3209,3,1,-1,2;3271,1,1,-1,0;3313,2,1,-1,0;3344,2,1,-1,2;3375,2,1,-1,2;3437,0,1,-1,0;3478,1,1,-1,0;3509,1,1,-1,2;3540,1,1,-1,2;3602,2,1,-1,0;3644,3,1,-1,0;3675,0,1,-1,2;3706,3,1,-1,2;3768,3,1,-1,0;3809,3,1,-1,0;3840,0,1,-1,2;3871,3,1,-1,2;3933,3,1,-1,0;3975,0,1,-1,0;4006,3,1,-1,2;4037,0,1,-1,2;4099,0,1,-1,0;4140,0,1,-1,0;4171,3,1,-1,2;4202,0,1,-1,2;4223,1,1,-1,0;4264,2,1,-1,0;4306,2,1,-1,0;4347,1,1,-1,0;4389,2,1,-1,0;4409,3,1,-1,2;4430,1,1,-1,0;4471,2,1,-1,0;4513,1,1,-1,0;4554,3,1,-1,0;4575,0,1,-1,2;4595,1,1,-1,0;4637,3,1,-1,0;4678,2,1,-1,0;4720,0,1,-1,0;4761,1,1,-1,0;4802,1,1,-1,1;4802,2,1,-1,1;4844,0,1,-1,1;4844,3,1,-1,1;4885,1,1,-1,1;4885,2,1,-1,1;4926,0,1,-1,1;4926,3,1,-1,1;4968,1,1,-1,0;5009,2,1,-1,0;5051,1,1,-1,0;5071,3,1,-1,2;5092,2,1,-1,0;5133,2,1,-1,0;5175,1,1,-1,0;5216,2,1,-1,0;5237,3,1,-1,2;5257,1,1,-1,0;5299,2,1,-1,0;5340,1,1,-1,0;5382,1,1,-1,0;5402,2,1,-1,2;5423,0,1,-1,0;5464,2,1,-1,0;5495,1,1,-1,2;5526,3,1,-1,2;5630,0,2,4,1;5630,3,2,5,1;5961,2,2,6,0;6044,1,2,7,0;6209,0,1,-1,0;6230,1,1,-1,2;6251,2,1,-1,0;6271,3,1,-1,2;6292,0,1,-1,0;6333,3,1,-1,0;6375,0,1,-1,0;6395,3,1,-1,2;6416,1,1,-1,0;6457,2,1,-1,0;6499,1,1,-1,0;6540,2,1,-1,0;6561,0,1,-1,2;6582,1,1,-1,0;6623,0,1,-1,0;6664,2,1,-1,0;6706,3,1,-1,0;6747,1,1,-1,0;6789,0,1,-1,0;6830,1,1,-1,1;6830,2,1,-1,1;6871,0,1,-1,1;6871,3,1,-1,1;6913,1,1,-1,1;6913,2,1,-1,1;6954,0,1,-1,1;6954,3,1,-1,1;6995,1,1,-1,0;7037,3,1,-1,0;7057,0,1,-1,2;7078,1,1,-1,0;7120,0,1,-1,1;7120,3,1,-1,1;7161,1,1,-1,0;7202,0,1,-1,0;7223,3,1,-1,2;7244,1,1,-1,0;7285,0,1,-1,0;7326,1,1,-1,0;7368,3,1,-1,0;7409,1,1,-1,0;7451,1,1,-1,0;7482,3,1,-1,2;7513,0,1,-1,2;7533,2,1,-1,0;7575,1,1,-1,1;7575,3,1,-1,1;7616,2,1,-1,0;7647,0,1,-1,2;7678,2,1,-1,2;7699,1,1,-1,0;7740,0,1,-1,1;7740,3,1,-1,1;7782,1,1,-1,0;7813,2,1,-1,2;7844,1,1,-1,2;7864,0,1,-1,0;7906,0,1,-1,1;7906,3,1,-1,1;7947,2,1,-1,0;7978,0,1,-1,2;8009,1,1,-1,2;8030,2,1,-1,0;8051,3,1,-1,2;8071,1,1,-1,0;8092,0,1,-1,2;8113,1,1,-1,0;8154,0,1,-1,1;8154,3,1,-1,1;8195,1,1,-1,1;8195,2,1,-1,1;8237,0,1,-1,1;8237,3,1,-1,1;8278,1,1,-1,0;8309,1,1,-1,2;8340,1,1,-1,2;8402,2,1,-1,0;8444,1,1,-1,0;8475,1,1,-1,2;8506,1,1,-1,2;8526,0,1,-1,0;8568,1,1,-1,0;8609,2,1,-1,0;8640,2,1,-1,2;8671,2,1,-1,2;8733,1,1,-1,0;8775,2,1,-1,0;8806,1,1,-1,2;8837,0,1,-1,2;8857,3,1,-1,0;8878,1,1,-1,2;8899,0,1,-1,0;8920,3,1,-1,2","h":"1,2,499,789;2,0,1492,1616;3,3,1492,1616;4,0,5630,5920;5,3,5630,5920;6,2,5961,6085;7,1,6044,6168"}