{"v":1,"fmt":"sldr-chart-v1","id":"burnin-the-floor-blue-fire-mix","d":"Challenge","m":10,"du":94.03,"tr":277,"ch":32,"mx":2,"of":75,"sr":[0.547698,0.5,0.115523,0.009709,0.242718],"n":"464,0,1,-1,0;619,3,1,-1,0;774,0,1,-1,0;813,0,1,-1,0;851,1,1,-1,0;890,1,1,-1,0;929,3,1,-1,0;967,3,1,-1,0;1006,1,1,-1,0;1045,1,1,-1,0;1083,0,1,-1,0;1122,0,1,-1,1;1122,1,1,-1,1;1161,3,1,-1,0;1200,1,1,-1,1;1200,3,1,-1,1;1238,2,1,-1,0;1277,0,1,-1,0;1316,1,1,-1,0;1354,0,1,-1,1;1354,3,1,-1,1;1393,3,1,-1,0;1412,0,1,-1,2;1432,1,1,-1,0;1470,2,1,-1,0;1509,1,1,-1,1;1509,3,1,-1,1;1548,0,1,-1,0;1567,3,1,-1,2;1586,1,1,-1,0;1625,2,1,-1,0;1664,0,1,-1,1;1664,1,1,-1,1;1703,2,1,-1,0;1722,0,1,-1,2;1741,1,1,-1,0;1780,2,1,-1,0;1799,0,1,-1,2;1819,1,1,-1,0;1857,3,1,-1,0;1896,3,1,-1,0;1935,0,1,-1,0;1973,0,1,-1,0;2012,3,1,-1,0;2032,0,1,-1,2;2051,1,1,-1,0;2090,2,1,-1,0;2128,1,1,-1,1;2128,3,1,-1,1;2167,0,1,-1,0;2186,3,1,-1,2;2206,1,1,-1,0;2244,2,1,-1,0;2283,0,1,-1,1;2283,1,1,-1,1;2322,0,1,-1,0;2341,1,1,-1,2;2360,0,1,-1,0;2399,3,1,-1,0;2418,1,1,-1,2;2438,0,1,-1,0;2477,2,1,-1,0;2515,0,1,-1,0;2554,1,1,-1,0;2593,0,1,-1,1;2593,3,1,-1,1;2631,0,1,-1,0;2651,1,1,-1,2;2670,2,1,-1,0;2709,2,1,-1,0;2728,1,1,-1,2;2747,2,1,-1,0;2786,2,1,-1,0;2805,1,1,-1,2;2825,3,1,-1,0;2844,0,1,-1,2;2864,2,1,-1,0;2883,3,1,-1,2;2902,1,1,-1,0;2941,3,1,-1,0;2960,2,1,-1,2;2980,1,1,-1,0;3018,2,1,-1,0;3038,1,1,-1,2;3057,0,1,-1,0;3096,2,1,-1,0;3115,0,1,-1,2;3134,1,1,-1,0;3154,3,1,-1,2;3173,0,1,-1,0;3192,2,1,-1,2;3212,3,1,-1,0;3250,3,1,-1,0;3270,1,1,-1,2;3289,0,1,-1,0;3328,3,1,-1,0;3347,2,1,-1,2;3367,0,1,-1,0;3405,0,1,-1,0;3425,1,1,-1,2;3444,3,1,-1,0;3483,0,1,-1,0;3502,2,1,-1,2;3521,3,1,-1,0;3560,1,1,-1,0;3579,3,1,-1,2;3599,1,1,-1,0;3618,0,1,-1,2;3637,2,1,-1,0;3657,3,1,-1,2;3676,2,1,-1,0;3715,0,1,-1,1;3715,2,1,-1,1;3754,1,1,-1,1;3754,3,1,-1,1;3792,0,1,-1,0;3802,1,1,-1,2;3821,0,1,-1,2;3831,2,1,-1,0;3850,0,1,-1,2;3870,2,1,-1,0;3908,0,1,-1,1;3908,1,1,-1,1;3947,3,1,-1,0;3966,1,1,-1,2;3986,0,1,-1,0;4024,2,1,-1,0;4063,1,1,-1,1;4063,3,1,-1,1;4102,0,1,-1,0;4121,1,1,-1,2;4141,3,1,-1,0;4179,2,1,-1,0;4199,0,1,-1,2;4218,1,1,-1,0;4257,2,1,-1,0;4276,3,1,-1,2;4295,1,1,-1,0;4334,0,1,-1,1;4334,1,1,-1,1;4373,1,1,-1,1;4373,3,1,-1,1;4411,0,1,-1,0;4450,3,1,-1,0;4489,1,1,-1,0;4528,1,1,-1,1;4528,2,1,-1,1;4566,3,1,-1,0;4586,0,1,-1,2;4605,1,1,-1,0;4644,1,1,-1,0;4682,1,1,-1,1;4682,2,1,-1,1;4721,0,1,-1,0;4740,3,1,-1,2;4760,1,1,-1,0;4798,0,1,-1,0;4818,1,1,-1,2;4837,0,1,-1,0;4876,3,1,-1,0;4895,1,1,-1,2;4914,3,1,-1,0;4953,0,1,-1,1;4953,1,1,-1,1;4992,1,1,-1,1;4992,3,1,-1,1;5031,0,1,-1,0;5069,0,1,-1,0;5108,0,2,1,0;5147,3,1,-1,0;5166,3,1,-1,2;5243,1,1,-1,2;5282,2,1,-1,2;5301,2,1,-1,0;5340,1,1,-1,0;5360,1,1,-1,2;5418,0,1,-1,1;5418,3,2,2,1;5495,2,1,-1,0;5572,1,1,-1,0;5650,0,1,-1,0;5727,1,1,-1,0;5746,0,1,-1,2;5766,1,1,-1,0;5785,3,1,-1,2;5805,2,1,-1,0;5824,0,1,-1,2;5843,2,1,-1,0;5882,1,1,-1,0;5901,3,1,-1,2;5921,1,1,-1,0;5940,0,1,-1,2;5959,2,1,-1,0;5979,3,1,-1,2;5998,2,1,-1,0;6037,1,1,-1,0;6056,0,1,-1,2;6075,1,1,-1,0;6095,3,1,-1,2;6114,2,1,-1,0;6133,0,1,-1,2;6153,2,1,-1,0;6192,1,1,-1,0;6211,3,1,-1,2;6230,1,1,-1,0;6250,0,1,-1,2;6269,2,1,-1,0;6308,1,2,3,0;6501,1,1,-1,0;6520,3,1,-1,2;6540,0,1,-1,0;6578,0,1,-1,1;6578,1,1,-1,1;6617,3,1,-1,0;6656,2,1,-1,0;6675,3,1,-1,2;6695,1,1,-1,0;6733,0,1,-1,1;6733,1,1,-1,1;6772,2,1,-1,0;6811,1,1,-1,0;6830,3,1,-1,2;6849,0,1,-1,0;6888,1,1,-1,0;6907,0,1,-1,2;6927,3,1,-1,0;6965,2,1,-1,0;7004,3,1,-1,0;7043,1,1,-1,0;7082,0,1,-1,0;7120,2,1,-1,0;7140,0,1,-1,2;7159,1,1,-1,0;7198,0,1,-1,1;7198,3,1,-1,1;7236,1,1,-1,0;7275,2,1,-1,0;7294,3,1,-1,2;7314,1,1,-1,0;7352,0,1,-1,1;7352,3,1,-1,1;7391,1,1,-1,0;7430,2,1,-1,0;7449,0,1,-1,2;7469,1,1,-1,0;7507,2,1,-1,0;7527,0,1,-1,2;7546,1,1,-1,0;7585,3,1,-1,0;7623,1,1,-1,0;7662,0,1,-1,0;7701,1,1,-1,1;7701,2,1,-1,1;7739,0,1,-1,0;7759,1,1,-1,2;7778,2,1,-1,0;7817,0,1,-1,1;7817,1,1,-1,1;7856,3,1,-1,0;7894,3,1,-1,0;7914,1,1,-1,2;7933,2,1,-1,0;7972,1,1,-1,1;7972,3,1,-1,1;8010,0,1,-1,0;8049,0,1,-1,0;8068,1,1,-1,2;8088,2,1,-1,0;8126,1,1,-1,0;8146,0,1,-1,2;8165,3,1,-1,0;8204,2,1,-1,0;8242,2,1,-1,0;8281,1,1,-1,0;8320,1,1,-1,0;8359,0,1,-1,0;8378,2,1,-1,2;8397,1,1,-1,0;8436,3,1,-1,0;8455,2,1,-1,2;8475,1,1,-1,0;8513,0,1,-1,1;8513,3,1,-1,1;8552,1,1,-1,1;8552,2,1,-1,1;8591,3,1,-1,0;8610,0,1,-1,2;8629,1,1,-1,0;8668,1,1,-1,1;8668,2,1,-1,1;8707,0,1,-1,0;8726,3,1,-1,2;8784,1,1,-1,1;8784,2,1,-1,1;8823,3,1,-1,0;8842,0,1,-1,2;8900,1,1,-1,1;8900,2,1,-1,1;8939,0,1,-1,0;8958,3,1,-1,2;8978,0,1,-1,0;8997,1,1,-1,2;9055,3,1,-1,0;9074,1,1,-1,2;9113,1,1,-1,3;9113,2,1,-1,3;9152,0,1,-1,2;9171,3,1,-1,0;9191,2,1,-1,2","h":"1,0,5108,5379;2,3,5418,5688;3,1,6308,6462"}