{"v":1,"fmt":"sldr-chart-v1","id":"dynamite-rave-b4-za-beat-mix","d":"Challenge","m":10,"du":89.98,"tr":293,"ch":35,"mx":2,"of":124,"sr":[0.607542,0.5,0.119454,0.015244,0.378049],"n":"423,2,2,1,0;565,0,2,2,0;706,1,2,3,0;847,3,2,4,0;988,2,1,-1,0;1006,0,1,-1,2;1023,3,1,-1,0;1041,1,1,-1,2;1050,2,1,-1,2;1067,2,1,-1,2;1076,1,1,-1,2;1094,3,1,-1,0;1112,0,1,-1,2;1129,3,1,-1,0;1147,1,1,-1,2;1165,2,1,-1,0;1182,0,1,-1,2;1191,3,1,-1,2;1209,3,1,-1,2;1217,0,1,-1,2;1235,2,1,-1,0;1253,1,1,-1,2;1270,3,1,-1,0;1288,1,1,-1,2;1306,3,1,-1,0;1323,2,1,-1,2;1332,1,1,-1,2;1350,1,1,-1,2;1359,2,1,-1,2;1376,3,1,-1,0;1394,1,1,-1,2;1412,2,1,-1,0;1429,0,1,-1,2;1447,3,1,-1,0;1464,0,1,-1,2;1473,1,1,-1,2;1491,1,1,-1,2;1500,0,1,-1,2;1517,3,1,-1,0;1570,2,1,-1,2;1606,2,1,-1,2;1641,0,1,-1,2;1676,3,1,-1,2;1711,1,1,-1,2;1747,1,1,-1,2;1782,3,1,-1,2;1817,2,1,-1,2;1853,3,1,-1,2;1888,3,1,-1,2;1923,1,1,-1,2;1959,2,1,-1,2;1994,0,1,-1,2;2029,0,1,-1,2;2064,1,1,-1,2;2100,2,1,-1,2;2135,0,1,-1,3;2135,3,1,-1,3;2170,2,1,-1,2;2206,1,1,-1,2;2241,3,1,-1,2;2276,0,1,-1,3;2276,2,1,-1,3;2311,1,1,-1,2;2347,2,1,-1,2;2382,0,1,-1,2;2417,1,1,-1,3;2417,2,1,-1,3;2453,3,1,-1,2;2488,2,1,-1,2;2523,0,1,-1,2;2558,1,1,-1,3;2558,3,1,-1,3;2594,2,1,-1,2;2629,0,1,-1,2;2664,3,1,-1,2;2682,1,2,5,0;2823,2,1,-1,0;2841,0,1,-1,2;2858,2,1,-1,0;2894,1,1,-1,0;2911,3,1,-1,2;2929,1,1,-1,0;2964,2,1,-1,0;2982,1,1,-1,2;2999,3,1,-1,0;3035,2,1,-1,0;3052,1,1,-1,2;3070,0,1,-1,0;3105,3,1,-1,0;3123,0,1,-1,2;3141,1,1,-1,0;3176,0,1,-1,0;3194,3,1,-1,2;3211,1,1,-1,0;3247,3,1,-1,0;3264,0,1,-1,2;3282,2,1,-1,0;3317,0,1,-1,0;3335,3,1,-1,2;3352,2,1,-1,0;3388,3,1,-1,0;3405,1,1,-1,2;3423,2,1,-1,0;3458,0,1,-1,0;3476,1,1,-1,2;3494,2,1,-1,0;3529,3,1,-1,0;3546,2,1,-1,2;3564,1,1,-1,0;3599,0,1,-1,0;3617,2,1,-1,2;3635,1,1,-1,0;3670,2,1,-1,0;3688,0,1,-1,2;3705,1,1,-1,0;3741,2,1,-1,0;3758,3,1,-1,2;3776,1,1,-1,0;3811,3,1,-1,0;3829,2,1,-1,2;3846,3,1,-1,0;3882,0,1,-1,0;3899,1,1,-1,2;3917,0,1,-1,0;3952,1,1,-1,1;3952,2,1,-1,1;3988,0,1,-1,1;3988,3,1,-1,1;4023,0,1,-1,0;4040,1,1,-1,2;4058,3,1,-1,0;4093,1,1,-1,0;4111,0,1,-1,2;4129,2,1,-1,0;4164,0,1,-1,0;4182,3,1,-1,2;4199,1,1,-1,0;4235,2,1,-1,0;4252,3,1,-1,2;4270,1,1,-1,0;4305,2,1,-1,0;4323,3,1,-1,2;4340,1,1,-1,0;4376,3,1,-1,0;4393,1,1,-1,2;4411,0,1,-1,0;4446,1,1,-1,0;4464,3,1,-1,2;4482,2,1,-1,0;4517,2,1,-1,0;4535,0,1,-1,2;4552,3,1,-1,0;4587,2,1,-1,0;4605,3,1,-1,2;4623,0,1,-1,0;4658,2,1,-1,0;4676,0,1,-1,2;4693,2,1,-1,0;4729,2,1,-1,0;4746,3,1,-1,2;4764,2,1,-1,0;4799,3,1,-1,0;4817,1,1,-1,2;4834,2,1,-1,0;4870,0,1,-1,0;4887,1,1,-1,2;4905,2,1,-1,0;4940,3,1,-1,0;4958,0,1,-1,2;4976,1,1,-1,0;5011,0,1,-1,0;5029,3,1,-1,2;5046,1,1,-1,0;5081,0,1,-1,1;5081,2,1,-1,1;5117,3,1,-1,0;5152,2,1,-1,1;5152,3,1,-1,1;5187,0,1,-1,0;5223,2,1,-1,0;5258,0,1,-1,0;5276,3,1,-1,2;5311,0,1,-1,2;5346,2,1,-1,2;5381,1,1,-1,2;5399,3,1,-1,0;5434,0,1,-1,0;5452,1,1,-1,2;5487,2,1,-1,2;5523,3,1,-1,2;5540,0,1,-1,0;5576,1,1,-1,1;5576,2,1,-1,1;5611,0,1,-1,1;5611,3,1,-1,1;5681,1,1,-1,1;5681,2,1,-1,1;5717,0,1,-1,1;5717,3,1,-1,1;5787,3,1,-1,0;5805,0,1,-1,2;5823,1,1,-1,0;5840,2,1,-1,2;5893,2,1,-1,0;5928,3,1,-1,0;5946,0,1,-1,2;5964,2,1,-1,0;5981,1,1,-1,2;5999,3,1,-1,0;6017,1,1,-1,2;6034,2,1,-1,0;6052,0,1,-1,2;6070,3,1,-1,0;6105,1,1,-1,0;6140,2,1,-1,0;6211,0,1,-1,1;6211,3,1,-1,1;6246,0,1,-1,1;6246,3,1,-1,1;6281,0,1,-1,1;6281,3,1,-1,1;6317,0,1,-1,1;6317,3,1,-1,1;6352,1,1,-1,1;6352,2,1,-1,1;6387,0,1,-1,1;6387,3,1,-1,1;6422,0,1,-1,0;6440,3,1,-1,2;6458,0,1,-1,0;6493,2,1,-1,0;6511,0,1,-1,2;6528,1,1,-1,0;6564,2,1,-1,0;6581,3,1,-1,2;6599,1,1,-1,0;6634,3,1,-1,0;6652,0,1,-1,2;6669,2,1,-1,0;6705,0,1,-1,0;6722,3,1,-1,2;6740,2,1,-1,0;6775,1,1,-1,0;6793,2,1,-1,2;6811,3,1,-1,0;6846,1,1,-1,0;6864,2,1,-1,2;6881,0,1,-1,0;6916,3,1,-1,0;6934,0,1,-1,2;6952,1,1,-1,0;6987,0,1,-1,0;7005,3,1,-1,2;7022,1,1,-1,0;7058,2,1,-1,0;7075,1,1,-1,2;7093,2,1,-1,0;7128,1,1,-1,0;7146,2,1,-1,2;7163,1,1,-1,0;7199,2,1,-1,0;7216,0,1,-1,2;7234,1,1,-1,0;7269,2,1,-1,0;7287,3,1,-1,2;7305,1,1,-1,0;7340,3,1,-1,0;7358,0,1,-1,2;7375,3,1,-1,0;7410,0,1,-1,0;7428,3,1,-1,2;7446,0,1,-1,0;7481,1,1,-1,1;7481,2,1,-1,1;7516,0,1,-1,0;7552,1,1,-1,1;7552,2,1,-1,1;7587,3,1,-1,0;7622,2,1,-1,0;7657,3,1,-1,0;7693,0,1,-1,0;7728,1,1,-1,0;7763,0,1,-1,0;7799,1,1,-1,0;7834,0,1,-1,1;7834,3,1,-1,1;7869,2,1,-1,0;7905,1,1,-1,0;7940,3,1,-1,0;7975,1,1,-1,1;7975,2,1,-1,1;8010,0,1,-1,0;8046,3,1,-1,0;8081,1,1,-1,1;8081,2,1,-1,1;8116,1,1,-1,1;8116,2,1,-1,1;8152,0,1,-1,0;8187,2,1,-1,0;8222,0,1,-1,0;8257,3,1,-1,0;8293,1,1,-1,0;8328,2,1,-1,1;8328,3,1,-1,1;8363,0,1,-1,1;8363,1,1,-1,1;8399,1,1,-1,1;8399,3,1,-1,1;8434,0,1,-1,1;8434,2,1,-1,1;8469,0,1,-1,1;8469,3,1,-1,1;8504,1,1,-1,1;8504,2,1,-1,1;8540,0,1,-1,1;8540,3,1,-1,1;8575,1,1,-1,1;8575,2,1,-1,1;8610,3,1,-1,0;8637,0,1,-1,2;8663,1,1,-1,3;8663,2,1,-1,3;8690,0,1,-1,3;8690,3,1,-1,3;8716,1,1,-1,1;8716,2,1,-1,1;8734,0,1,-1,2;8751,3,1,-1,0","h":"1,2,423,529;2,0,565,670;3,1,706,812;4,3,847,953;5,1,2682,2788"}