{"v":1,"fmt":"sldr-chart-v1","id":"tsugaru","d":"Hard","m":12,"du":91.99,"tr":366,"ch":26,"mx":2,"of":179,"sr":[0.710222,0.5,0.071038,0.028061,0.456633],"n":"782,1,1,-1,2;800,3,1,-1,0;818,3,1,-1,2;836,1,1,-1,0;855,3,1,-1,2;873,3,1,-1,0;927,0,1,-1,2;945,3,1,-1,0;964,3,1,-1,2;982,0,1,-1,0;1000,3,1,-1,2;1018,3,1,-1,0;1073,2,1,-1,2;1091,3,1,-1,0;1109,3,1,-1,2;1127,2,1,-1,0;1145,3,1,-1,2;1164,1,1,-1,0;1182,3,1,-1,2;1200,2,1,-1,0;1218,1,1,-1,2;1236,1,1,-1,0;1255,0,1,-1,2;1273,3,1,-1,0;1291,3,1,-1,2;1309,1,1,-1,0;1327,3,1,-1,2;1364,2,1,-1,2;1382,0,1,-1,0;1400,0,1,-1,2;1418,2,1,-1,0;1436,0,1,-1,2;1455,0,1,-1,0;1509,3,1,-1,2;1527,0,1,-1,0;1545,0,1,-1,2;1564,3,1,-1,0;1582,0,1,-1,2;1600,0,1,-1,0;1655,1,1,-1,2;1673,0,1,-1,0;1691,0,1,-1,2;1709,1,1,-1,0;1727,0,1,-1,2;1745,2,1,-1,0;1764,0,1,-1,2;1782,1,1,-1,0;1800,2,1,-1,2;1818,2,1,-1,0;1836,3,1,-1,2;1855,0,1,-1,0;1873,0,1,-1,2;1891,2,1,-1,0;1909,0,1,-1,2;1945,1,1,-1,2;1964,2,1,-1,0;1982,2,1,-1,2;2000,1,1,-1,0;2018,2,1,-1,2;2036,2,1,-1,0;2091,0,1,-1,2;2109,2,1,-1,0;2127,2,1,-1,2;2145,0,1,-1,0;2164,2,1,-1,2;2182,2,1,-1,0;2236,3,1,-1,2;2255,2,1,-1,0;2273,2,1,-1,2;2291,3,1,-1,0;2309,2,1,-1,2;2327,0,1,-1,0;2345,2,1,-1,2;2364,0,1,-1,0;2382,3,1,-1,2;2400,3,1,-1,0;2418,2,1,-1,2;2436,1,1,-1,0;2455,1,1,-1,2;2473,0,1,-1,0;2491,3,1,-1,2;2527,2,1,-1,2;2545,1,1,-1,0;2564,1,1,-1,2;2582,2,1,-1,0;2600,1,1,-1,2;2618,1,1,-1,0;2673,3,1,-1,2;2691,1,1,-1,0;2709,1,1,-1,2;2727,3,1,-1,0;2745,1,1,-1,2;2764,1,1,-1,0;2818,0,1,-1,2;2836,1,1,-1,0;2855,1,1,-1,2;2873,0,1,-1,0;2891,1,1,-1,2;2909,3,1,-1,0;2927,1,1,-1,2;2945,0,1,-1,0;2964,3,1,-1,2;2982,3,1,-1,0;3000,2,1,-1,2;3018,1,1,-1,0;3036,1,1,-1,2;3055,0,1,-1,0;3073,3,1,-1,2;3091,0,2,1,1;3091,3,2,2,1;3527,2,1,-1,0;3552,2,1,-1,2;3564,0,1,-1,0;3588,0,1,-1,2;3600,3,1,-1,0;3624,3,1,-1,2;3636,1,1,-1,0;3661,1,1,-1,2;3673,2,1,-1,0;3697,2,1,-1,2;3709,0,1,-1,0;3733,0,1,-1,2;3745,3,1,-1,0;3770,3,1,-1,2;3782,1,1,-1,0;3806,1,1,-1,2;3818,2,1,-1,0;3842,2,1,-1,2;3855,0,1,-1,0;3879,0,1,-1,2;3891,3,1,-1,0;3915,3,1,-1,2;3927,1,1,-1,0;3952,1,1,-1,2;3964,2,1,-1,0;3988,2,1,-1,2;4000,0,1,-1,0;4024,0,1,-1,2;4036,3,1,-1,0;4061,3,1,-1,2;4073,1,1,-1,0;4097,1,1,-1,2;4109,2,1,-1,0;4133,2,1,-1,2;4145,0,1,-1,0;4170,0,1,-1,2;4182,1,1,-1,0;4206,1,1,-1,2;4218,2,1,-1,0;4242,2,1,-1,2;4255,3,1,-1,0;4279,3,1,-1,2;4291,1,1,-1,0;4315,1,1,-1,2;4327,2,1,-1,0;4352,2,1,-1,2;4364,0,1,-1,0;4388,0,1,-1,2;4400,2,1,-1,0;4424,2,1,-1,2;4436,0,1,-1,0;4461,0,1,-1,2;4473,1,1,-1,0;4497,1,1,-1,2;4509,2,1,-1,0;4533,2,1,-1,2;4545,3,1,-1,0;4570,3,1,-1,2;4582,1,1,-1,0;4606,1,1,-1,2;4618,2,1,-1,0;4642,2,1,-1,2;4655,0,1,-1,0;4679,0,1,-1,2;4691,2,1,-1,0;4723,2,1,-1,2;4727,1,1,-1,0;4752,1,1,-1,2;4764,3,1,-1,0;4795,3,1,-1,2;4800,0,1,-1,0;4824,0,1,-1,2;4836,2,1,-1,0;4868,2,1,-1,2;4873,1,1,-1,0;4897,1,1,-1,2;4909,3,1,-1,0;4941,3,1,-1,2;4945,0,1,-1,0;4970,0,1,-1,2;4982,2,1,-1,0;5014,2,1,-1,2;5018,1,1,-1,0;5042,1,1,-1,2;5055,3,1,-1,0;5086,3,1,-1,2;5091,0,1,-1,0;5115,0,1,-1,2;5127,2,1,-1,0;5159,2,1,-1,2;5164,1,1,-1,0;5188,1,1,-1,2;5200,3,1,-1,0;5232,3,1,-1,2;5236,0,1,-1,0;5261,0,1,-1,2;5273,3,1,-1,0;5285,0,1,-1,2;5297,3,1,-1,2;5309,0,1,-1,0;5345,0,1,-1,1;5345,3,1,-1,1;5382,3,1,-1,0;5406,0,1,-1,2;5418,2,1,-1,0;5430,1,1,-1,2;5442,2,1,-1,2;5455,1,1,-1,0;5491,1,1,-1,1;5491,2,1,-1,1;5527,2,1,-1,0;5552,1,1,-1,2;5564,3,1,-1,0;5576,0,1,-1,2;5588,3,1,-1,2;5600,0,1,-1,0;5636,2,1,-1,0;5648,1,1,-1,2;5661,2,1,-1,2;5673,1,1,-1,0;5709,3,1,-1,0;5721,0,1,-1,2;5733,3,1,-1,2;5745,0,1,-1,0;5782,0,2,3,1;5782,3,2,4,1;5855,0,1,-1,1;5855,1,1,-1,1;5891,3,1,-1,0;5909,2,1,-1,2;5945,3,1,-1,2;5964,1,1,-1,0;5982,3,1,-1,2;6000,0,1,-1,1;6000,2,1,-1,1;6036,1,1,-1,1;6036,3,1,-1,1;6073,0,1,-1,0;6091,1,1,-1,2;6109,0,1,-1,0;6127,1,1,-1,2;6145,2,1,-1,1;6145,3,1,-1,1;6182,0,1,-1,1;6182,2,1,-1,1;6218,1,1,-1,0;6236,3,1,-1,2;6255,2,1,-1,0;6273,1,1,-1,2;6291,0,1,-1,0;6309,3,1,-1,2;6327,1,1,-1,1;6327,2,1,-1,1;6364,0,1,-1,1;6364,3,1,-1,1;6382,0,1,-1,2;6391,3,1,-1,2;6400,0,1,-1,0;6418,0,1,-1,3;6418,3,1,-1,3;6436,2,1,-1,0;6455,0,1,-1,2;6473,1,1,-1,0;6491,3,1,-1,2;6509,1,1,-1,0;6527,0,1,-1,2;6545,2,1,-1,0;6564,3,1,-1,2;6582,2,1,-1,0;6600,0,1,-1,2;6618,1,1,-1,0;6636,3,1,-1,2;6655,1,1,-1,0;6673,0,1,-1,2;6691,2,1,-1,0;6709,3,1,-1,2;6727,2,1,-1,0;6745,0,1,-1,2;6764,1,1,-1,0;6782,2,1,-1,2;6800,1,1,-1,0;6818,0,1,-1,2;6836,2,1,-1,0;6855,3,1,-1,2;6873,2,1,-1,0;6891,0,1,-1,2;6909,1,1,-1,0;6927,2,1,-1,2;6945,1,1,-1,0;6964,0,1,-1,2;6982,2,1,-1,0;7000,3,1,-1,2;7018,2,1,-1,0;7036,0,1,-1,2;7055,3,1,-1,0;7073,1,1,-1,2;7091,2,1,-1,0;7109,0,1,-1,2;7127,3,1,-1,0;7155,3,1,-1,2;7164,0,1,-1,0;7191,0,1,-1,2;7200,3,1,-1,0;7227,3,1,-1,2;7236,1,1,-1,0;7264,1,1,-1,2;7273,2,1,-1,0;7309,0,1,-1,1;7309,2,1,-1,1;7345,1,1,-1,1;7345,3,1,-1,1;7382,0,1,-1,1;7382,1,1,-1,1;7418,2,1,-1,1;7418,3,1,-1,1;7445,3,1,-1,2;7455,0,1,-1,0;7482,0,1,-1,2;7491,3,1,-1,0;7518,3,1,-1,2;7527,2,1,-1,0;7555,2,1,-1,2;7564,1,1,-1,0;7591,1,1,-1,2;7600,0,1,-1,0;7618,2,1,-1,2;7636,1,1,-1,0;7655,3,1,-1,2;7673,2,1,-1,0;7691,1,1,-1,2;7709,0,1,-1,0;7727,3,1,-1,2;7745,0,1,-1,0;7773,0,1,-1,2;7782,3,1,-1,0;7809,3,1,-1,2;7818,1,1,-1,0;7845,1,1,-1,2;7855,2,1,-1,0;7882,2,1,-1,2;7891,0,1,-1,0;7927,1,1,-1,1;7927,3,1,-1,1;7964,2,1,-1,0;8000,0,1,-1,1;8000,1,1,-1,1;8027,1,1,-1,2;8036,0,1,-1,0;8064,0,1,-1,2;8073,2,1,-1,0;8100,2,1,-1,2;8109,1,1,-1,0;8136,1,1,-1,2;8145,3,1,-1,0;8173,3,1,-1,2;8182,2,1,-1,0;8218,0,1,-1,1;8218,1,1,-1,1;8255,1,1,-1,1;8255,3,1,-1,1;8309,0,1,-1,3;8309,3,1,-1,3;8345,2,1,-1,3;8345,3,1,-1,3;8382,0,1,-1,3;8382,2,1,-1,3;8400,0,1,-1,1;8400,3,1,-1,1;8436,1,1,-1,1;8436,2,1,-1,1;8473,0,2,5,1;8473,3,2,6,1;8612,0,1,-1,2;8626,0,2,7,0;8792,3,1,-1,2;8809,3,2,8,0;8858,2,2,9,0;8904,1,2,10,0;8960,0,1,-1,0;8991,2,1,-1,2;9007,1,1,-1,2;9023,3,2,11,0","h":"1,0,3091,3491;2,3,3091,3491;3,0,5782,5818;4,3,5782,5818;5,0,8473,8588;6,3,8473,8588;7,0,8626,8763;8,3,8809,8858;9,2,8858,8904;10,1,8904,8960;11,3,9023,9087"}