{"v":1,"fmt":"sldr-chart-v1","id":"tsugaru","d":"Medium","m":9,"du":94.06,"tr":232,"ch":32,"mx":2,"of":77,"sr":[0.467787,0.5,0.137931,0.041667,0.291667],"n":"782,1,1,-1,2;818,1,1,-1,2;855,3,1,-1,2;873,3,1,-1,0;927,0,1,-1,2;964,0,1,-1,2;1000,3,1,-1,2;1018,3,1,-1,0;1073,2,1,-1,2;1109,2,1,-1,2;1145,3,1,-1,2;1164,3,1,-1,0;1200,2,1,-1,1;1200,3,1,-1,1;1236,0,1,-1,1;1236,3,1,-1,1;1273,0,1,-1,1;1273,2,1,-1,1;1309,0,1,-1,1;1309,3,1,-1,1;1364,1,1,-1,2;1400,1,1,-1,2;1436,0,1,-1,2;1455,0,1,-1,0;1509,3,1,-1,2;1545,3,1,-1,2;1582,0,1,-1,2;1600,0,1,-1,0;1655,2,1,-1,2;1691,2,1,-1,2;1727,0,1,-1,2;1745,0,1,-1,0;1782,0,1,-1,1;1782,1,1,-1,1;1818,0,1,-1,1;1818,3,1,-1,1;1855,1,1,-1,1;1855,3,1,-1,1;1891,0,1,-1,1;1891,3,1,-1,1;1945,1,1,-1,2;1982,0,1,-1,2;2018,3,1,-1,2;2036,3,1,-1,0;2091,0,1,-1,2;2127,2,1,-1,2;2164,3,1,-1,2;2182,3,1,-1,0;2236,2,1,-1,2;2273,1,1,-1,2;2309,3,1,-1,2;2327,3,1,-1,0;2364,2,1,-1,1;2364,3,1,-1,1;2400,1,1,-1,1;2400,3,1,-1,1;2436,1,1,-1,1;2436,2,1,-1,1;2473,0,1,-1,1;2473,2,1,-1,1;2527,1,1,-1,2;2564,3,1,-1,2;2600,0,1,-1,2;2618,0,1,-1,0;2673,3,1,-1,2;2709,2,1,-1,2;2745,0,1,-1,2;2764,0,1,-1,0;2818,2,1,-1,2;2855,1,1,-1,2;2891,0,1,-1,2;2909,0,1,-1,0;2945,0,1,-1,1;2945,2,1,-1,1;2982,0,1,-1,1;2982,1,1,-1,1;3018,1,1,-1,1;3018,2,1,-1,1;3055,2,1,-1,1;3055,3,1,-1,1;3091,0,2,1,1;3091,3,2,2,1;3527,2,1,-1,0;3564,2,1,-1,0;3600,2,1,-1,0;3624,2,1,-1,2;3636,0,1,-1,0;3661,0,1,-1,2;3673,3,1,-1,0;3709,3,1,-1,0;3745,3,1,-1,0;3770,3,1,-1,2;3782,1,1,-1,0;3806,1,1,-1,2;3818,2,1,-1,0;3855,2,1,-1,0;3891,2,1,-1,0;3915,2,1,-1,2;3927,0,1,-1,0;3952,0,1,-1,2;3964,3,1,-1,0;4000,3,1,-1,0;4036,3,1,-1,0;4061,3,1,-1,2;4073,1,1,-1,0;4097,1,1,-1,2;4109,2,1,-1,0;4145,2,1,-1,0;4182,2,1,-1,0;4206,2,1,-1,2;4218,1,1,-1,0;4242,1,1,-1,2;4255,3,1,-1,0;4291,3,1,-1,0;4327,3,1,-1,0;4352,3,1,-1,2;4364,0,1,-1,0;4388,0,1,-1,2;4400,1,1,-1,0;4436,1,1,-1,0;4473,1,1,-1,0;4497,1,1,-1,2;4509,2,1,-1,0;4533,2,1,-1,2;4545,3,1,-1,0;4582,3,1,-1,0;4618,3,1,-1,0;4642,3,1,-1,2;4655,0,1,-1,0;4679,0,1,-1,2;4691,3,1,-1,0;4727,3,1,-1,0;4764,0,1,-1,0;4800,0,1,-1,0;4836,2,1,-1,0;4873,2,1,-1,0;4909,1,1,-1,0;4945,1,1,-1,0;4982,3,1,-1,0;5018,3,1,-1,0;5055,0,1,-1,0;5091,0,1,-1,0;5127,2,1,-1,0;5164,2,1,-1,0;5200,1,1,-1,0;5236,1,1,-1,0;5273,2,1,-1,0;5309,2,1,-1,0;5345,0,1,-1,1;5345,1,1,-1,1;5418,1,1,-1,0;5455,1,1,-1,0;5491,2,1,-1,1;5491,3,1,-1,1;5564,3,1,-1,0;5600,0,1,-1,1;5600,3,1,-1,1;5636,0,1,-1,0;5673,0,1,-1,1;5673,3,1,-1,1;5709,1,1,-1,0;5745,1,1,-1,0;5782,0,1,-1,1;5782,3,1,-1,1;5855,2,1,-1,0;5909,0,1,-1,2;5964,1,1,-1,0;6000,3,1,-1,0;6036,3,1,-1,0;6091,0,1,-1,2;6127,0,1,-1,2;6145,2,1,-1,0;6182,0,1,-1,0;6218,1,1,-1,0;6255,1,1,-1,0;6291,3,1,-1,0;6327,3,1,-1,0;6382,0,1,-1,2;6418,0,1,-1,2;6436,1,1,-1,0;6473,1,1,-1,0;6509,2,1,-1,0;6527,3,1,-1,2;6545,2,1,-1,0;6582,3,1,-1,0;6618,3,1,-1,0;6655,0,1,-1,0;6673,2,1,-1,2;6691,0,1,-1,0;6727,2,1,-1,0;6764,1,1,-1,0;6800,2,1,-1,0;6818,0,1,-1,2;6836,1,1,-1,0;6873,1,1,-1,0;6909,2,1,-1,0;6945,1,1,-1,0;6964,0,1,-1,2;6982,2,1,-1,0;7018,1,1,-1,1;7018,3,1,-1,1;7073,0,1,-1,3;7073,3,1,-1,3;7127,0,1,-1,1;7127,1,1,-1,1;7164,2,1,-1,0;7200,2,1,-1,0;7236,2,1,-1,0;7264,2,1,-1,2;7273,3,1,-1,0;7300,3,1,-1,2;7309,0,1,-1,0;7345,0,1,-1,0;7382,0,1,-1,0;7418,0,1,-1,0;7445,3,1,-1,2;7455,1,1,-1,0;7491,1,1,-1,0;7527,1,1,-1,0;7555,1,1,-1,2;7564,3,1,-1,0;7591,3,1,-1,2;7600,0,1,-1,0;7636,3,1,-1,0;7673,3,1,-1,0;7709,3,1,-1,0;7745,1,1,-1,0;7782,1,1,-1,0;7818,1,1,-1,0;7845,1,1,-1,2;7855,0,1,-1,0;7882,0,1,-1,2;7891,3,1,-1,0;7927,0,1,-1,0;7964,0,1,-1,0;8000,0,1,-1,0;8027,3,1,-1,2;8036,2,1,-1,0;8073,2,1,-1,0;8109,2,1,-1,0;8136,2,1,-1,2;8145,3,1,-1,0;8173,3,1,-1,2;8182,0,1,-1,0;8218,3,1,-1,0;8255,0,1,-1,1;8255,3,1,-1,1;8309,0,1,-1,3;8309,2,1,-1,3;8345,1,1,-1,3;8345,3,1,-1,3;8400,2,1,-1,1;8400,3,1,-1,1;8436,0,1,-1,1;8436,1,1,-1,1;8473,0,2,3,1;8473,3,2,4,1;8626,1,2,5,1;8626,2,2,6,1;8809,0,2,7,0;8858,1,2,8,0;8904,3,2,9,0;8960,1,2,10,0;9023,0,2,11,0","h":"1,0,3091,3491;2,3,3091,3491;3,0,8473,8588;4,3,8473,8588;5,1,8626,8763;6,2,8626,8763;7,0,8809,8858;8,1,8858,8904;9,3,8904,8960;10,1,8960,9023;11,0,9023,9087"}