{"v":1,"fmt":"sldr-chart-v1","id":"more-than-i-needed-to-know","d":"Hard","m":7,"du":87.96,"tr":227,"ch":3,"mx":2,"of":98,"sr":[0.435804,0.5,0.013216,0.069565,0.426087],"n":"922,1,1,-1,0;944,3,2,1,2;1010,0,1,-1,0;1054,2,2,2,0;1120,3,1,-1,2;1186,1,1,-1,0;1208,3,1,-1,2;1230,2,2,3,0;1296,0,1,-1,2;1361,1,1,-1,0;1383,0,1,-1,2;1405,3,2,4,0;1471,2,1,-1,2;1537,1,1,-1,0;1581,0,2,5,0;1647,2,1,-1,2;1691,1,1,-1,2;1713,3,1,-1,0;1757,1,2,6,0;1823,2,2,7,2;1888,3,1,-1,0;1932,3,1,-1,0;1976,1,1,-1,0;2020,2,1,-1,0;2064,0,1,-1,0;2108,0,2,8,0;2174,2,2,9,2;2240,1,1,-1,0;2284,2,1,-1,0;2328,0,2,10,0;2415,1,1,-1,0;2459,2,2,11,0;2503,3,1,-1,0;2525,3,1,-1,2;2591,1,1,-1,0;2635,2,2,12,0;2679,0,1,-1,0;2701,0,1,-1,2;2767,1,1,-1,0;2811,0,1,-1,0;2855,3,1,-1,0;2899,0,1,-1,0;2942,1,1,-1,0;2986,2,1,-1,0;3030,3,1,-1,0;3063,0,1,-1,2;3074,2,1,-1,0;3096,1,1,-1,2;3118,3,1,-1,0;3140,0,1,-1,2;3162,1,1,-1,0;3195,2,1,-1,2;3206,3,1,-1,0;3228,2,1,-1,2;3294,0,1,-1,0;3338,2,1,-1,0;3371,1,1,-1,2;3382,0,1,-1,0;3404,1,1,-1,2;3469,3,1,-1,0;3513,1,1,-1,0;3546,2,1,-1,2;3557,0,1,-1,0;3579,2,1,-1,2;3645,3,1,-1,0;3689,2,1,-1,0;3722,1,1,-1,2;3733,3,1,-1,0;3755,1,1,-1,2;3821,0,1,-1,0;3865,1,1,-1,0;3898,2,1,-1,2;3909,3,1,-1,0;3931,2,1,-1,2;3975,1,1,-1,2;3996,0,1,-1,0;4040,2,1,-1,0;4073,1,1,-1,2;4084,0,1,-1,0;4106,1,1,-1,2;4150,2,1,-1,2;4172,3,1,-1,0;4216,0,1,-1,0;4260,1,1,-1,0;4282,3,1,-1,2;4326,1,1,-1,2;4348,2,1,-1,0;4392,1,1,-1,0;4436,0,1,-1,0;4458,2,1,-1,2;4502,0,1,-1,2;4523,3,1,-1,0;4567,0,1,-1,0;4600,1,1,-1,2;4611,2,1,-1,0;4633,3,1,-1,2;4699,1,1,-1,0;4721,2,1,-1,2;4787,1,1,-1,0;4831,2,1,-1,0;4875,0,1,-1,0;4919,0,1,-1,0;4952,2,1,-1,2;4963,1,1,-1,0;4985,3,1,-1,2;5051,1,1,-1,0;5072,2,1,-1,2;5116,2,1,-1,2;5160,2,1,-1,2;5204,0,1,-1,2;5226,1,1,-1,0;5270,3,2,13,0;5336,3,1,-1,2;5380,3,1,-1,2;5402,0,1,-1,1;5402,3,1,-1,1;5446,2,2,14,0;5512,2,1,-1,2;5556,2,1,-1,2;5578,1,1,-1,1;5578,2,1,-1,1;5621,0,1,-1,0;5643,1,1,-1,2;5665,3,1,-1,0;5687,1,1,-1,2;5753,0,1,-1,0;5775,2,1,-1,2;5797,3,1,-1,0;5819,2,1,-1,2;5874,2,1,-1,2;5885,0,1,-1,0;5907,1,1,-1,2;5929,2,1,-1,0;5951,3,1,-1,2;5973,1,1,-1,0;6006,2,1,-1,2;6017,0,1,-1,0;6039,3,1,-1,2;6061,1,1,-1,0;6083,2,1,-1,2;6105,0,1,-1,0;6148,2,1,-1,0;6181,1,1,-1,2;6192,3,1,-1,0;6214,0,1,-1,2;6236,1,1,-1,0;6258,2,1,-1,2;6280,3,1,-1,0;6324,1,1,-1,0;6357,2,1,-1,2;6368,0,1,-1,0;6390,3,1,-1,2;6412,1,1,-1,0;6434,2,1,-1,2;6456,0,1,-1,0;6500,2,1,-1,0;6533,1,1,-1,2;6544,3,1,-1,0;6566,0,1,-1,2;6588,1,1,-1,0;6610,2,1,-1,2;6632,3,1,-1,0;6675,0,1,-1,0;6708,2,1,-1,2;6719,1,1,-1,0;6741,3,1,-1,2;6763,2,1,-1,0;6785,0,1,-1,2;6807,1,1,-1,0;6851,3,1,-1,0;6884,3,1,-1,2;6917,3,1,-1,2;6939,3,1,-1,0;6972,0,1,-1,2;7005,1,1,-1,2;7027,2,1,-1,0;7060,0,1,-1,2;7071,1,1,-1,0;7093,2,1,-1,2;7115,3,1,-1,0;7137,2,1,-1,2;7160,0,1,-1,0;7182,2,1,-1,2;7204,1,1,-1,0;7237,0,1,-1,2;7248,2,1,-1,0;7270,1,1,-1,2;7292,3,1,-1,0;7314,1,1,-1,2;7336,0,1,-1,0;7358,1,1,-1,2;7379,2,1,-1,0;7412,3,1,-1,2;7423,1,1,-1,0;7445,2,1,-1,2;7467,0,1,-1,0;7489,2,1,-1,2;7511,3,1,-1,0;7533,2,1,-1,2;7555,1,1,-1,0;7588,3,1,-1,2;7599,2,1,-1,0;7621,1,1,-1,2;7643,0,1,-1,0;7665,1,1,-1,2;7687,3,1,-1,0;7709,1,1,-1,2;7731,2,1,-1,0;7764,3,1,-1,2;7775,1,1,-1,0;7796,2,1,-1,2;7818,0,1,-1,0;7851,0,1,-1,2;7884,0,1,-1,2;7906,3,1,-1,0;7939,3,1,-1,2;7972,3,1,-1,2;7994,3,1,-1,0;8027,0,1,-1,2;8060,1,1,-1,2;8082,2,1,-1,0;8132,3,1,-1,0;8182,2,1,-1,0;8236,0,1,-1,0;8294,1,1,-1,0;8358,2,1,-1,2;8423,3,1,-1,0;8496,1,1,-1,2;8571,0,2,15,1;8571,3,2,16,1","h":"1,3,944,988;2,2,1054,1098;3,2,1230,1274;4,3,1405,1449;5,0,1581,1625;6,1,1757,1801;7,2,1823,1866;8,0,2108,2152;9,2,2174,2218;10,0,2328,2372;11,2,2459,2547;12,2,2635,2723;13,3,5270,5314;14,2,5446,5490;15,0,8571,8721;16,3,8571,8721"}