{"v":1,"fmt":"sldr-chart-v1","id":"drifting-away","d":"Hard","m":8,"du":95.08,"tr":356,"ch":24,"mx":2,"of":196,"sr":[0.666106,0.5,0.067416,0.018421,0.515789],"n":"530,1,1,-1,0;575,2,1,-1,1;575,3,1,-1,1;619,1,1,-1,0;663,0,1,-1,1;663,2,1,-1,1;707,1,1,-1,0;751,2,1,-1,1;751,3,1,-1,1;795,1,1,-1,0;839,0,1,-1,1;839,2,1,-1,1;883,3,1,-1,0;905,0,1,-1,2;928,1,1,-1,0;972,2,1,-1,0;1016,0,1,-1,1;1016,3,1,-1,1;1060,2,1,-1,0;1082,0,1,-1,2;1104,1,1,-1,0;1148,2,1,-1,0;1170,3,1,-1,2;1192,2,1,-1,0;1214,0,1,-1,2;1236,3,1,-1,0;1258,1,1,-1,2;1280,2,1,-1,0;1325,3,1,-1,0;1347,2,1,-1,2;1369,0,1,-1,0;1413,2,1,-1,0;1435,3,1,-1,2;1457,1,1,-1,0;1479,0,1,-1,2;1501,2,1,-1,0;1523,1,1,-1,2;1545,3,1,-1,0;1567,0,1,-1,2;1611,3,1,-1,2;1622,0,1,-1,2;1655,3,1,-1,2;1667,1,1,-1,2;1700,2,1,-1,2;1711,0,1,-1,2;1744,2,1,-1,2;1755,1,1,-1,2;1788,3,1,-1,2;1799,0,1,-1,2;1832,3,1,-1,2;1843,2,1,-1,2;1876,1,1,-1,2;1887,0,1,-1,2;1920,1,1,-1,2;1931,2,1,-1,2;1986,1,1,-1,1;1986,2,1,-1,1;2030,3,1,-1,0;2075,1,1,-1,1;2075,2,1,-1,1;2119,0,1,-1,0;2163,1,1,-1,1;2163,2,1,-1,1;2207,3,1,-1,0;2251,1,1,-1,1;2251,2,1,-1,1;2295,0,1,-1,0;2306,1,1,-1,2;2339,0,1,-1,1;2339,1,1,-1,1;2383,3,1,-1,0;2394,1,1,-1,2;2428,1,1,-1,1;2428,3,1,-1,1;2472,0,1,-1,0;2483,2,1,-1,2;2516,2,1,-1,0;2527,3,1,-1,2;2560,0,1,-1,0;2571,2,1,-1,2;2604,1,1,-1,1;2604,2,1,-1,1;2648,1,1,-1,0;2659,3,1,-1,2;2692,1,1,-1,1;2692,3,1,-1,1;2736,1,1,-1,0;2747,0,1,-1,2;2780,0,1,-1,1;2780,1,1,-1,1;2825,1,1,-1,0;2836,2,1,-1,2;2869,2,1,-1,0;2880,0,1,-1,2;2913,3,1,-1,0;2924,1,1,-1,2;2957,0,1,-1,1;2957,3,1,-1,1;3001,0,1,-1,0;3012,1,1,-1,2;3023,0,1,-1,2;3045,0,1,-1,1;3045,1,1,-1,1;3089,2,1,-1,0;3100,1,1,-1,2;3111,2,1,-1,2;3133,1,1,-1,1;3133,2,1,-1,1;3178,0,1,-1,0;3189,1,1,-1,2;3200,0,1,-1,2;3222,2,1,-1,0;3233,1,1,-1,2;3244,2,1,-1,2;3266,0,1,-1,0;3277,3,1,-1,2;3288,0,1,-1,2;3310,1,1,-1,1;3310,2,1,-1,1;3354,3,1,-1,0;3398,1,1,-1,1;3398,2,1,-1,1;3442,0,1,-1,0;3486,1,1,-1,1;3486,2,1,-1,1;3530,3,1,-1,0;3575,1,1,-1,1;3575,2,1,-1,1;3619,0,1,-1,0;3641,0,1,-1,2;3663,2,1,-1,0;3685,3,1,-1,2;3751,1,2,1,1;3751,2,1,-1,1;3839,3,1,-1,0;3883,2,1,-1,0;3928,1,2,2,0;4016,0,1,-1,0;4060,2,1,-1,0;4104,1,2,3,0;4192,3,1,-1,0;4236,2,1,-1,0;4258,3,1,-1,2;4280,1,1,-1,0;4325,0,1,-1,0;4347,1,1,-1,2;4369,2,1,-1,0;4413,0,1,-1,0;4435,1,1,-1,2;4457,3,1,-1,0;4501,1,1,-1,0;4523,0,1,-1,2;4545,3,2,4,0;4633,0,2,5,0;4722,2,2,6,0;4810,1,2,7,0;4898,3,1,-1,0;4986,1,1,-1,1;4986,2,1,-1,1;5075,0,1,-1,1;5075,3,1,-1,1;5119,3,1,-1,0;5130,1,1,-1,2;5141,3,1,-1,2;5163,1,1,-1,0;5196,2,1,-1,2;5218,0,1,-1,2;5229,3,1,-1,2;5251,2,1,-1,0;5273,1,1,-1,2;5295,0,1,-1,0;5306,1,1,-1,2;5317,0,1,-1,2;5339,1,1,-1,0;5372,2,1,-1,2;5394,3,1,-1,2;5406,0,1,-1,2;5428,2,1,-1,0;5450,1,1,-1,2;5472,3,1,-1,0;5483,1,1,-1,2;5494,3,1,-1,2;5516,1,1,-1,0;5549,2,1,-1,2;5571,0,1,-1,2;5582,3,1,-1,2;5604,2,1,-1,0;5626,1,1,-1,2;5648,0,1,-1,0;5659,1,1,-1,2;5670,0,1,-1,2;5692,1,1,-1,0;5725,2,1,-1,2;5747,3,1,-1,2;5758,0,1,-1,2;5781,2,1,-1,0;5803,0,1,-1,2;5825,1,1,-1,0;5836,0,1,-1,2;5847,3,1,-1,2;5869,1,1,-1,0;5902,2,1,-1,2;5924,0,1,-1,2;5935,3,1,-1,2;5957,2,1,-1,0;5979,3,1,-1,2;6001,1,1,-1,0;6012,3,1,-1,2;6023,0,1,-1,2;6045,1,1,-1,0;6078,2,1,-1,2;6100,3,1,-1,2;6111,0,1,-1,2;6133,2,1,-1,0;6156,0,1,-1,2;6178,1,1,-1,0;6189,0,1,-1,2;6200,3,1,-1,2;6222,1,1,-1,0;6255,2,1,-1,2;6277,0,1,-1,2;6288,3,1,-1,2;6310,2,1,-1,0;6332,3,1,-1,2;6354,1,1,-1,0;6365,3,1,-1,2;6376,0,1,-1,2;6398,1,1,-1,0;6431,2,1,-1,2;6453,3,1,-1,2;6464,0,1,-1,2;6486,3,1,-1,0;6508,2,1,-1,2;6531,3,1,-1,0;6542,0,1,-1,2;6553,3,1,-1,2;6575,0,1,-1,0;6608,2,1,-1,2;6630,0,1,-1,2;6641,3,1,-1,2;6663,2,1,-1,0;6685,1,1,-1,2;6707,0,1,-1,0;6718,3,1,-1,2;6729,0,1,-1,2;6751,3,1,-1,0;6784,2,1,-1,2;6806,3,1,-1,2;6817,0,1,-1,2;6839,2,1,-1,0;6861,1,1,-1,2;6883,3,1,-1,0;6894,1,1,-1,2;6906,3,1,-1,2;6928,1,1,-1,0;6961,2,1,-1,2;6983,0,1,-1,2;6994,3,1,-1,2;7016,2,1,-1,0;7038,1,1,-1,2;7060,0,1,-1,0;7071,1,1,-1,2;7082,0,1,-1,2;7104,1,1,-1,0;7137,2,1,-1,2;7159,3,1,-1,2;7170,0,1,-1,2;7192,2,1,-1,0;7214,0,1,-1,2;7236,1,1,-1,0;7247,0,1,-1,2;7258,1,1,-1,2;7281,0,1,-1,0;7314,2,1,-1,2;7336,0,1,-1,2;7347,3,1,-1,2;7369,2,1,-1,0;7391,3,1,-1,2;7413,1,1,-1,0;7424,3,1,-1,2;7435,1,1,-1,2;7457,3,1,-1,0;7490,2,1,-1,2;7512,3,1,-1,2;7523,0,1,-1,2;7545,2,1,-1,0;7567,0,1,-1,2;7589,1,1,-1,0;7600,0,1,-1,2;7611,1,1,-1,2;7633,0,1,-1,0;7667,2,1,-1,2;7689,0,1,-1,2;7700,3,1,-1,2;7722,2,1,-1,0;7744,3,1,-1,2;7766,1,1,-1,0;7777,3,1,-1,2;7788,1,1,-1,2;7810,3,1,-1,0;7843,2,1,-1,2;7865,3,1,-1,2;7876,0,1,-1,2;7898,3,1,-1,0;7920,2,1,-1,2;7942,3,1,-1,0;7953,0,1,-1,2;7964,3,1,-1,2;7986,0,1,-1,0;8019,2,1,-1,2;8042,0,1,-1,2;8053,3,1,-1,2;8075,0,1,-1,0;8097,1,1,-1,2;8119,0,1,-1,0;8130,3,1,-1,2;8141,0,1,-1,2;8163,3,1,-1,0;8196,2,1,-1,2;8218,3,1,-1,2;8229,0,1,-1,2;8251,3,1,-1,0;8273,1,1,-1,2;8295,3,1,-1,0;8306,1,1,-1,2;8317,3,1,-1,2;8339,1,1,-1,0;8372,2,1,-1,2;8395,0,1,-1,2;8406,3,1,-1,2;8428,0,1,-1,0;8450,1,1,-1,2;8472,0,1,-1,0;8483,1,1,-1,2;8494,0,1,-1,2;8516,1,1,-1,0;8549,2,1,-1,2;8571,3,1,-1,2;8582,0,1,-1,2;8604,3,1,-1,0;8626,1,1,-1,2;8648,1,1,-1,0;8659,3,1,-1,2;8670,1,1,-1,2;8692,3,1,-1,0;8725,2,1,-1,2;8747,3,1,-1,2;8758,0,1,-1,2;8781,3,1,-1,0;8803,1,1,-1,2;8825,1,1,-1,0;8836,3,1,-1,2;8847,1,1,-1,2;8869,3,1,-1,0;8902,2,1,-1,2;8924,3,1,-1,2;8935,0,1,-1,2;8957,3,1,-1,0;8979,1,1,-1,2;9001,1,1,-1,0;9012,3,1,-1,2;9023,1,1,-1,2;9045,3,1,-1,0;9078,2,1,-1,2;9100,3,1,-1,2;9111,0,1,-1,2;9133,3,1,-1,0;9156,1,1,-1,2;9178,1,1,-1,0;9189,3,1,-1,2;9200,1,1,-1,2;9222,3,1,-1,0;9266,2,1,-1,0;9288,3,1,-1,2;9310,0,1,-1,0;9332,1,1,-1,2;9354,2,1,-1,0;9376,3,1,-1,2;9398,0,1,-1,0;9420,1,1,-1,2","h":"1,1,3751,3839;2,1,3928,4016;3,1,4104,4192;4,3,4545,4633;5,0,4633,4722;6,2,4722,4810;7,1,4810,4898"}