{"v":1,"fmt":"sldr-chart-v1","id":"drifting-away","d":"Medium","m":5,"du":95.08,"tr":227,"ch":7,"mx":2,"of":127,"sr":[0.410181,0.5,0.030837,0.034188,0.542735],"n":"530,0,1,-1,0;619,1,1,-1,0;707,1,1,-1,0;795,1,1,-1,0;883,1,1,-1,0;928,0,1,-1,0;950,3,1,-1,2;972,1,1,-1,0;1016,3,1,-1,0;1038,2,1,-1,2;1082,3,1,-1,2;1126,0,1,-1,2;1170,2,1,-1,2;1214,1,1,-1,2;1280,3,1,-1,0;1303,1,1,-1,2;1347,3,1,-1,2;1391,2,1,-1,2;1435,3,1,-1,2;1479,0,1,-1,2;1523,1,1,-1,2;1567,3,1,-1,2;1633,0,1,-1,0;1655,1,1,-1,2;1700,0,1,-1,2;1744,2,1,-1,2;1788,0,1,-1,2;1832,3,1,-1,2;1876,2,1,-1,2;1920,3,2,1,2;1986,1,1,-1,0;2075,2,1,-1,0;2163,1,2,2,0;2251,3,1,-1,0;2295,1,1,-1,1;2295,2,1,-1,1;2339,0,1,-1,0;2361,1,1,-1,2;2405,0,1,-1,2;2450,2,1,-1,2;2494,0,1,-1,2;2538,3,1,-1,2;2582,2,1,-1,2;2626,1,1,-1,2;2692,0,1,-1,0;2714,1,1,-1,2;2758,0,1,-1,2;2803,2,1,-1,2;2847,0,1,-1,2;2891,3,1,-1,2;2935,1,1,-1,2;2979,0,1,-1,2;3045,3,1,-1,0;3067,1,1,-1,2;3111,3,1,-1,2;3155,2,1,-1,2;3200,3,1,-1,2;3244,0,1,-1,2;3288,2,1,-1,2;3332,0,2,3,2;3398,3,1,-1,0;3486,2,1,-1,0;3575,1,1,-1,0;3619,2,1,-1,0;3641,0,1,-1,2;3663,3,1,-1,0;3685,1,1,-1,2;3707,3,2,4,0;3751,0,2,5,0;3839,2,1,-1,0;3861,1,1,-1,2;3928,2,1,-1,0;3972,1,1,-1,0;3994,3,1,-1,2;4016,0,1,-1,0;4038,1,1,-1,2;4082,1,1,-1,2;4126,0,1,-1,2;4170,3,1,-1,2;4214,1,1,-1,2;4258,2,1,-1,2;4325,2,1,-1,0;4347,0,1,-1,2;4369,3,1,-1,0;4391,1,1,-1,2;4457,0,1,-1,1;4457,3,1,-1,1;4545,2,1,-1,0;4567,1,1,-1,2;4633,2,1,-1,0;4678,1,1,-1,0;4700,3,1,-1,2;4722,0,1,-1,0;4744,1,1,-1,2;4788,1,1,-1,2;4832,1,1,-1,2;4876,2,1,-1,2;4920,1,1,-1,2;4964,2,1,-1,2;5008,3,1,-1,2;5053,0,1,-1,2;5141,0,1,-1,2;5163,1,1,-1,0;5207,2,1,-1,0;5229,1,1,-1,2;5251,2,1,-1,0;5317,3,1,-1,2;5339,1,1,-1,0;5383,2,1,-1,0;5406,1,1,-1,2;5428,2,1,-1,0;5494,0,1,-1,2;5516,1,1,-1,0;5560,2,1,-1,0;5582,3,1,-1,2;5604,1,1,-1,0;5670,3,1,-1,2;5692,1,1,-1,0;5736,2,1,-1,0;5758,0,1,-1,2;5781,1,1,-1,0;5847,0,1,-1,2;5869,1,1,-1,0;5913,0,1,-1,0;5935,3,1,-1,2;5957,2,1,-1,0;6023,3,1,-1,2;6045,1,1,-1,0;6089,3,1,-1,0;6111,0,1,-1,2;6133,2,1,-1,0;6200,0,1,-1,2;6222,1,1,-1,0;6266,0,1,-1,0;6288,3,2,6,2;6310,0,2,7,0;6420,1,1,-1,2;6464,0,1,-1,2;6486,3,1,-1,0;6508,0,1,-1,2;6531,2,2,8,0;6641,2,1,-1,2;6663,0,1,-1,0;6685,3,1,-1,2;6729,0,1,-1,2;6773,1,1,-1,2;6817,0,1,-1,2;6861,2,1,-1,2;6906,0,1,-1,2;6928,1,1,-1,0;6972,1,1,-1,1;6972,2,1,-1,1;7016,2,1,-1,0;7038,3,1,-1,2;7082,3,1,-1,2;7104,1,1,-1,0;7148,1,1,-1,1;7148,2,1,-1,1;7192,2,1,-1,0;7214,0,1,-1,2;7258,0,1,-1,2;7281,1,1,-1,0;7325,0,1,-1,1;7325,3,1,-1,1;7369,3,1,-1,0;7391,1,1,-1,2;7435,3,1,-1,2;7457,1,1,-1,0;7501,0,1,-1,1;7501,3,1,-1,1;7545,0,1,-1,0;7567,1,1,-1,2;7611,2,1,-1,2;7633,3,1,-1,0;7678,1,1,-1,1;7678,3,1,-1,1;7722,2,1,-1,0;7744,1,1,-1,2;7788,0,1,-1,2;7810,1,1,-1,0;7832,3,1,-1,2;7876,2,1,-1,2;7898,1,1,-1,0;7920,0,1,-1,2;7964,0,1,-1,2;7986,1,1,-1,0;8008,2,1,-1,2;8031,3,1,-1,0;8075,3,1,-1,0;8097,2,1,-1,2;8141,3,1,-1,2;8185,1,1,-1,2;8229,2,1,-1,2;8273,0,1,-1,2;8317,0,1,-1,2;8339,1,1,-1,0;8383,0,1,-1,0;8406,1,1,-1,2;8428,2,1,-1,0;8450,3,1,-1,2;8494,3,1,-1,2;8516,1,1,-1,0;8560,3,1,-1,0;8582,2,1,-1,2;8604,1,1,-1,0;8626,0,1,-1,2;8670,3,1,-1,2;8692,1,1,-1,0;8736,2,1,-1,0;8758,1,1,-1,2;8781,2,1,-1,0;8803,0,1,-1,2;8847,0,1,-1,2;8869,1,1,-1,0;8913,3,1,-1,0;8935,1,1,-1,2;8957,2,1,-1,0;8979,3,1,-1,2;9023,3,1,-1,2;9045,1,1,-1,0;9089,0,1,-1,0;9111,1,1,-1,2;9133,2,1,-1,0;9156,0,1,-1,2;9200,0,1,-1,2;9222,1,1,-1,0;9266,0,1,-1,0;9288,2,1,-1,2;9310,1,1,-1,0;9332,3,1,-1,2;9354,0,1,-1,0;9376,2,1,-1,2;9398,1,1,-1,0;9420,3,1,-1,2","h":"1,3,1920,2163;2,1,2163,2251;3,0,3332,3486;5,0,3751,3795;4,3,3707,3795;7,0,6310,6376;6,3,6288,6376;8,2,6531,6597"}