{"v":1,"fmt":"sldr-chart-v1","id":"it-s-raining-men-almighty-mix","d":"Hard","m":7,"du":82.37,"tr":261,"ch":19,"mx":2,"of":140,"sr":[0.566549,0.5,0.072797,0.039286,0.5],"n":"704,2,2,1,0;792,0,2,2,0;880,1,2,3,0;968,0,2,4,0;1057,3,1,-1,0;1068,0,1,-1,2;1090,3,1,-1,2;1101,1,1,-1,0;1123,3,1,-1,2;1134,0,1,-1,2;1156,3,1,-1,2;1167,1,1,-1,2;1189,2,1,-1,0;1211,0,1,-1,2;1233,2,1,-1,0;1244,0,1,-1,2;1266,2,1,-1,2;1277,1,1,-1,0;1299,2,1,-1,2;1310,0,1,-1,2;1332,2,1,-1,2;1343,1,1,-1,2;1365,0,1,-1,0;1387,3,1,-1,2;1409,0,1,-1,0;1420,3,1,-1,2;1442,0,1,-1,2;1453,2,1,-1,0;1475,0,1,-1,2;1486,3,1,-1,2;1508,0,1,-1,2;1519,2,1,-1,2;1541,1,1,-1,0;1563,3,1,-1,2;1585,1,1,-1,0;1596,3,1,-1,2;1618,1,1,-1,2;1629,2,1,-1,0;1651,1,1,-1,2;1662,3,1,-1,2;1684,1,1,-1,2;1695,2,1,-1,2;1717,0,1,-1,0;1739,3,1,-1,2;1761,0,1,-1,1;1761,3,1,-1,1;1827,1,1,-1,2;1871,3,1,-1,2;1893,0,1,-1,0;1915,2,1,-1,2;1937,1,1,-1,0;2003,2,1,-1,2;2047,0,1,-1,2;2069,3,1,-1,0;2091,1,1,-1,2;2113,2,1,-1,0;2179,0,1,-1,2;2224,2,1,-1,2;2246,1,1,-1,0;2268,3,1,-1,2;2290,1,1,-1,0;2356,3,1,-1,2;2400,1,1,-1,2;2422,2,1,-1,0;2444,0,1,-1,2;2466,3,1,-1,0;2532,1,1,-1,2;2576,3,1,-1,2;2598,1,1,-1,0;2620,2,1,-1,2;2642,0,1,-1,0;2708,1,1,-1,2;2752,0,1,-1,2;2774,2,1,-1,0;2796,1,1,-1,2;2818,3,1,-1,0;2884,0,1,-1,2;2928,2,1,-1,2;2950,0,1,-1,0;2972,1,1,-1,2;2994,0,1,-1,0;3060,3,1,-1,2;3104,1,1,-1,2;3126,3,1,-1,0;3148,0,1,-1,2;3170,0,1,-1,1;3170,3,1,-1,1;3214,1,1,-1,0;3258,2,1,-1,0;3280,0,1,-1,2;3302,1,1,-1,0;3346,1,1,-1,0;3368,3,1,-1,2;3391,1,1,-1,0;3413,0,1,-1,2;3435,0,1,-1,0;3457,2,1,-1,2;3479,3,1,-1,0;3523,0,1,-1,0;3545,2,1,-1,2;3567,3,1,-1,0;3589,2,1,-1,2;3611,0,1,-1,0;3633,1,1,-1,2;3655,3,1,-1,0;3677,1,1,-1,2;3699,0,2,5,0;3721,2,1,-1,2;3765,2,1,-1,2;3831,0,1,-1,1;3831,3,1,-1,1;3875,2,1,-1,0;3897,3,1,-1,2;3919,1,1,-1,0;3941,3,1,-1,2;3963,2,1,-1,0;3985,3,1,-1,2;4007,1,1,-1,0;4029,3,1,-1,2;4073,2,1,-1,2;4117,0,1,-1,3;4117,3,1,-1,3;4161,1,1,-1,3;4161,2,1,-1,3;4183,1,1,-1,1;4183,2,1,-1,1;4205,3,1,-1,2;4227,2,1,-1,0;4249,0,1,-1,2;4271,2,1,-1,0;4293,3,1,-1,2;4315,2,1,-1,0;4337,0,1,-1,2;4359,2,1,-1,0;4381,3,2,6,2;4425,1,1,-1,2;4469,1,1,-1,2;4513,1,1,-1,2;4557,1,1,-1,2;4579,0,1,-1,1;4579,3,1,-1,1;4623,2,1,-1,0;4667,2,1,-1,0;4689,0,1,-1,2;4711,1,1,-1,0;4733,0,1,-1,3;4733,3,1,-1,3;4799,3,1,-1,0;4821,1,1,-1,2;4843,2,1,-1,0;4865,0,1,-1,2;4887,3,1,-1,0;4909,1,1,-1,2;4931,2,1,-1,0;4953,1,1,-1,2;4976,3,1,-1,0;5020,2,1,-1,0;5042,1,1,-1,2;5064,3,1,-1,0;5086,0,1,-1,2;5108,3,1,-1,0;5130,0,1,-1,2;5152,1,1,-1,1;5152,2,1,-1,1;5218,0,1,-1,2;5240,2,1,-1,0;5262,1,1,-1,2;5284,3,1,-1,0;5306,1,1,-1,2;5328,2,1,-1,0;5350,0,1,-1,2;5372,3,1,-1,0;5394,1,1,-1,2;5416,2,1,-1,0;5438,0,1,-1,2;5460,1,1,-1,0;5482,2,1,-1,2;5504,0,1,-1,1;5504,3,1,-1,1;5570,2,1,-1,2;5592,3,1,-1,0;5614,0,1,-1,2;5636,1,1,-1,0;5658,0,1,-1,2;5680,3,1,-1,0;5702,2,1,-1,2;5724,1,1,-1,0;5746,0,1,-1,2;5768,3,1,-1,0;5790,2,1,-1,2;5812,0,1,-1,0;5834,3,1,-1,2;5856,1,1,-1,1;5856,2,1,-1,1;5922,3,1,-1,2;5944,1,1,-1,0;5966,2,1,-1,2;5988,0,1,-1,0;6010,2,1,-1,2;6032,1,1,-1,0;6054,3,1,-1,2;6076,0,1,-1,0;6098,2,1,-1,2;6120,1,1,-1,0;6142,3,1,-1,2;6164,2,1,-1,0;6187,2,1,-1,2;6209,0,1,-1,1;6209,3,1,-1,1;6275,1,1,-1,2;6297,3,1,-1,0;6319,0,1,-1,2;6341,2,1,-1,0;6363,2,1,-1,2;6385,1,1,-1,0;6407,3,1,-1,2;6429,1,1,-1,0;6451,1,1,-1,2;6473,0,1,-1,0;6495,2,1,-1,2;6517,3,1,-1,0;6539,3,1,-1,2;6561,0,1,-1,1;6561,1,1,-1,1;6583,1,1,-1,2;6605,0,1,-1,0;6627,0,1,-1,2;6649,3,1,-1,0;6671,1,1,-1,2;6693,3,1,-1,0;6715,3,1,-1,2;6737,1,1,-1,0;6759,2,1,-1,2;6781,0,1,-1,0;6803,0,1,-1,2;6825,3,1,-1,0;6847,2,1,-1,2;6869,1,1,-1,0;6891,1,1,-1,2;6913,2,1,-1,1;6913,3,1,-1,1;6979,2,1,-1,2;7001,0,1,-1,0;7023,3,1,-1,2;7045,1,1,-1,0;7067,1,1,-1,2;7089,2,1,-1,0;7111,0,1,-1,2;7133,2,1,-1,0;7155,2,1,-1,2;7177,1,1,-1,0;7199,3,1,-1,2;7221,0,1,-1,0;7243,0,1,-1,3;7243,1,1,-1,3;7265,0,1,-1,1;7265,1,1,-1,1;7331,3,1,-1,2;7353,2,1,-1,0;7376,1,1,-1,2;7398,0,1,-1,0;7420,0,1,-1,2;7442,3,1,-1,0;7464,1,1,-1,2;7486,3,1,-1,0;7508,3,1,-1,2;7530,0,1,-1,0;7552,2,1,-1,2;7574,0,2,7,0;7618,2,1,-1,0;7706,0,1,-1,1;7706,3,1,-1,1;7751,3,2,8,0;7795,2,1,-1,0;7883,0,1,-1,1;7883,3,1,-1,1;7927,1,2,9,0;7972,3,1,-1,0;8060,1,2,10,1;8060,2,2,11,1","h":"2,0,792,836;3,1,880,924;4,0,968,1013;1,2,704,1013;5,0,3699,3787;6,3,4381,4535;7,0,7574,7662;8,3,7751,7839;9,1,7927,8016;10,1,8060,8148;11,2,8060,8148"}