{"v":1,"fmt":"sldr-chart-v1","id":"the-reflex","d":"Hard","m":8,"du":96.84,"tr":292,"ch":49,"mx":2,"of":153,"sr":[0.586879,0.5,0.167808,0.043988,0.44868],"n":"767,2,1,-1,1;767,3,1,-1,1;815,1,1,-1,0;839,0,1,-1,2;863,3,1,-1,0;911,0,1,-1,1;911,1,1,-1,1;959,2,1,-1,0;983,1,1,-1,2;995,3,1,-1,2;1019,2,1,-1,2;1031,1,1,-1,2;1055,0,1,-1,0;1079,3,1,-1,2;1103,1,1,-1,0;1151,0,1,-1,1;1151,2,1,-1,1;1198,1,1,-1,0;1222,3,1,-1,2;1246,0,1,-1,0;1294,1,1,-1,1;1294,3,1,-1,1;1341,2,1,-1,0;1365,1,1,-1,2;1377,0,1,-1,2;1401,2,1,-1,2;1413,1,1,-1,2;1436,3,1,-1,0;1460,0,1,-1,2;1484,1,1,-1,0;1532,0,2,1,1;1532,3,1,-1,1;1567,3,1,-1,2;1603,3,2,2,2;1627,1,1,-1,0;1651,1,1,-1,2;1675,1,1,-1,0;1722,2,1,-1,0;1746,1,1,-1,2;1758,3,1,-1,2;1782,2,1,-1,2;1794,1,1,-1,2;1817,0,1,-1,0;1841,3,1,-1,2;1865,1,1,-1,0;1913,0,1,-1,1;1913,3,1,-1,1;1961,2,1,-1,0;1985,3,1,-1,2;2009,0,1,-1,0;2033,1,1,-1,2;2057,0,1,-1,0;2105,1,1,-1,1;2105,2,1,-1,1;2152,0,2,3,1;2152,3,1,-1,1;2200,3,1,-1,0;2224,3,1,-1,2;2247,3,1,-1,0;2295,1,1,-1,0;2319,1,1,-1,2;2343,2,1,-1,0;2367,0,1,-1,3;2367,1,1,-1,3;2414,3,1,-1,2;2438,0,1,-1,0;2462,1,1,-1,2;2486,2,1,-1,1;2486,3,1,-1,1;2533,1,1,-1,1;2533,3,2,4,1;2581,0,1,-1,0;2605,0,1,-1,2;2628,0,1,-1,0;2676,1,1,-1,0;2700,2,1,-1,2;2724,1,1,-1,0;2747,0,1,-1,2;2771,3,1,-1,0;2795,2,1,-1,2;2819,3,1,-1,0;2843,2,1,-1,2;2866,0,1,-1,1;2866,1,1,-1,1;2914,1,2,5,1;2914,3,1,-1,1;2962,2,1,-1,0;2985,2,1,-1,2;3009,2,1,-1,0;3057,0,1,-1,0;3081,0,1,-1,2;3104,3,1,-1,0;3128,0,1,-1,3;3128,1,1,-1,3;3176,2,1,-1,2;3200,1,1,-1,0;3223,0,1,-1,2;3247,2,1,-1,1;3247,3,1,-1,1;3295,0,2,6,1;3295,2,1,-1,1;3342,1,1,-1,0;3366,1,1,-1,2;3390,1,1,-1,0;3438,0,1,-1,1;3438,3,1,-1,1;3461,1,1,-1,2;3485,2,1,-1,0;3509,3,1,-1,2;3533,1,1,-1,0;3557,0,1,-1,3;3557,2,1,-1,3;3604,1,1,-1,3;3604,3,1,-1,3;3628,2,1,-1,0;3652,0,1,-1,2;3664,1,1,-1,2;3676,0,1,-1,0;3699,3,1,-1,2;3711,1,1,-1,2;3723,3,1,-1,0;3747,0,1,-1,2;3759,2,1,-1,2;3771,0,1,-1,0;3795,3,1,-1,2;3818,3,1,-1,0;3842,2,1,-1,2;3866,3,1,-1,0;3890,0,1,-1,2;3914,2,1,-1,0;3938,1,1,-1,3;3938,3,1,-1,3;3985,0,1,-1,3;3985,1,1,-1,3;4009,2,1,-1,0;4033,3,1,-1,2;4045,1,1,-1,2;4057,3,1,-1,0;4080,0,1,-1,2;4092,1,1,-1,2;4104,0,1,-1,0;4128,3,1,-1,2;4140,2,1,-1,2;4152,3,1,-1,0;4176,0,1,-1,2;4199,0,2,7,0;4223,1,1,-1,2;4247,1,1,-1,0;4271,1,1,-1,2;4295,1,1,-1,0;4319,2,1,-1,3;4319,3,1,-1,3;4367,1,1,-1,3;4367,3,1,-1,3;4391,2,1,-1,0;4415,0,1,-1,2;4427,1,1,-1,2;4439,0,1,-1,0;4463,3,1,-1,2;4475,1,1,-1,2;4487,3,1,-1,0;4511,0,1,-1,2;4523,2,1,-1,2;4535,0,1,-1,0;4559,3,1,-1,2;4583,3,1,-1,0;4619,0,1,-1,2;4655,1,1,-1,2;4679,0,1,-1,0;4714,2,1,-1,2;4750,1,1,-1,2;4774,2,1,-1,0;4810,2,1,-1,2;4846,2,1,-1,2;4870,1,1,-1,0;4906,1,1,-1,2;4941,1,1,-1,2;4965,0,2,8,1;4965,3,2,9,1;5037,1,1,-1,2;5048,0,1,-1,2;5060,1,1,-1,0;5084,2,1,-1,2;5096,3,1,-1,2;5108,2,1,-1,0;5131,3,1,-1,2;5143,1,1,-1,2;5155,3,1,-1,0;5179,0,1,-1,2;5191,2,1,-1,2;5203,0,1,-1,0;5226,1,1,-1,2;5238,2,1,-1,2;5250,1,1,-1,0;5274,0,1,-1,2;5286,3,1,-1,2;5298,0,1,-1,0;5321,3,1,-1,2;5345,1,2,10,1;5345,2,2,11,1;5464,2,1,-1,2;5499,2,2,12,2;5535,1,2,13,0;5665,0,1,-1,3;5665,3,1,-1,3;5725,2,1,-1,0;5749,3,1,-1,2;5772,0,1,-1,0;5796,1,1,-1,2;5820,2,1,-1,0;5843,0,1,-1,3;5843,1,1,-1,3;5891,2,1,-1,2;5903,0,1,-1,2;5915,2,1,-1,0;5938,1,1,-1,2;5950,3,1,-1,2;5962,1,1,-1,0;5985,2,1,-1,2;5997,0,1,-1,2;6008,2,1,-1,0;6032,1,1,-1,2;6043,2,1,-1,2;6055,1,1,-1,0;6079,3,1,-1,2;6102,3,1,-1,0;6137,1,1,-1,2;6173,2,1,-1,2;6196,0,1,-1,0;6220,1,1,-1,2;6244,2,1,-1,0;6267,3,1,-1,2;6291,0,1,-1,0;6326,2,1,-1,2;6362,1,1,-1,2;6385,3,1,-1,0;6409,0,1,-1,2;6433,1,1,-1,0;6456,2,1,-1,2;6480,3,1,-1,0;6527,1,1,-1,1;6527,2,1,-1,1;6621,1,1,-1,0;6645,2,1,-1,2;6669,1,1,-1,1;6669,3,1,-1,1;6716,0,1,-1,1;6716,1,1,-1,1;6809,2,1,-1,0;6833,3,1,-1,2;6856,0,1,-1,1;6856,2,1,-1,1;6905,1,1,-1,1;6905,3,1,-1,1;7002,2,1,-1,0;7026,1,1,-1,2;7050,2,1,-1,1;7050,3,1,-1,1;7097,0,1,-1,1;7097,1,1,-1,1;7191,1,1,-1,0;7214,0,1,-1,2;7237,1,1,-1,1;7237,3,1,-1,1;7285,0,1,-1,1;7285,2,1,-1,1;7379,1,1,-1,0;7402,3,1,-1,2;7426,0,1,-1,1;7426,2,1,-1,1;7474,1,1,-1,1;7474,3,1,-1,1;7569,1,1,-1,0;7593,2,1,-1,2;7617,0,1,-1,1;7617,1,1,-1,1;7664,2,1,-1,1;7664,3,1,-1,1;7760,0,1,-1,0;7784,2,1,-1,2;7807,1,1,-1,1;7807,3,1,-1,1;7855,0,1,-1,1;7855,2,1,-1,1;7950,1,1,-1,0;7973,0,1,-1,2;7997,2,1,-1,1;7997,3,1,-1,1;8045,0,1,-1,1;8045,1,1,-1,1;8116,1,1,-1,2;8139,2,1,-1,0;8163,3,1,-1,2;8187,2,1,-1,0;8211,1,1,-1,2;8234,3,1,-1,0;8258,1,1,-1,2;8282,0,1,-1,0;8306,2,1,-1,2;8329,1,1,-1,0;8377,3,1,-1,0;8400,0,1,-1,2;8424,3,1,-1,0;8448,2,1,-1,2;8472,1,1,-1,0;8496,0,1,-1,2;8520,2,1,-1,1;8520,3,1,-1,1;8567,1,1,-1,1;8567,2,1,-1,1;8710,2,1,-1,0;8734,3,1,-1,2;8758,0,1,-1,1;8758,1,1,-1,1;8805,2,1,-1,1;8805,3,1,-1,1;8829,0,1,-1,2;8853,3,1,-1,0;8877,2,1,-1,2;8900,1,1,-1,0;8924,0,1,-1,2;8948,1,1,-1,0;8972,2,1,-1,2;8995,3,1,-1,0;9019,0,1,-1,2;9042,3,1,-1,0;9066,1,1,-1,2;9089,2,1,-1,0;9137,0,1,-1,0;9161,3,1,-1,2;9185,0,1,-1,0;9208,1,1,-1,2;9232,2,1,-1,0;9256,1,1,-1,2;9280,0,1,-1,0;9327,1,2,14,1;9327,2,2,15,1;9494,0,1,-1,2;9518,3,1,-1,0;9542,2,1,-1,2;9565,1,1,-1,0","h":"1,0,1532,1603;2,3,1603,1675;3,0,2152,2247;4,3,2533,2628;5,1,2914,3009;6,0,3295,3390;7,0,4199,4295;8,0,4965,5013;9,3,4965,5013;10,1,5345,5440;11,2,5345,5440;13,1,5535,5606;12,2,5499,5606;14,1,9327,9470;15,2,9327,9470"}