{"v":1,"fmt":"sldr-chart-v1","id":"the-reflex","d":"Medium","m":5,"du":96.61,"tr":196,"ch":12,"mx":2,"of":49,"sr":[0.358831,0.5,0.061224,0.009615,0.235577],"n":"767,2,1,-1,0;815,2,1,-1,0;863,0,1,-1,0;887,3,1,-1,2;911,0,1,-1,0;959,1,1,-1,0;1007,1,1,-1,0;1055,3,1,-1,0;1079,0,1,-1,2;1103,3,1,-1,0;1151,2,1,-1,0;1246,1,1,-1,0;1341,3,1,-1,0;1436,0,1,-1,0;1532,2,1,-1,0;1579,0,1,-1,0;1627,1,1,-1,0;1675,2,1,-1,0;1722,2,1,-1,0;1770,3,1,-1,0;1817,1,1,-1,0;1865,2,1,-1,0;1913,0,1,-1,0;2009,0,1,-1,0;2105,3,1,-1,0;2200,3,1,-1,0;2295,0,1,-1,0;2343,0,1,-1,0;2390,3,1,-1,0;2438,3,1,-1,0;2486,2,1,-1,0;2509,3,1,-1,2;2533,1,1,-1,0;2581,2,1,-1,0;2605,0,1,-1,2;2628,1,1,-1,0;2724,2,1,-1,0;2771,3,1,-1,0;2819,1,1,-1,0;2914,2,1,-1,0;2962,0,1,-1,0;3009,1,1,-1,0;3104,2,1,-1,0;3128,1,1,-1,2;3152,0,1,-1,0;3247,2,1,-1,0;3271,1,1,-1,2;3295,3,1,-1,0;3342,0,1,-1,0;3390,0,1,-1,0;3438,2,1,-1,0;3485,0,1,-1,0;3509,3,1,-1,2;3533,1,1,-1,0;3580,3,1,-1,0;3604,0,1,-1,2;3628,1,1,-1,0;3676,2,1,-1,0;3699,3,1,-1,2;3723,1,1,-1,0;3771,2,1,-1,0;3795,0,1,-1,2;3818,2,1,-1,0;3866,3,1,-1,0;3890,0,1,-1,2;3914,1,1,-1,0;3961,0,1,-1,0;3985,3,1,-1,2;4009,1,1,-1,0;4057,2,1,-1,0;4080,0,1,-1,2;4104,1,1,-1,0;4152,2,1,-1,0;4176,0,1,-1,2;4199,1,1,-1,0;4247,3,1,-1,0;4271,0,1,-1,2;4295,2,1,-1,0;4343,0,1,-1,0;4367,3,1,-1,2;4391,2,1,-1,0;4439,1,1,-1,0;4463,0,1,-1,2;4487,2,1,-1,0;4535,1,1,-1,0;4559,3,1,-1,2;4583,0,1,-1,0;4619,0,1,-1,2;4655,0,1,-1,2;4679,3,1,-1,0;4714,3,1,-1,2;4750,3,1,-1,2;4774,2,1,-1,0;4810,2,1,-1,2;4846,2,1,-1,2;4870,1,1,-1,0;4906,1,1,-1,2;4941,1,1,-1,2;4965,0,2,1,0;5037,2,1,-1,2;5060,1,1,-1,0;5108,3,1,-1,0;5155,1,1,-1,0;5250,2,1,-1,0;5345,3,2,2,0;5416,1,1,-1,2;5440,2,1,-1,0;5487,0,1,-1,0;5535,2,1,-1,0;5630,1,1,-1,0;5677,1,1,-1,0;5725,3,1,-1,0;5749,3,1,-1,2;5772,3,1,-1,0;5820,0,1,-1,0;5843,1,1,-1,2;5891,2,1,-1,2;5915,0,1,-1,1;5915,1,1,-1,1;5985,1,1,-1,3;5985,3,1,-1,3;6102,2,1,-1,0;6126,1,1,-1,2;6149,0,1,-1,0;6196,2,1,-1,0;6220,1,1,-1,2;6244,3,1,-1,0;6291,0,1,-1,0;6315,1,1,-1,2;6338,2,1,-1,0;6385,3,1,-1,0;6409,1,1,-1,2;6433,2,1,-1,0;6480,1,1,-1,1;6480,2,1,-1,1;6527,0,1,-1,1;6527,3,1,-1,1;6621,1,1,-1,0;6669,0,1,-1,1;6669,3,1,-1,1;6716,2,1,-1,0;6809,2,1,-1,0;6856,0,1,-1,1;6856,3,1,-1,1;6905,1,1,-1,0;7002,3,1,-1,0;7050,1,1,-1,1;7050,2,1,-1,1;7097,0,1,-1,0;7191,0,1,-1,0;7237,1,1,-1,1;7237,2,1,-1,1;7285,3,1,-1,0;7379,2,1,-1,0;7426,0,1,-1,1;7426,1,1,-1,1;7474,0,1,-1,0;7569,1,1,-1,0;7617,2,1,-1,1;7617,3,1,-1,1;7664,3,1,-1,0;7760,0,1,-1,0;7807,0,1,-1,1;7807,2,1,-1,1;7855,1,1,-1,0;7950,3,1,-1,0;7997,2,1,-1,0;8021,3,1,-1,2;8045,1,1,-1,0;8139,0,1,-1,0;8187,2,1,-1,0;8211,0,1,-1,2;8234,1,1,-1,0;8329,2,1,-1,0;8377,1,1,-1,0;8400,3,1,-1,2;8424,0,1,-1,0;8520,2,1,-1,0;8567,1,1,-1,0;8591,0,1,-1,2;8615,3,1,-1,0;8710,2,1,-1,0;8758,0,1,-1,0;8781,3,1,-1,2;8805,1,1,-1,0;8853,3,1,-1,0;8877,0,1,-1,2;8900,1,1,-1,0;8948,2,1,-1,0;8972,3,1,-1,2;8995,1,1,-1,0;9042,2,1,-1,0;9066,0,1,-1,2;9089,1,1,-1,0;9137,2,1,-1,0;9161,3,1,-1,2;9185,2,1,-1,0;9232,1,1,-1,0;9256,0,1,-1,2;9280,1,1,-1,0;9327,2,1,-1,0;9351,0,1,-1,2;9375,2,1,-1,0;9423,1,1,-1,0;9446,3,1,-1,2;9470,1,1,-1,0;9518,0,1,-1,1;9518,3,1,-1,1","h":"1,0,4965,5345;2,3,5345,5677"}