{"v":1,"fmt":"sldr-chart-v1","id":"rain-of-sorrow","d":"Hard","m":12,"du":97.28,"tr":315,"ch":28,"mx":2,"of":207,"sr":[0.587651,0.5,0.088889,0.014577,0.603499],"n":"857,2,1,-1,0;878,0,1,-1,2;900,1,1,-1,0;943,2,1,-1,1;943,3,1,-1,1;975,0,1,-1,3;975,1,1,-1,3;1028,2,1,-1,0;1050,3,1,-1,2;1071,1,1,-1,0;1093,2,1,-1,2;1200,1,1,-1,0;1221,3,1,-1,2;1243,2,1,-1,0;1286,0,1,-1,1;1286,1,1,-1,1;1318,2,1,-1,3;1318,3,1,-1,3;1371,1,1,-1,0;1393,0,1,-1,2;1414,2,1,-1,0;1436,1,1,-1,2;1478,1,1,-1,3;1478,3,1,-1,3;1511,0,1,-1,3;1511,2,1,-1,3;1543,3,1,-1,0;1586,2,1,-1,0;1607,1,1,-1,2;1650,0,1,-1,2;1682,0,1,-1,2;1736,1,1,-1,2;1778,2,1,-1,2;1821,3,1,-1,2;1843,0,1,-1,0;1864,2,1,-1,2;1886,0,1,-1,0;1928,1,1,-1,0;1950,2,1,-1,2;1993,3,1,-1,2;2036,0,1,-1,2;2078,2,1,-1,2;2111,1,1,-1,2;2143,3,1,-1,0;2175,1,1,-1,2;2207,2,1,-1,2;2228,3,1,-1,0;2271,0,1,-1,0;2293,2,1,-1,2;2335,1,1,-1,2;2368,1,1,-1,2;2410,3,1,-1,2;2432,2,1,-1,2;2464,1,1,-1,2;2507,2,1,-1,2;2528,3,1,-1,0;2550,2,1,-1,2;2571,1,1,-1,0;2614,0,1,-1,0;2635,2,1,-1,2;2678,1,1,-1,2;2721,3,1,-1,2;2764,2,1,-1,2;2785,2,1,-1,0;2828,1,1,-1,0;2860,0,1,-1,3;2860,2,1,-1,3;2893,0,1,-1,3;2893,1,1,-1,3;2914,2,1,-1,1;2914,3,1,-1,1;2946,0,1,-1,3;2946,3,1,-1,3;2978,0,1,-1,3;2978,1,1,-1,3;3010,1,1,-1,3;3010,2,1,-1,3;3043,0,1,-1,0;3064,0,1,-1,2;3085,2,1,-1,1;3085,3,1,-1,1;3118,1,1,-1,3;3118,2,1,-1,3;3150,0,1,-1,3;3150,1,1,-1,3;3182,0,1,-1,3;3182,3,1,-1,3;3214,1,1,-1,0;3235,1,1,-1,2;3257,2,1,-1,0;3278,3,1,-1,2;3300,2,1,-1,0;3343,1,1,-1,0;3364,0,1,-1,2;3385,1,1,-1,0;3407,2,1,-1,2;3450,1,1,-1,3;3450,3,1,-1,3;3482,0,1,-1,3;3482,2,1,-1,3;3514,0,1,-1,1;3514,1,1,-1,1;3546,1,1,-1,3;3546,3,1,-1,3;3578,2,1,-1,3;3578,3,1,-1,3;3600,1,1,-1,0;3632,2,1,-1,2;3643,0,1,-1,0;3664,3,1,-1,2;3707,1,1,-1,2;3728,1,1,-1,0;3750,1,1,-1,2;3771,2,1,-1,0;3803,0,1,-1,2;3814,1,1,-1,0;3835,2,1,-1,2;3878,3,1,-1,2;3900,3,1,-1,0;3921,0,1,-1,2;3943,2,1,-1,0;3985,0,1,-1,0;4007,1,1,-1,2;4071,1,1,-1,0;4093,3,1,-1,2;4135,2,1,-1,2;4178,3,1,-1,2;4221,1,1,-1,2;4264,2,1,-1,2;4285,0,1,-1,1;4285,1,1,-1,1;4371,0,1,-1,1;4371,3,1,-1,1;4457,1,1,-1,1;4457,3,1,-1,1;4543,1,1,-1,1;4543,2,1,-1,1;4607,0,1,-1,2;4628,2,1,-1,0;4650,1,1,-1,2;4671,3,1,-1,0;4714,2,1,-1,0;4735,1,1,-1,2;4757,0,1,-1,0;4800,2,1,-1,0;4821,3,1,-1,2;4842,0,1,-1,0;4885,1,1,-1,0;4907,2,1,-1,2;4928,0,1,-1,0;4950,3,1,-1,2;4971,0,1,-1,0;4992,2,1,-1,2;5014,1,1,-1,0;5035,2,1,-1,2;5057,0,1,-1,0;5067,1,1,-1,2;5089,2,1,-1,2;5100,3,1,-1,0;5121,1,1,-1,2;5142,3,1,-1,0;5164,2,1,-1,2;5185,1,1,-1,0;5207,0,1,-1,2;5228,2,1,-1,0;5239,1,1,-1,2;5260,3,1,-1,2;5271,2,1,-1,0;5292,1,1,-1,2;5314,3,1,-1,0;5335,0,1,-1,2;5357,2,1,-1,0;5378,1,1,-1,2;5400,3,1,-1,0;5442,0,1,-1,0;5464,2,1,-1,2;5496,1,1,-1,2;5528,2,1,-1,0;5539,0,1,-1,2;5582,3,1,-1,2;5592,2,1,-1,2;5614,1,1,-1,0;5635,1,1,-1,2;5657,0,1,-1,0;5678,1,1,-1,2;5700,2,1,-1,0;5721,3,1,-1,2;5742,1,1,-1,0;5753,2,1,-1,2;5785,0,1,-1,0;5807,1,1,-1,2;5828,2,1,-1,0;5850,3,1,-1,2;5871,1,1,-1,0;5892,2,1,-1,2;5914,0,1,-1,0;5925,1,1,-1,2;5935,0,1,-1,2;5957,3,1,-1,0;5978,1,1,-1,2;6000,2,1,-1,0;6021,1,1,-1,2;6042,3,1,-1,0;6064,0,1,-1,2;6085,1,1,-1,0;6128,2,1,-1,0;6150,3,1,-1,2;6182,1,1,-1,2;6214,2,1,-1,0;6246,1,1,-1,2;6278,3,1,-1,2;6300,0,1,-1,0;6321,1,1,-1,2;6342,2,1,-1,0;6375,3,1,-1,2;6407,1,2,1,2;6450,2,1,-1,2;6482,2,1,-1,2;6514,0,1,-1,0;6535,1,1,-1,2;6557,2,1,-1,0;6578,3,1,-1,2;6600,1,1,-1,0;6632,2,1,-1,2;6664,0,1,-1,2;6707,1,2,2,2;6835,2,1,-1,2;6846,3,2,3,2;6921,1,1,-1,2;6964,2,1,-1,2;6985,0,1,-1,0;7007,1,1,-1,2;7028,2,1,-1,0;7039,1,1,-1,2;7060,3,1,-1,2;7071,1,1,-1,0;7092,2,1,-1,2;7114,0,1,-1,0;7135,1,1,-1,2;7178,2,1,-1,2;7200,3,1,-1,0;7210,0,1,-1,2;7232,1,1,-1,2;7242,2,1,-1,0;7264,3,1,-1,2;7285,0,1,-1,0;7317,1,1,-1,2;7349,2,1,-1,2;7392,0,1,-1,2;7424,1,1,-1,2;7457,2,1,-1,0;7489,3,1,-1,2;7521,1,1,-1,2;7542,2,1,-1,0;7564,0,1,-1,2;7585,3,1,-1,0;7607,1,1,-1,2;7628,2,1,-1,0;7649,0,1,-1,2;7671,1,1,-1,0;7692,2,1,-1,2;7714,3,1,-1,0;7724,1,1,-1,2;7735,3,1,-1,2;7757,0,1,-1,0;7778,0,1,-1,2;7810,2,1,-1,2;7821,1,1,-1,2;7842,3,1,-1,0;7864,3,1,-1,2;7885,0,1,-1,0;7907,1,1,-1,2;7928,2,1,-1,0;7949,3,1,-1,2;7971,1,1,-1,0;7982,2,1,-1,2;7992,1,1,-1,2;8014,3,1,-1,0;8035,3,1,-1,2;8057,0,1,-1,0;8067,1,1,-1,2;8078,0,1,-1,2;8099,2,1,-1,0;8121,2,1,-1,2;8142,1,1,-1,0;8153,3,1,-1,2;8164,1,1,-1,2;8185,3,1,-1,0;8207,3,1,-1,2;8249,0,1,-1,2;8282,3,1,-1,2;8303,1,1,-1,2;8324,2,1,-1,2;8335,0,1,-1,2;8357,1,1,-1,0;8378,1,1,-1,2;8399,2,1,-1,0;8410,0,1,-1,2;8421,2,1,-1,2;8442,1,1,-1,0;8464,1,1,-1,2;8485,3,1,-1,0;8496,1,1,-1,2;8528,2,1,-1,0;8549,2,1,-1,2;8571,0,1,-1,0;8582,3,1,-1,2;8592,0,1,-1,2;8614,1,1,-1,0;8635,1,1,-1,2;8657,2,1,-1,0;8667,3,1,-1,2;8699,1,1,-1,0;8721,1,1,-1,2;8742,2,1,-1,0;8764,3,1,-1,2;8785,1,1,-1,0;8807,2,1,-1,2;8817,0,1,-1,2;8839,3,1,-1,2;8849,1,1,-1,2;8871,2,1,-1,0;8892,2,1,-1,2;8914,0,1,-1,0;8924,1,1,-1,2;8935,0,1,-1,2;8957,3,1,-1,0;8989,1,1,-1,2;8999,2,1,-1,0;9021,0,1,-1,2;9053,3,1,-1,2;9085,0,1,-1,0;9096,1,1,-1,2;9117,2,1,-1,3;9117,3,1,-1,3;9149,3,1,-1,2;9160,1,1,-1,2;9182,0,1,-1,3;9182,2,1,-1,3;9214,0,1,-1,0;9235,1,1,-1,2;9257,0,2,4,1;9257,3,2,5,1","h":"1,1,6407,6471;2,1,6707,6814;3,3,6846,6900;4,0,9257,9471;5,3,9257,9471"}