{"v":1,"fmt":"sldr-chart-v1","id":"rain-of-sorrow","d":"Medium","m":9,"du":95.57,"tr":210,"ch":4,"mx":2,"of":108,"sr":[0.373199,0.5,0.019048,0.294393,0.504673],"n":"857,2,1,-1,0;900,3,1,-1,0;943,1,1,-1,0;986,2,1,-1,0;1028,0,1,-1,0;1071,3,1,-1,0;1093,1,2,1,2;1200,2,1,-1,0;1243,0,1,-1,0;1286,1,1,-1,0;1328,2,1,-1,0;1371,3,1,-1,0;1414,0,1,-1,0;1436,1,2,2,2;1543,2,1,-1,0;1586,3,1,-1,0;1607,1,2,3,2;1778,2,2,4,2;1821,0,1,-1,2;1843,3,1,-1,0;1864,1,1,-1,2;1886,3,2,5,0;1928,0,1,-1,0;1950,1,2,6,2;1993,2,2,7,2;2036,3,2,8,2;2164,0,1,-1,2;2186,1,1,-1,0;2207,2,1,-1,2;2228,3,2,9,0;2271,0,1,-1,0;2293,1,2,10,2;2464,2,2,11,2;2507,3,1,-1,2;2528,1,1,-1,0;2550,2,1,-1,2;2571,0,2,12,0;2614,1,1,-1,0;2635,2,2,13,2;2678,3,2,14,2;2721,1,2,15,2;2871,2,1,-1,0;2893,1,1,-1,2;2914,3,1,-1,0;2935,0,1,-1,2;2957,1,1,-1,0;2978,2,2,16,2;3043,3,1,-1,0;3064,1,1,-1,2;3085,2,1,-1,0;3107,0,1,-1,2;3128,1,1,-1,0;3150,2,2,17,2;3214,3,1,-1,0;3235,1,1,-1,2;3257,2,2,18,0;3300,0,2,19,0;3343,1,1,-1,0;3364,2,1,-1,2;3385,3,1,-1,0;3407,1,2,20,2;3557,2,1,-1,0;3578,0,1,-1,2;3600,1,1,-1,0;3632,2,1,-1,2;3643,3,1,-1,0;3664,1,2,21,2;3728,2,1,-1,0;3750,0,1,-1,2;3771,1,1,-1,0;3803,2,1,-1,2;3814,3,1,-1,0;3835,0,2,22,2;3900,2,1,-1,0;3921,1,1,-1,2;3943,3,2,23,0;3985,0,1,-1,0;4007,0,2,24,2;4071,1,1,-1,0;4093,2,2,25,2;4135,3,2,26,2;4178,1,2,27,2;4221,2,2,28,2;4264,0,1,-1,2;4285,0,2,29,0;4328,1,2,30,0;4607,2,1,-1,2;4628,2,2,31,0;4950,3,2,32,2;4992,1,1,-1,2;5014,2,1,-1,0;5035,0,1,-1,2;5057,1,2,33,0;5121,2,2,34,2;5164,3,1,-1,2;5185,1,1,-1,0;5207,2,1,-1,2;5228,0,1,-1,0;5250,1,1,-1,2;5271,2,1,-1,0;5292,3,2,35,2;5335,1,1,-1,2;5357,2,1,-1,0;5378,0,1,-1,2;5400,1,2,36,0;5442,2,1,-1,0;5464,3,2,37,2;5592,1,1,-1,2;5614,2,1,-1,0;5635,0,2,38,2;5678,1,1,-1,2;5700,2,1,-1,0;5721,3,1,-1,2;5742,1,1,-1,0;5785,2,1,-1,0;5807,0,2,39,2;5850,1,1,-1,2;5871,2,1,-1,0;5892,3,1,-1,2;5914,1,1,-1,0;5935,2,1,-1,2;5957,0,1,-1,0;5978,1,2,40,2;6021,2,1,-1,2;6042,1,1,-1,0;6064,0,1,-1,2;6085,3,2,41,0;6128,2,2,42,0;6171,1,2,43,0;6342,0,1,-1,0;6375,2,1,-1,2;6407,1,2,44,2;6514,2,1,-1,0;6535,0,1,-1,2;6557,3,1,-1,0;6578,1,1,-1,2;6600,3,1,-1,0;6632,1,1,-1,2;6664,2,2,45,2;6707,0,2,46,2;6835,3,2,47,2;6921,1,2,48,2;6964,2,1,-1,2;6985,0,1,-1,0;7007,1,1,-1,2;7028,2,1,-1,0;7060,3,1,-1,2;7092,0,1,-1,2;7114,1,2,49,0;7178,2,1,-1,2;7200,2,1,-1,0;7232,3,1,-1,2;7264,1,1,-1,2;7285,2,1,-1,0;7317,0,1,-1,2;7349,1,2,50,2;7392,0,1,-1,2;7424,0,1,-1,2;7457,0,1,-1,0;7489,0,1,-1,2;7521,0,1,-1,2;7542,2,1,-1,1;7542,3,1,-1,1;7585,0,1,-1,1;7585,1,1,-1,1;7628,0,1,-1,1;7628,3,1,-1,1;7692,1,2,51,2;7735,2,1,-1,2;7757,0,1,-1,0;7778,1,1,-1,2;7799,2,2,52,0;7842,3,1,-1,0;7864,1,2,53,2;7907,2,1,-1,2;7928,0,1,-1,0;7949,1,1,-1,2;7971,2,1,-1,0;8014,3,1,-1,0;8035,1,2,54,2;8078,2,1,-1,2;8099,0,1,-1,0;8121,1,1,-1,2;8142,2,2,55,0;8185,3,1,-1,0;8207,1,2,56,2;8335,2,1,-1,2;8357,0,1,-1,0;8378,1,2,57,2;8421,2,1,-1,2;8442,3,1,-1,0;8464,1,1,-1,2;8485,2,1,-1,0;8528,0,1,-1,0;8549,1,2,58,2;8592,2,1,-1,2;8614,3,1,-1,0;8635,1,1,-1,2;8657,2,1,-1,0;8678,0,1,-1,2;8699,1,1,-1,0;8721,2,1,-1,2;8742,3,1,-1,0;8764,0,1,-1,2;8785,1,1,-1,0;8807,2,2,59,2;8849,3,1,-1,2;8871,1,1,-1,0;8892,2,1,-1,2;8914,0,2,60,0;8957,1,2,61,0;9042,2,1,-1,0;9085,0,2,62,1;9085,3,2,63,1","h":"1,1,1093,1157;2,1,1436,1500;3,1,1607,1671;4,2,1778,1821;5,3,1886,1928;6,1,1950,1993;7,2,1993,2036;8,3,2036,2121;9,3,2228,2271;10,1,2293,2378;11,2,2464,2507;12,0,2571,2614;13,2,2635,2678;14,3,2678,2721;15,1,2721,2807;16,2,2978,3021;17,2,3150,3193;18,2,3257,3300;19,0,3300,3343;20,1,3407,3493;21,1,3664,3707;22,0,3835,3878;23,3,3943,3985;24,0,4007,4050;25,2,4093,4135;26,3,4135,4178;27,1,4178,4221;28,2,4221,4264;29,0,4285,4328;30,1,4328,4585;31,2,4628,4928;32,3,4950,4992;33,1,5057,5100;34,2,5121,5164;35,3,5292,5335;36,1,5400,5442;37,3,5464,5550;38,0,5635,5678;39,0,5807,5850;40,1,5978,6021;41,3,6085,6128;42,2,6128,6171;43,1,6171,6257;44,1,6407,6471;45,2,6664,6707;46,0,6707,6792;47,3,6835,6921;48,1,6921,6964;49,1,7114,7157;50,1,7349,7521;51,1,7692,7735;52,2,7799,7842;53,1,7864,7907;54,1,8035,8078;55,2,8142,8185;56,1,8207,8292;57,1,8378,8421;58,1,8549,8592;59,2,8807,8849;60,0,8914,8999;61,1,8957,8999;62,0,9085,9257;63,3,9085,9257"}