{"v":1,"fmt":"sldr-chart-v1","id":"fantasy","d":"Hard","m":6,"du":80.17,"tr":218,"ch":35,"mx":2,"of":150,"sr":[0.525966,0.5,0.16055,0.043478,0.592885],"n":"795,1,1,-1,2;838,2,1,-1,2;860,0,1,-1,1;860,3,1,-1,1;881,1,1,-1,2;924,2,1,-1,2;945,0,1,-1,0;967,1,1,-1,2;1010,0,1,-1,3;1010,3,1,-1,3;1031,1,1,-1,0;1053,2,1,-1,2;1095,0,1,-1,2;1117,1,1,-1,0;1138,1,1,-1,3;1138,3,1,-1,3;1181,1,1,-1,3;1181,2,1,-1,3;1203,2,1,-1,0;1224,3,1,-1,2;1267,0,1,-1,3;1267,3,1,-1,3;1288,1,1,-1,0;1310,2,1,-1,2;1353,0,1,-1,3;1353,1,1,-1,3;1374,2,1,-1,0;1395,3,1,-1,2;1438,0,1,-1,2;1460,2,1,-1,0;1481,1,1,-1,2;1524,1,1,-1,3;1524,3,1,-1,3;1545,0,1,-1,0;1567,1,1,-1,2;1610,1,1,-1,3;1610,2,1,-1,3;1631,1,1,-1,0;1653,0,1,-1,2;1695,3,1,-1,2;1717,1,1,-1,0;1738,1,1,-1,3;1738,3,1,-1,3;1781,0,1,-1,2;1803,3,1,-1,0;1824,1,1,-1,3;1824,2,1,-1,3;1867,2,1,-1,2;1888,0,1,-1,0;1910,0,1,-1,3;1910,3,1,-1,3;1953,1,1,-1,3;1953,3,1,-1,3;1974,0,1,-1,0;1995,1,1,-1,2;2038,2,1,-1,2;2060,0,1,-1,0;2081,3,1,-1,2;2231,0,1,-1,1;2231,3,1,-1,1;2274,2,1,-1,0;2317,0,1,-1,0;2338,3,1,-1,2;2360,0,1,-1,0;2403,2,1,-1,0;2424,0,1,-1,2;2467,1,1,-1,3;2467,3,1,-1,3;2510,2,1,-1,3;2510,3,1,-1,3;2553,0,1,-1,3;2553,3,1,-1,3;2595,0,1,-1,2;2617,1,1,-1,0;2638,2,1,-1,2;2681,0,1,-1,2;2703,3,1,-1,0;2724,1,1,-1,2;2745,2,1,-1,0;2767,1,1,-1,2;2810,0,1,-1,2;2853,3,1,-1,2;2895,0,1,-1,2;2938,2,1,-1,2;2960,3,1,-1,0;2981,0,1,-1,2;3003,1,1,-1,0;3024,2,1,-1,2;3045,3,1,-1,0;3067,1,1,-1,2;3088,0,1,-1,0;3110,2,1,-1,2;3153,1,1,-1,3;3153,2,1,-1,3;3195,0,1,-1,2;3217,3,1,-1,0;3238,1,1,-1,2;3281,2,1,-1,2;3303,1,1,-1,0;3324,3,1,-1,2;3367,3,1,-1,2;3388,2,1,-1,0;3410,0,1,-1,2;3453,1,1,-1,3;3453,3,1,-1,3;3495,0,1,-1,3;3495,2,1,-1,3;3538,1,1,-1,3;3538,3,1,-1,3;3603,0,2,1,0;3645,2,1,-1,0;3667,1,1,-1,2;3688,3,2,2,0;3753,2,1,-1,2;3774,3,1,-1,0;3795,0,1,-1,2;3817,1,1,-1,0;3838,0,1,-1,2;3881,2,1,-1,2;3903,0,1,-1,0;3924,1,1,-1,2;3967,2,1,-1,2;3988,3,1,-1,0;4010,1,1,-1,2;4053,0,1,-1,3;4053,2,1,-1,3;4095,1,1,-1,3;4095,3,1,-1,3;4138,0,1,-1,3;4138,3,1,-1,3;4181,2,1,-1,2;4203,1,1,-1,0;4224,3,1,-1,2;4267,0,1,-1,2;4288,1,2,3,0;4331,3,1,-1,0;4374,0,1,-1,0;4417,3,1,-1,0;4460,2,1,-1,0;4470,3,1,-1,2;4503,0,1,-1,0;4524,1,1,-1,2;4545,2,1,-1,0;4556,3,1,-1,2;4588,0,1,-1,0;4610,1,1,-1,2;4631,0,1,-1,0;4663,3,1,-1,2;4695,2,1,-1,2;4717,1,1,-1,0;4749,0,1,-1,2;4781,3,1,-1,2;4803,2,1,-1,0;4835,1,1,-1,2;4867,2,1,-1,2;4888,3,1,-1,0;4910,1,1,-1,2;4931,0,1,-1,0;4953,1,1,-1,2;4974,2,1,-1,1;4974,3,1,-1,1;5017,0,1,-1,1;5017,1,1,-1,1;5060,1,2,4,1;5060,3,2,5,1;5188,2,1,-1,0;5210,0,1,-1,2;5231,3,1,-1,0;5253,1,1,-1,2;5274,2,1,-1,0;5295,0,1,-1,2;5317,1,2,6,0;5360,3,1,-1,0;5403,0,1,-1,0;5445,3,1,-1,0;5488,0,1,-1,0;5520,3,1,-1,2;5553,1,1,-1,2;5574,2,1,-1,0;5606,0,1,-1,2;5638,3,1,-1,2;5660,1,1,-1,1;5660,2,1,-1,1;5703,0,1,-1,1;5703,3,1,-1,1;5745,0,2,7,1;5745,1,2,8,1;5874,1,1,-1,0;5895,1,1,-1,2;5917,2,1,-1,0;5960,3,1,-1,0;5981,0,1,-1,2;6003,1,2,9,0;6045,3,1,-1,0;6088,0,1,-1,0;6131,3,1,-1,0;6281,0,1,-1,3;6281,3,1,-1,3;6324,1,1,-1,2;6345,2,1,-1,0;6378,0,1,-1,2;6410,1,1,-1,2;6431,3,1,-1,0;6463,2,1,-1,2;6495,0,1,-1,2;6517,3,1,-1,0;6549,2,1,-1,2;6581,1,1,-1,2;6603,0,1,-1,0;6635,2,1,-1,2;6667,3,1,-1,2;6688,1,1,-1,0;6720,0,1,-1,2;6753,2,1,-1,2;6774,1,1,-1,0;6806,3,1,-1,2;6838,0,1,-1,2;6860,1,1,-1,1;6860,2,1,-1,1;6892,0,1,-1,2;6924,3,1,-1,2;6945,0,1,-1,0;6978,1,1,-1,2;7010,2,1,-1,2;7031,1,1,-1,1;7031,3,1,-1,1;7063,0,1,-1,2;7095,2,1,-1,2;7117,1,1,-1,0;7149,0,1,-1,2;7181,2,1,-1,2;7203,3,1,-1,0;7235,0,1,-1,2;7267,1,1,-1,2;7288,1,1,-1,1;7288,2,1,-1,1;7320,3,1,-1,2;7353,2,1,-1,2;7374,3,1,-1,0;7406,0,1,-1,2;7438,3,1,-1,2;7460,2,1,-1,0;7492,0,1,-1,2;7524,1,1,-1,2;7545,0,1,-1,1;7545,3,1,-1,1;7578,1,1,-1,2;7610,2,1,-1,2;7631,0,1,-1,0;7663,1,1,-1,2;7695,2,1,-1,2;7717,0,2,10,1;7717,3,2,11,1","h":"1,0,3603,3645;2,3,3688,3731;3,1,4288,4417;4,1,5060,5145;5,3,5060,5145;6,1,5317,5445;7,0,5745,5831;8,1,5745,5831;9,1,6003,6131;10,0,7717,7845;11,3,7717,7845"}