{"v":1,"fmt":"sldr-chart-v1","id":"fantasy","d":"Medium","m":5,"du":80.17,"tr":189,"ch":17,"mx":2,"of":59,"sr":[0.428257,0.5,0.089947,0.07767,0.286408],"n":"860,0,1,-1,0;881,1,1,-1,2;924,2,1,-1,2;945,3,1,-1,0;967,1,1,-1,2;1010,2,1,-1,2;1031,0,1,-1,0;1053,3,1,-1,2;1095,0,1,-1,2;1117,1,1,-1,0;1138,2,1,-1,2;1181,1,1,-1,2;1203,2,1,-1,0;1224,3,1,-1,2;1267,0,1,-1,2;1288,1,1,-1,0;1310,3,1,-1,2;1353,1,1,-1,2;1374,2,1,-1,0;1395,3,1,-1,2;1438,0,1,-1,2;1460,2,1,-1,0;1481,1,1,-1,2;1524,3,1,-1,2;1545,0,1,-1,0;1567,1,1,-1,2;1610,2,1,-1,2;1631,1,1,-1,0;1653,0,1,-1,2;1695,3,1,-1,2;1717,1,1,-1,0;1738,2,1,-1,2;1781,0,1,-1,2;1803,3,1,-1,0;1824,1,1,-1,2;1867,2,1,-1,2;1888,0,1,-1,0;1910,1,1,-1,2;1953,2,1,-1,2;1974,3,1,-1,0;1995,1,1,-1,2;2038,2,1,-1,2;2060,0,1,-1,0;2081,3,1,-1,2;2231,0,1,-1,1;2231,3,1,-1,1;2274,1,1,-1,0;2317,2,1,-1,0;2338,0,1,-1,2;2360,1,1,-1,0;2403,0,1,-1,0;2424,3,1,-1,2;2445,1,1,-1,0;2488,0,1,-1,1;2488,3,1,-1,1;2531,1,1,-1,1;2531,3,1,-1,1;2574,2,1,-1,0;2595,0,1,-1,2;2617,1,1,-1,0;2660,2,1,-1,0;2681,0,1,-1,2;2703,1,1,-1,0;2745,3,1,-1,0;2788,1,1,-1,0;2831,0,1,-1,1;2831,3,1,-1,1;2874,1,1,-1,1;2874,3,1,-1,1;2917,0,1,-1,0;2960,1,1,-1,0;3003,3,1,-1,0;3045,1,1,-1,0;3088,2,1,-1,0;3110,0,1,-1,2;3131,1,1,-1,0;3174,2,1,-1,0;3217,1,1,-1,1;3217,3,1,-1,1;3260,2,1,-1,0;3281,0,1,-1,2;3303,3,1,-1,0;3345,2,1,-1,0;3367,1,1,-1,2;3388,0,1,-1,0;3431,0,1,-1,0;3474,3,1,-1,0;3517,0,1,-1,0;3538,3,1,-1,2;3560,1,1,-1,0;3603,0,2,1,0;3645,1,1,-1,0;3688,3,2,2,0;3731,1,1,-1,0;3774,0,2,3,0;3817,1,1,-1,0;3860,3,2,4,0;3903,1,1,-1,0;3945,2,1,-1,0;3967,0,1,-1,2;3988,1,1,-1,0;4031,2,1,-1,0;4053,3,1,-1,2;4074,1,1,-1,0;4117,0,1,-1,1;4117,3,1,-1,1;4160,0,1,-1,1;4160,1,1,-1,1;4203,2,1,-1,0;4245,3,1,-1,0;4288,0,2,5,1;4288,3,2,6,1;4460,2,1,-1,0;4503,2,1,-1,0;4545,1,1,-1,0;4588,1,1,-1,0;4631,0,1,-1,0;4653,1,1,-1,2;4674,0,1,-1,0;4717,3,1,-1,0;4738,1,1,-1,2;4760,3,1,-1,0;4803,0,1,-1,0;4824,1,1,-1,2;4845,0,1,-1,0;4867,1,1,-1,2;4888,0,1,-1,0;4910,1,1,-1,2;4931,0,1,-1,0;4974,2,1,-1,1;4974,3,1,-1,1;5017,0,1,-1,1;5017,1,1,-1,1;5060,1,2,7,1;5060,3,2,8,1;5231,0,1,-1,0;5274,3,1,-1,0;5317,0,1,-1,0;5360,1,1,-1,0;5403,3,1,-1,0;5445,1,1,-1,0;5488,2,1,-1,0;5510,0,1,-1,2;5531,2,1,-1,0;5574,3,1,-1,0;5595,1,1,-1,2;5617,3,1,-1,0;5660,1,1,-1,1;5660,2,1,-1,1;5703,0,1,-1,1;5703,3,1,-1,1;5745,0,2,9,1;5745,1,2,10,1;6003,0,1,-1,0;6024,2,1,-1,2;6045,1,1,-1,0;6088,3,1,-1,0;6110,2,1,-1,2;6131,1,1,-1,0;6174,0,1,-1,0;6195,1,1,-1,2;6217,0,1,-1,0;6260,3,1,-1,0;6303,1,1,-1,0;6345,0,2,11,1;6345,3,2,12,1;6517,2,1,-1,0;6538,0,1,-1,2;6560,1,1,-1,0;6603,2,1,-1,0;6624,3,1,-1,2;6645,1,1,-1,0;6688,0,2,13,0;6731,1,1,-1,0;6774,3,2,14,0;6817,1,1,-1,0;6860,0,1,-1,0;6881,1,1,-1,2;6903,2,1,-1,0;6945,3,1,-1,0;6988,1,1,-1,0;7031,0,2,15,0;7074,1,1,-1,0;7117,3,2,16,0;7160,1,1,-1,0;7203,2,1,-1,0;7224,0,1,-1,2;7245,1,1,-1,0;7288,2,1,-1,0;7310,3,1,-1,2;7331,1,1,-1,0;7374,0,1,-1,0;7395,1,1,-1,2;7417,0,1,-1,0;7460,3,1,-1,0;7481,1,1,-1,2;7503,3,1,-1,0;7545,0,1,-1,0;7567,1,1,-1,2;7588,0,1,-1,0;7610,1,1,-1,2;7631,0,1,-1,0;7653,1,1,-1,2;7674,0,1,-1,0;7717,1,1,-1,1;7717,3,1,-1,1","h":"1,0,3603,3645;2,3,3688,3731;3,0,3774,3817;4,3,3860,3903;5,0,4288,4417;6,3,4288,4417;7,1,5060,5188;8,3,5060,5188;9,0,5745,5960;10,1,5745,5960;11,0,6345,6474;12,3,6345,6474;13,0,6688,6731;14,3,6774,6817;15,0,7031,7074;16,3,7117,7160"}