{"v":1,"fmt":"sldr-chart-v1","id":"dive-to-the-night","d":"Hard","m":11,"du":94.26,"tr":341,"ch":50,"mx":2,"of":186,"sr":[0.69135,0.5,0.146628,0.002558,0.475703],"n":"465,0,1,-1,1;465,3,1,-1,1;503,0,1,-1,1;503,3,1,-1,1;542,1,1,-1,1;542,2,1,-1,1;581,1,1,-1,1;581,2,1,-1,1;600,3,1,-1,2;639,0,1,-1,2;658,1,1,-1,0;677,2,1,-1,2;716,2,1,-1,3;716,3,1,-1,3;735,0,1,-1,1;735,3,1,-1,1;774,0,1,-1,1;774,3,1,-1,1;813,1,1,-1,1;813,2,1,-1,1;852,3,1,-1,0;871,0,1,-1,2;890,1,1,-1,0;910,2,1,-1,2;929,3,1,-1,0;968,0,1,-1,0;1006,3,1,-1,0;1026,0,1,-1,2;1045,1,1,-1,0;1065,2,1,-1,2;1103,1,1,-1,2;1142,2,1,-1,2;1181,1,1,-1,2;1200,0,1,-1,0;1219,1,1,-1,2;1239,2,1,-1,0;1258,3,1,-1,2;1277,1,1,-1,0;1297,3,1,-1,2;1316,0,1,-1,0;1335,3,1,-1,2;1355,0,1,-1,0;1374,1,1,-1,2;1394,2,1,-1,0;1432,3,1,-1,0;1452,0,1,-1,2;1471,1,1,-1,0;1490,2,1,-1,2;1510,3,1,-1,0;1529,1,1,-1,2;1568,1,1,-1,2;1606,2,1,-1,2;1645,2,1,-1,2;1665,0,1,-1,0;1684,1,1,-1,2;1703,3,1,-1,0;1723,1,1,-1,2;1742,0,1,-1,0;1761,2,1,-1,2;1781,3,1,-1,0;1800,2,1,-1,2;1819,0,1,-1,0;1839,1,1,-1,2;1877,2,1,-1,2;1916,0,1,-1,3;1916,3,1,-1,3;1935,3,1,-1,0;1955,0,1,-1,2;1974,3,1,-1,0;1994,1,1,-1,2;2032,3,1,-1,2;2052,0,1,-1,0;2071,1,1,-1,2;2090,2,1,-1,0;2110,3,1,-1,2;2129,0,1,-1,0;2148,1,1,-1,2;2187,0,1,-1,2;2206,3,1,-1,0;2226,2,1,-1,2;2245,1,1,-1,0;2265,0,1,-1,2;2284,3,1,-1,0;2303,1,1,-1,2;2342,1,1,-1,2;2361,2,1,-1,0;2381,1,1,-1,2;2400,3,1,-1,0;2419,0,1,-1,2;2439,3,1,-1,0;2458,0,1,-1,2;2497,0,1,-1,3;2497,3,1,-1,3;2535,0,1,-1,3;2535,3,1,-1,3;2555,1,1,-1,0;2594,1,1,-1,0;2632,2,1,-1,0;2652,0,1,-1,2;2671,1,1,-1,0;2690,2,1,-1,2;2710,3,1,-1,0;2729,1,1,-1,2;2748,2,1,-1,0;2768,0,1,-1,2;2806,0,1,-1,2;2826,1,1,-1,0;2845,2,1,-1,2;2865,3,1,-1,0;2884,0,1,-1,2;2903,1,1,-1,0;2923,2,1,-1,2;2961,2,1,-1,2;2981,3,1,-1,0;3000,2,1,-1,2;3019,3,1,-1,0;3039,1,1,-1,2;3058,2,1,-1,0;3077,0,1,-1,2;3116,0,1,-1,3;3116,3,1,-1,3;3155,0,1,-1,3;3155,3,1,-1,3;3194,0,1,-1,3;3194,3,1,-1,3;3213,1,1,-1,0;3252,2,1,-1,0;3290,3,1,-1,0;3310,0,1,-1,2;3329,3,1,-1,0;3348,2,1,-1,2;3368,3,1,-1,0;3387,0,1,-1,2;3406,2,1,-1,0;3445,0,1,-1,0;3465,3,1,-1,2;3503,0,1,-1,2;3523,2,1,-1,0;3542,1,1,-1,2;3561,3,1,-1,0;3600,0,1,-1,0;3619,3,1,-1,2;3639,1,1,-1,0;3658,3,1,-1,2;3677,0,1,-1,0;3697,3,1,-1,2;3735,2,1,-1,2;3755,1,1,-1,0;3774,2,1,-1,2;3813,1,1,-1,2;3832,1,1,-1,1;3832,2,1,-1,1;3871,0,1,-1,1;3871,3,1,-1,1;3910,0,1,-1,1;3910,3,1,-1,1;3948,1,1,-1,0;3968,2,1,-1,2;3987,3,1,-1,0;4006,0,1,-1,3;4006,3,1,-1,3;4045,0,1,-1,3;4045,3,1,-1,3;4084,1,1,-1,3;4084,2,1,-1,3;4123,1,1,-1,3;4123,2,1,-1,3;4142,0,1,-1,0;4161,1,1,-1,2;4181,2,1,-1,0;4219,1,1,-1,1;4219,2,1,-1,1;4258,0,1,-1,0;4277,3,1,-1,2;4297,2,1,-1,0;4316,1,1,-1,2;4355,0,1,-1,2;4374,1,1,-1,0;4394,2,1,-1,2;4432,3,1,-1,2;4452,0,1,-1,0;4490,0,1,-1,1;4490,1,1,-1,1;4529,2,1,-1,1;4529,3,1,-1,1;4548,3,1,-1,2;4587,0,1,-1,2;4606,2,1,-1,0;4626,1,1,-1,2;4645,3,1,-1,0;4665,1,1,-1,2;4684,2,1,-1,0;4703,0,1,-1,2;4742,3,1,-1,2;4761,0,1,-1,1;4761,3,1,-1,1;4781,1,1,-1,2;4819,3,1,-1,2;4858,0,1,-1,3;4858,3,1,-1,3;4897,0,1,-1,2;4916,1,1,-1,0;4935,2,1,-1,2;4955,3,1,-1,0;4974,0,1,-1,2;4994,2,1,-1,0;5013,1,1,-1,2;5052,3,1,-1,2;5071,1,1,-1,0;5110,1,1,-1,1;5110,2,1,-1,1;5148,1,1,-1,1;5148,2,1,-1,1;5187,0,1,-1,1;5187,3,1,-1,1;5226,0,1,-1,1;5226,3,1,-1,1;5265,1,1,-1,1;5265,2,1,-1,1;5303,0,1,-1,1;5303,3,1,-1,1;5342,1,1,-1,1;5342,2,1,-1,1;5381,0,1,-1,1;5381,3,1,-1,1;5400,1,1,-1,2;5419,2,1,-1,0;5458,3,1,-1,0;5497,0,1,-1,1;5497,2,1,-1,1;5535,1,1,-1,1;5535,3,1,-1,1;5574,2,1,-1,0;5613,0,1,-1,1;5613,3,1,-1,1;5652,0,1,-1,0;5671,3,1,-1,2;5690,1,1,-1,0;5710,3,1,-1,2;5729,0,1,-1,0;5748,3,1,-1,2;5768,2,1,-1,0;5806,3,1,-1,0;5826,0,1,-1,2;5845,1,1,-1,0;5884,3,1,-1,0;5903,1,1,-1,2;5923,0,1,-1,0;5961,3,1,-1,0;5981,1,1,-1,2;6000,0,1,-1,0;6039,0,1,-1,0;6058,1,1,-1,2;6077,3,1,-1,0;6097,2,1,-1,2;6116,0,1,-1,0;6135,2,1,-1,2;6155,3,1,-1,0;6174,1,1,-1,2;6194,0,2,1,0;6348,1,1,-1,1;6348,2,1,-1,1;6387,0,1,-1,1;6387,3,1,-1,1;6426,0,1,-1,0;6445,3,1,-1,2;6465,1,1,-1,0;6484,2,1,-1,2;6523,0,1,-1,3;6523,3,1,-1,3;6561,0,1,-1,3;6561,3,1,-1,3;6600,0,1,-1,3;6600,3,1,-1,3;6619,1,1,-1,0;6639,3,1,-1,2;6658,2,1,-1,0;6697,1,1,-1,0;6735,2,1,-1,0;6755,3,1,-1,2;6774,1,1,-1,0;6794,2,1,-1,2;6832,2,1,-1,2;6852,0,1,-1,0;6871,0,1,-1,2;6910,1,1,-1,2;6929,2,1,-1,0;6968,0,1,-1,1;6968,3,1,-1,1;7006,0,1,-1,1;7006,3,1,-1,1;7045,1,1,-1,0;7065,2,1,-1,2;7084,0,1,-1,0;7103,2,1,-1,2;7123,1,1,-1,0;7161,1,1,-1,0;7181,3,1,-1,2;7219,0,1,-1,2;7239,3,1,-1,0;7258,2,1,-1,2;7297,3,1,-1,2;7335,0,1,-1,2;7374,0,1,-1,3;7374,3,1,-1,3;7413,0,1,-1,3;7413,3,1,-1,3;7432,1,1,-1,0;7452,0,1,-1,2;7471,1,1,-1,0;7490,2,1,-1,2;7510,3,1,-1,0;7529,2,1,-1,2;7548,3,1,-1,0;7568,1,1,-1,2;7587,2,1,-1,0;7626,2,1,-1,0;7665,0,1,-1,0;7684,3,1,-1,2;7703,0,1,-1,0;7723,3,1,-1,2;7761,1,1,-1,2;7800,2,1,-1,3;7800,3,1,-1,3;7839,0,1,-1,2;7858,3,1,-1,0;7877,1,1,-1,2;7897,2,1,-1,0;7935,0,1,-1,1;7935,3,1,-1,1;7974,1,1,-1,0;7994,3,1,-1,2;8013,2,1,-1,0;8032,3,1,-1,2;8071,0,1,-1,2;8090,3,1,-1,0;8110,2,1,-1,2;8148,3,1,-1,2;8168,0,1,-1,0;8187,2,1,-1,2;8206,1,1,-1,1;8206,2,1,-1,1;8245,0,1,-1,1;8245,3,1,-1,1;8284,0,1,-1,0;8303,1,1,-1,2;8323,2,1,-1,0;8342,3,1,-1,2;8361,1,1,-1,0;8381,0,1,-1,2;8400,1,1,-1,0;8419,2,1,-1,2;8458,0,1,-1,2;8477,1,1,-1,0;8497,3,1,-1,2;8535,1,1,-1,2;8574,0,1,-1,2;8613,1,1,-1,2;8632,2,1,-1,0;8652,3,1,-1,2;8671,0,1,-1,0;8690,1,1,-1,2;8710,2,1,-1,0;8729,3,1,-1,2;8768,0,1,-1,2;8787,3,1,-1,0;8806,2,1,-1,2;8826,1,1,-1,0;8845,0,1,-1,2;8865,1,1,-1,0;8884,2,1,-1,2;8903,3,1,-1,0;8923,2,1,-1,2;8942,1,1,-1,0;8981,2,1,-1,0;9000,3,1,-1,2;9019,2,1,-1,0;9039,1,1,-1,2;9058,0,1,-1,0;9077,1,1,-1,2;9097,3,1,-1,0;9135,1,1,-1,0;9155,0,1,-1,2;9174,1,1,-1,0;9213,2,1,-1,0;9232,3,1,-1,2;9252,2,1,-1,0;9290,3,1,-1,0;9310,0,1,-1,2;9329,2,1,-1,0;9348,1,1,-1,2","h":"1,0,6194,6310"}