{"v":1,"fmt":"sldr-chart-v1","id":"dive-to-the-night","d":"Medium","m":8,"du":95.61,"tr":253,"ch":58,"mx":2,"of":43,"sr":[0.542133,0.5,0.229249,0.019293,0.138264],"n":"465,2,1,-1,0;503,2,1,-1,0;542,1,1,-1,0;581,1,1,-1,0;619,0,1,-1,1;619,3,1,-1,1;658,1,1,-1,1;658,2,1,-1,1;697,0,1,-1,1;697,3,1,-1,1;735,1,1,-1,1;735,2,1,-1,1;774,2,1,-1,0;813,2,1,-1,0;852,0,1,-1,0;871,3,1,-1,2;890,1,1,-1,0;929,2,1,-1,0;968,2,1,-1,0;1006,0,1,-1,0;1026,3,1,-1,2;1045,2,1,-1,0;1065,0,2,1,2;1239,1,1,-1,0;1277,3,1,-1,0;1316,0,1,-1,0;1355,0,1,-1,1;1355,3,1,-1,1;1394,3,1,-1,0;1432,3,1,-1,0;1471,0,1,-1,0;1510,0,1,-1,1;1510,3,1,-1,1;1548,3,1,-1,0;1587,1,1,-1,0;1626,0,1,-1,0;1665,0,1,-1,1;1665,3,1,-1,1;1703,2,1,-1,0;1742,2,1,-1,0;1781,1,1,-1,0;1819,1,1,-1,1;1819,2,1,-1,1;1858,0,1,-1,0;1897,1,1,-1,0;1935,3,1,-1,0;1974,0,1,-1,1;1974,3,1,-1,1;2013,3,1,-1,0;2052,0,1,-1,0;2090,3,1,-1,0;2110,0,1,-1,2;2129,1,1,-1,0;2168,0,1,-1,0;2206,3,1,-1,0;2245,0,1,-1,0;2284,0,1,-1,1;2284,3,1,-1,1;2323,0,1,-1,0;2361,3,1,-1,0;2400,0,1,-1,0;2419,3,1,-1,2;2439,1,1,-1,0;2477,3,1,-1,0;2516,0,1,-1,0;2555,3,1,-1,0;2594,0,1,-1,1;2594,3,1,-1,1;2632,3,1,-1,0;2671,0,1,-1,1;2671,1,1,-1,1;2710,0,1,-1,0;2729,1,1,-1,2;2748,3,1,-1,0;2787,3,1,-1,0;2826,1,1,-1,1;2826,3,1,-1,1;2865,3,1,-1,0;2884,1,1,-1,2;2903,0,1,-1,0;2942,0,1,-1,0;2981,2,1,-1,0;3019,3,1,-1,0;3058,0,1,-1,1;3058,3,1,-1,1;3097,3,1,-1,0;3135,2,1,-1,0;3174,0,1,-1,0;3213,0,1,-1,1;3213,3,1,-1,1;3252,2,1,-1,0;3290,0,1,-1,1;3290,3,1,-1,1;3329,2,1,-1,0;3348,3,1,-1,2;3368,1,1,-1,0;3406,2,1,-1,0;3445,0,1,-1,1;3445,3,1,-1,1;3484,2,1,-1,0;3503,0,1,-1,2;3523,1,1,-1,0;3561,0,1,-1,1;3561,3,1,-1,1;3600,2,1,-1,0;3619,1,1,-1,2;3658,0,1,-1,2;3677,3,1,-1,0;3735,0,1,-1,3;3735,3,1,-1,3;3774,1,1,-1,3;3774,2,1,-1,3;3813,0,1,-1,2;3832,3,1,-1,0;3871,2,1,-1,0;3910,1,1,-1,0;3948,2,1,-1,0;3987,1,1,-1,0;4026,0,1,-1,0;4065,3,1,-1,0;4103,0,1,-1,0;4142,3,1,-1,0;4181,1,1,-1,1;4181,3,1,-1,1;4219,0,1,-1,1;4219,2,1,-1,1;4258,1,1,-1,1;4258,3,1,-1,1;4297,0,1,-1,1;4297,2,1,-1,1;4335,2,1,-1,1;4335,3,1,-1,1;4374,0,1,-1,1;4374,1,1,-1,1;4413,2,1,-1,1;4413,3,1,-1,1;4452,0,1,-1,1;4452,1,1,-1,1;4490,3,1,-1,0;4529,0,1,-1,0;4568,3,1,-1,0;4587,0,1,-1,2;4606,1,1,-1,0;4645,0,1,-1,0;4684,3,1,-1,0;4723,0,1,-1,0;4742,3,1,-1,2;4761,1,1,-1,0;4800,2,1,-1,0;4839,0,1,-1,0;4877,2,1,-1,0;4897,0,1,-1,2;4916,1,1,-1,0;4955,2,1,-1,0;4994,2,1,-1,0;5013,1,1,-1,2;5052,0,1,-1,2;5071,3,1,-1,0;5110,0,1,-1,0;5148,1,1,-1,0;5187,3,1,-1,0;5226,1,1,-1,0;5265,0,1,-1,0;5303,1,1,-1,0;5342,3,1,-1,0;5381,0,1,-1,1;5381,3,1,-1,1;5419,3,1,-1,0;5458,0,1,-1,0;5497,2,1,-1,0;5535,0,1,-1,0;5574,1,1,-1,0;5613,2,1,-1,0;5652,3,1,-1,0;5690,0,1,-1,1;5690,3,1,-1,1;5729,3,1,-1,0;5768,0,1,-1,0;5806,2,1,-1,1;5806,3,1,-1,1;5845,0,1,-1,1;5845,2,1,-1,1;5884,3,1,-1,0;5923,0,1,-1,1;5923,1,1,-1,1;5961,0,1,-1,0;6000,1,1,-1,1;6000,3,1,-1,1;6039,0,1,-1,1;6039,3,1,-1,1;6077,1,1,-1,1;6077,2,1,-1,1;6116,0,1,-1,1;6116,3,1,-1,1;6155,1,1,-1,1;6155,2,1,-1,1;6194,0,2,2,1;6194,3,2,3,1;6310,0,1,-1,1;6310,3,1,-1,1;6348,1,1,-1,1;6348,2,1,-1,1;6387,0,1,-1,1;6387,3,1,-1,1;6426,1,1,-1,0;6445,0,1,-1,2;6465,3,1,-1,0;6503,1,1,-1,1;6503,2,1,-1,1;6542,0,1,-1,1;6542,3,1,-1,1;6581,2,1,-1,0;6600,1,1,-1,2;6619,0,1,-1,0;6658,2,1,-1,0;6697,1,1,-1,0;6735,3,1,-1,0;6774,0,1,-1,0;6813,3,1,-1,0;6832,0,1,-1,2;6852,2,1,-1,0;6871,1,1,-1,2;6910,2,1,-1,2;6929,1,1,-1,0;6968,2,1,-1,0;7006,2,1,-1,0;7045,1,1,-1,0;7084,0,1,-1,1;7084,3,1,-1,1;7123,1,1,-1,0;7161,1,1,-1,0;7200,2,1,-1,0;7239,0,1,-1,1;7239,3,1,-1,1;7277,2,1,-1,0;7297,3,1,-1,2;7316,2,1,-1,0;7355,1,1,-1,0;7374,0,1,-1,2;7394,1,1,-1,0;7432,0,2,4,0;7548,0,1,-1,1;7548,3,1,-1,1;7587,1,1,-1,1;7587,2,1,-1,1;7626,1,1,-1,1;7626,2,1,-1,1;7665,3,1,-1,0;7684,0,1,-1,2;7703,2,1,-1,0;7742,0,1,-1,1;7742,3,1,-1,1;7781,0,1,-1,1;7781,3,1,-1,1;7819,2,1,-1,0;7839,1,1,-1,2;7858,3,1,-1,0;7897,1,1,-1,0;7935,3,1,-1,0;7974,0,1,-1,0;8013,2,1,-1,0;8052,1,1,-1,0;8071,3,1,-1,2;8090,0,1,-1,0;8110,2,1,-1,2;8148,1,1,-1,2;8168,2,1,-1,0;8206,2,1,-1,0;8245,1,1,-1,0;8284,3,1,-1,0;8303,0,1,-1,2;8323,1,1,-1,0;8361,2,1,-1,0;8400,1,1,-1,0;8439,0,1,-1,0;8458,3,1,-1,2;8477,1,1,-1,0;8516,2,1,-1,0;8535,0,1,-1,2;8555,1,1,-1,0;8594,2,1,-1,0;8613,3,1,-1,2;8632,1,1,-1,0;8671,2,1,-1,0;8690,1,1,-1,2;8710,3,1,-1,0;8729,0,1,-1,2;8748,1,1,-1,0;8768,0,1,-1,2;8787,2,1,-1,0;8806,1,1,-1,2;8826,3,1,-1,0;8865,1,1,-1,1;8865,3,1,-1,1;8903,0,1,-1,0;8942,0,1,-1,1;8942,1,1,-1,1;8981,0,1,-1,1;8981,3,1,-1,1;9019,1,1,-1,1;9019,2,1,-1,1;9058,0,1,-1,1;9058,3,1,-1,1;9097,1,1,-1,1;9097,2,1,-1,1;9135,0,2,5,1;9135,3,2,6,1;9290,0,1,-1,0;9310,3,1,-1,2;9329,2,1,-1,0;9348,0,1,-1,2","h":"1,0,1065,1200;2,0,6194,6271;3,3,6194,6271;4,0,7432,7510;5,0,9135,9252;6,3,9135,9252"}